name,email,gender,age,course,other_course,branch,year,cgpa,backlogs
Kimberly Powell,zjuarez@petersen-hughes.com,Female,18,BCA,,IT,Completed,5.55,3+
Troy Erickson,bromero@watson.net,Male,25,B.Tech,,Electrical,3rd Year,5.67,2
Kathy White,james99@hotmail.com,Female,20,B.Sc,,CSE,4th Year,9.2,1
Harold Obrien,gonzalezjames@romero-flores.info,Female,25,Other,Ceramics designer,CSE,2nd Year,6.71,3+
Ariel Davis,wrightcraig@yahoo.com,Female,19,BCA,,ECE,4th Year,6.4,
John Roberts,nhendricks@yahoo.com,Female,23,B.E,,ECE,1st Year,9.66,1
Cindy Holland,houstonmary@mcdonald.com,Other,21,M.Sc,,Civil,1st Year,6.1,3+
Monique Burns,tammystephens@hotmail.com,Male,25,B.Sc,,CSE,2nd Year,9.3,2
Daniel Clay,shawnmiles@hotmail.com,Female,20,M.Tech,,ECE,4th Year,5.4,2
Tammy Jackson,mercedescollins@taylor.biz,Other,21,M.Sc,,CSE,1st Year,7.53,3+
Lindsay Liu,gregoryspence@yahoo.com,Male,21,BCA,,Mechanical,Completed,9.2,
Emma Robinson,tgonzalez@gregory.net,Female,19,B.E,,Civil,2nd Year,8.74,
Ashley Livingston,johnsonaudrey@pierce.org,Other,27,MCA,,IT,2nd Year,5.62,2
Eric Jones,roycarter@gmail.com,Other,29,MCA,,Mechanical,2nd Year,8.28,1
Nancy Gillespie,john47@allen-santana.info,Female,20,Other,"Surveyor, building",Civil,3rd Year,8.67,
Alexander Lewis,ricardoford@hotmail.com,Male,20,BCA,,Civil,2nd Year,7.2,
Katrina Stephens,vatkins@hotmail.com,Male,27,B.Tech,,CSE,3rd Year,9.76,3+
Dalton Potts,kelly62@yahoo.com,Male,20,B.Sc,,CSE,1st Year,5.93,3+
Kevin Hampton,michael96@johnson-li.info,Other,28,B.Sc,,Mechanical,Completed,6.18,1
Michael Sanchez,michael64@davis-hoffman.com,Female,19,B.Tech,,Civil,1st Year,9.24,3+
Steven Miranda,matthewponce@hotmail.com,Other,21,B.E,,Electrical,3rd Year,6.22,3+
Jordan Miller,ckirk@gmail.com,Male,19,B.Sc,,Mechanical,4th Year,8.81,1
Ryan Roach,fmiller@butler-williams.org,Female,27,B.Tech,,CSE,Completed,5.81,
Lisa Zhang,kerri90@trevino.com,Female,22,Other,Politician's assistant,IT,1st Year,7.3,
William Kane,larry24@gmail.com,Other,20,M.Tech,,Civil,3rd Year,6.41,2
Linda Stevens,thompsondanielle@hotmail.com,Other,23,B.Sc,,ECE,3rd Year,9.7,2
Nicole Johnson,qnewton@hotmail.com,Male,30,Other,Press sub,IT,2nd Year,7.24,
Jason Ayala,kim99@huynh-jacobs.com,Female,21,B.Sc,,Mechanical,4th Year,5.23,1
Debra Henry,cathy63@zamora.net,Male,24,B.Sc,,IT,1st Year,8.15,
Dana Robinson,leedrake@gilbert-keith.com,Other,22,M.Tech,,ECE,3rd Year,8.1,
Adrian Ward,carol53@hotmail.com,Male,21,B.Tech,,ECE,4th Year,5.54,
Shelby Mendoza,ianowens@anderson.org,Male,21,MCA,,CSE,3rd Year,7.7,1
Brittany Roberts,jacksonmary@odonnell-ferguson.com,Female,20,Other,Retail banker,ECE,3rd Year,9.45,
James Acevedo,kroman@holden.biz,Female,28,MCA,,Mechanical,2nd Year,8.41,2
Robert Goodwin,billyfritz@gmail.com,Female,19,B.Tech,,Mechanical,2nd Year,5.68,2
Jeffery Lane,ashley72@yahoo.com,Female,22,B.E,,Electrical,Completed,9.02,2
Elizabeth Hunter,susanclark@reyes.com,Male,18,M.Tech,,ECE,Completed,6.17,3+
Michael Hester,cwilliams@hotmail.com,Other,19,Other,Structural engineer,ECE,2nd Year,7.7,1
Erica Brooks,kyle93@gomez.net,Other,21,B.Tech,,CSE,4th Year,8.59,3+
Courtney Grant,amoore@bell.net,Female,26,M.Sc,,CSE,2nd Year,8.57,3+
Elizabeth Ryan,chuerta@gordon.com,Female,21,B.Tech,,Electrical,1st Year,8.77,1
Debra Vasquez,newmanjason@gmail.com,Other,26,M.Tech,,IT,3rd Year,6.91,1
Danielle Walker,dustinperez@gmail.com,Male,26,M.Tech,,Civil,4th Year,8.35,3+
Sarah Daniel,carrjennifer@yahoo.com,Other,21,B.Tech,,CSE,1st Year,8.61,2
Carrie Bishop,zolsen@gaines.com,Female,26,B.Sc,,CSE,1st Year,7.44,3+
Jacob Anderson,julielewis@ferguson.com,Female,18,BCA,,CSE,2nd Year,6.57,3+
Heather Farmer,destinyburgess@morgan.info,Male,19,B.E,,ECE,1st Year,7.79,3+
Shari Garcia,dustin21@yahoo.com,Other,30,MCA,,Electrical,3rd Year,9.92,3+
Sara Chaney,jonesjennifer@gmail.com,Female,23,M.Tech,,Civil,3rd Year,7.83,3+
Jessica Cummings,erinhoward@cook.com,Female,21,B.E,,Electrical,4th Year,5.4,3+
Sara Chaney,jonesjennifer@gmail.com,Female,23,M.Tech,,Civil,3rd Year,7.83,3+
Angelica Henry,kendrapotter@maynard.com,Male,28,BCA,,ECE,4th Year,9.98,
Samuel Gilmore,erin65@hotmail.com,Other,18,M.Tech,,CSE,1st Year,5.41,1
Anthony Reese,kevin99@anthony-berry.com,Male,25,B.E,,Electrical,4th Year,5.83,3+
Jerry Barnes,debbie05@cook.com,Male,18,MCA,,Civil,3rd Year,7.38,
Frank Douglas,autumn17@wells.info,Male,29,Other,Conference centre manager,Civil,3rd Year,8.25,1
Brian Johnson,michaelmaddox@brennan.com,Male,23,Other,General practice doctor,IT,2nd Year,7.38,3+
Michael Sanchez,michael64@davis-hoffman.com,Female,19,B.Tech,,Civil,1st Year,9.24,3+
Joshua Soto,lorismith@hotmail.com,Male,21,M.Tech,,ECE,4th Year,8.95,3+
Kristina Hart,kristabishop@willis.com,Female,30,BCA,,Civil,4th Year,7.97,1
William Wall,johnstonsarah@yahoo.com,Female,18,B.Sc,,CSE,3rd Year,8.25,3+
Monique Burns,tammystephens@hotmail.com,Male,25,B.Sc,,CSE,2nd Year,9.3,2
Karen Hamilton,bfleming@kirby.com,Male,21,M.Tech,,ECE,Completed,9.14,
Elizabeth Harris,dmadden@garner-taylor.com,Other,21,B.Sc,,IT,2nd Year,8.44,3+
Christopher Blair,kleincameron@hotmail.com,Female,23,B.Sc,,CSE,2nd Year,9.76,
Victoria Sanders,ncook@yahoo.com,Other,20,B.E,,Mechanical,Completed,8.67,
Chris Myers,donna53@hotmail.com,Female,30,B.Tech,,CSE,4th Year,5.32,
Christina Jackson,johnanderson@gmail.com,Male,18,M.Sc,,Civil,2nd Year,9.71,
Scott Grimes,sherriturner@hotmail.com,Other,20,Other,Metallurgist,CSE,2nd Year,7.51,
Carlos Baker,ramirezdaniel@parker-duke.com,Female,30,MCA,,Civil,1st Year,7.79,
Michael Pacheco,markrodriguez@simmons-skinner.info,Male,18,B.E,,Electrical,3rd Year,6.77,2
Lance Graham,david92@yahoo.com,Other,28,Other,Dance movement psychotherapist,ECE,4th Year,6.83,2
Keith Payne,vyoung@white.com,Other,25,Other,Marine scientist,IT,4th Year,8.7,
Wyatt Coleman,sroberts@cummings-taylor.com,Female,20,B.Sc,,Civil,3rd Year,6.52,
Deborah Thompson DDS,jacksonheather@forbes-stone.com,Female,30,Other,Warden/ranger,Electrical,4th Year,6.51,1
James Jackson,whendrix@yahoo.com,Female,21,M.Sc,,ECE,1st Year,9.58,1
Russell Lowe,keithwilliams@duncan.com,Male,26,Other,Regulatory affairs officer,Mechanical,Completed,5.69,
Dana Robinson,leedrake@gilbert-keith.com,Other,22,M.Tech,,ECE,3rd Year,8.1,
Richard Gutierrez,calebsmith@hotmail.com,Other,23,M.Tech,,Civil,1st Year,9.99,
Erica Strong,maxwellcassandra@yahoo.com,Male,27,MCA,,Mechanical,3rd Year,5.81,1
Teresa Le,katherine43@austin.biz,Other,26,M.Tech,,Electrical,4th Year,6.65,
Bobby Howell,kimashlee@matthews.info,Male,26,M.Tech,,CSE,1st Year,5.08,3+
Dawn Kim,brendastewart@yahoo.com,Other,24,M.Tech,,Electrical,2nd Year,9.84,2
Sandra Castro,johnhardin@espinoza.com,Other,23,B.E,,CSE,3rd Year,9.32,1
Mr. Kyle Lewis,paulgreen@hotmail.com,Male,28,B.Tech,,CSE,Completed,7.83,
Kevin Ho,ernestbailey@gmail.com,Male,24,M.Tech,,CSE,1st Year,7.86,2
Brian Gutierrez,walterbarnes@dickson.info,Female,23,M.Sc,,CSE,1st Year,5.59,
Marissa Flores,bradleylinda@gmail.com,Male,19,MCA,,Mechanical,Completed,5.25,
Dalton Potts,kelly62@yahoo.com,Male,20,B.Sc,,CSE,1st Year,5.93,3+
Victoria Sanders,ncook@yahoo.com,Other,20,B.E,,Mechanical,Completed,8.67,
Taylor Ross,brian56@barber.com,Female,21,BCA,,ECE,4th Year,6.11,1
Kathleen Leonard,frenchjames@yahoo.com,Other,23,B.Tech,,Mechanical,2nd Year,8.02,1
Jennifer Mason,ashley82@yahoo.com,Other,19,BCA,,IT,3rd Year,7.74,
Bryan King,sara20@gmail.com,Other,30,Other,Special educational needs teacher,Mechanical,2nd Year,6.47,1
Andrew Munoz,cholloway@harrison-villarreal.org,Male,28,B.Tech,,CSE,4th Year,6.65,
Elizabeth Thomas,laurajones@hotmail.com,Other,29,Other,Insurance claims handler,Electrical,3rd Year,5.79,1
Jennifer Glass,james72@gmail.com,Male,22,BCA,,Mechanical,4th Year,9.1,
David Whitaker,timothykelley@hotmail.com,Female,19,M.Tech,,Civil,2nd Year,9.38,
Brandon Murphy,emily00@yahoo.com,Male,24,M.Tech,,Civil,Completed,9.03,1
Carmen Owen,kaitlynwebb@baker-flowers.com,Female,25,M.Tech,,CSE,4th Year,7.83,
Omar Greer,powellashley@hill.biz,Male,21,M.Tech,,ECE,1st Year,9.55,3+
Nicole Sharp,omiranda@rush.com,Other,24,BCA,,Mechanical,2nd Year,9.78,1
Teresa Kemp,athompson@reynolds.com,Male,28,MCA,,IT,2nd Year,9.0,3+
Sara Chaney,jonesjennifer@gmail.com,Female,23,M.Tech,,Civil,3rd Year,7.83,3+
Christopher Johnson,ostewart@hotmail.com,Female,18,MCA,,Civil,4th Year,7.79,2
Robert West,meganmassey@yahoo.com,Other,27,M.Tech,,Mechanical,4th Year,7.76,1
Sherry Clark,fjackson@hotmail.com,Male,23,BCA,,ECE,3rd Year,9.58,
Bryan Peterson,hfrench@yahoo.com,Female,26,M.Tech,,Electrical,Completed,7.48,3+
Harold Obrien,gonzalezjames@romero-flores.info,Female,25,Other,Ceramics designer,CSE,2nd Year,6.71,3+
Barbara Holmes,alexis16@gmail.com,Female,20,Other,Barrister's clerk,Mechanical,Completed,5.92,1
David Myers,sydneygonzalez@gmail.com,Female,26,Other,Nature conservation officer,IT,1st Year,6.31,3+
Kimberly Pace,kimberly34@yahoo.com,Female,20,B.E,,CSE,2nd Year,5.15,1
George Gilbert,boydmark@gmail.com,Female,22,B.Tech,,CSE,1st Year,5.84,2
Jessica Allen,martinluna@hall-jacobs.biz,Other,27,Other,Civil Service administrator,CSE,3rd Year,7.29,3+
Victor Mcmahon,omorgan@yahoo.com,Other,25,B.Tech,,ECE,1st Year,9.05,3+
Christopher Cochran,walshheather@rodriguez-martin.com,Female,25,B.Tech,,Civil,1st Year,8.96,2
Michael Obrien,christianwilliams@wade.com,Other,19,MCA,,IT,1st Year,6.3,3+
Brendan Bush,llong@yahoo.com,Other,20,BCA,,Civil,2nd Year,6.01,3+
Lori Hill,wilsonsara@hotmail.com,Male,24,B.E,,CSE,2nd Year,9.56,1
Bradley Anthony,timothy42@hammond.biz,Female,21,B.Tech,,ECE,2nd Year,5.71,2
James Davenport,dwarren@yahoo.com,Other,19,BCA,,CSE,Completed,5.99,2
Christine Cain,pattontimothy@gmail.com,Other,25,Other,Hospital doctor,Electrical,1st Year,7.83,2
Vernon Ochoa,tracyjackson@gmail.com,Other,26,B.Tech,,IT,2nd Year,7.79,
Timothy Medina,xroth@gmail.com,Male,29,BCA,,IT,3rd Year,8.69,
Maria Schneider,laurahoward@barry-estrada.info,Male,28,BCA,,ECE,2nd Year,8.1,1
Rachel Smith,alyssaholland@yahoo.com,Female,22,MCA,,Civil,4th Year,5.11,
Michele Conway,hardychristina@gmail.com,Male,22,B.Sc,,Civil,1st Year,8.63,
Pamela Long,richard79@esparza.com,Female,23,BCA,,IT,Completed,5.73,2
Lisa Davis,mistyanderson@sanders.com,Female,21,M.Tech,,CSE,1st Year,5.39,2
Mary Roberts,harrischristian@hotmail.com,Other,21,B.Sc,,Mechanical,3rd Year,8.88,2
Glenn Smith,adavis@hotmail.com,Female,27,B.E,,Mechanical,Completed,5.55,
Dr. Matthew Henderson,jeffreymorgan@alexander-roberts.com,Male,28,MCA,,Mechanical,1st Year,5.97,2
Bradley Colon,owensrachel@hotmail.com,Male,18,BCA,,IT,1st Year,6.03,2
Michael Hester,cwilliams@hotmail.com,Other,19,Other,Structural engineer,ECE,2nd Year,7.7,1
Alexander Williams,padillamorgan@gmail.com,Male,22,M.Tech,,IT,3rd Year,5.11,
Brittany Cooper,kevinsmith@burnett-bishop.com,Other,25,M.Tech,,Mechanical,2nd Year,5.2,2
Lisa Zhang,kerri90@trevino.com,Female,22,Other,Politician's assistant,IT,1st Year,7.3,
Heidi Fisher,vincentcruz@dudley-jenkins.net,Female,23,Other,Theatre stage manager,CSE,1st Year,6.96,
Chad Thomas,huntjessica@spencer.com,Other,18,B.E,,Civil,Completed,5.21,3+
Micheal Mcguire,dlawson@hotmail.com,Male,29,B.E,,Civil,1st Year,6.86,3+
Dustin Jones,kathleen27@gmail.com,Other,22,M.Tech,,ECE,Completed,8.8,2
Edward Smith,kelsey08@gmail.com,Female,25,B.E,,Electrical,1st Year,9.8,2
Jeremy Mcgee,haydennorton@yahoo.com,Male,21,M.Sc,,Mechanical,2nd Year,6.42,2
Holly Young,xmiller@yahoo.com,Male,28,M.Sc,,CSE,1st Year,6.61,1
William Mcgee,jill58@lowery-mcdowell.net,Female,26,M.Sc,,ECE,4th Year,6.4,3+
Joseph Pierce,savannah49@gmail.com,Female,26,BCA,,ECE,1st Year,7.17,3+
Heather Tapia,april02@hartman.com,Male,26,B.E,,Electrical,2nd Year,5.97,2
Elizabeth Arnold,nrice@woods-morris.info,Female,30,B.Tech,,IT,3rd Year,6.15,
Stephen Wade,nmoreno@carlson.com,Other,27,B.Tech,,ECE,4th Year,9.64,1
Cody Bowman,coleflores@brooks-hall.com,Other,18,B.Tech,,ECE,4th Year,9.99,3+
Henry Murphy,todd88@lowe.org,Female,30,BCA,,IT,3rd Year,6.09,1
Carlos Bell,tanyaalvarado@yahoo.com,Other,29,B.E,,ECE,3rd Year,6.59,
Lisa Davis,mistyanderson@sanders.com,Female,21,M.Tech,,CSE,1st Year,5.39,2
Heather Ross,grahamkyle@yahoo.com,Male,24,B.Tech,,Civil,1st Year,6.26,
Thomas Winters,lnelson@yahoo.com,Other,26,B.Sc,,Electrical,2nd Year,6.78,1
Heather Cruz,vangmonique@jones.info,Male,19,B.E,,Electrical,1st Year,5.26,1
David Smith,dwolfe@henderson.com,Male,22,Other,"Exhibitions officer, museum/gallery",Civil,2nd Year,5.46,
Savannah Howard,dphelps@yahoo.com,Female,20,B.Tech,,Mechanical,Completed,6.88,2
Jonathan Alexander,duncantim@hotmail.com,Male,24,MCA,,Electrical,4th Year,7.46,2
Mark Robinson,svance@gmail.com,Female,21,B.E,,IT,3rd Year,6.03,2
Ruben Bell,rlewis@yahoo.com,Male,22,B.E,,CSE,Completed,9.13,1
Joseph Ramirez,yoderlarry@tran.com,Male,25,M.Tech,,IT,1st Year,9.03,2
Amy Ingram,hartgerald@scott-murray.biz,Other,23,Other,International aid/development worker,IT,1st Year,6.67,2
Paula Burns,samuelfowler@hotmail.com,Male,21,MCA,,Civil,2nd Year,5.33,
Jamie Reese,jessicadickson@perez-rodriguez.com,Male,25,BCA,,Civil,1st Year,8.86,2
Tracy Allen,ylopez@mcintyre.info,Male,25,B.Tech,,CSE,3rd Year,7.01,
John Curry,thomasscott@silva-bowen.com,Other,25,MCA,,IT,1st Year,9.59,
Troy Jimenez,ashley17@myers.com,Other,21,Other,Psychiatrist,CSE,Completed,6.48,3+
Dalton Potts,kelly62@yahoo.com,Male,20,B.Sc,,CSE,1st Year,5.93,3+
Charles Johnson,nmora@short-hernandez.com,Male,29,M.Tech,,Mechanical,3rd Year,8.18,1
Joshua Bowen,williamsxavier@curtis.com,Female,19,B.E,,ECE,2nd Year,7.49,1
Wesley Barker,rodriguezeric@hotmail.com,Male,27,M.Sc,,Civil,4th Year,5.54,3+
Deborah Rivera,joselopez@bauer.info,Other,18,BCA,,Mechanical,4th Year,5.61,3+
David Bowen MD,hdavis@beard.com,Other,18,B.Tech,,Mechanical,4th Year,5.56,3+
Adam Martin,heidistanley@howell.com,Other,24,M.Sc,,IT,2nd Year,8.22,2
Dawn Kim,brendastewart@yahoo.com,Other,24,M.Tech,,Electrical,2nd Year,9.84,2
David Myers,sydneygonzalez@gmail.com,Female,26,Other,Nature conservation officer,IT,1st Year,6.31,3+
Bruce Mayo,dstevens@gmail.com,Male,29,B.Tech,,Mechanical,3rd Year,8.5,1
Pamela Harrison,hallvirginia@yahoo.com,Male,29,B.E,,Mechanical,1st Year,7.98,
Christopher Mcgee,sonya75@yahoo.com,Other,27,B.Tech,,ECE,4th Year,8.15,2
Glenn Smith,danny66@yahoo.com,Other,29,M.Tech,,ECE,Completed,9.99,1
Joseph Ramirez,yoderlarry@tran.com,Male,25,M.Tech,,IT,1st Year,9.03,2
Lindsay Anderson,michael08@gmail.com,Female,30,B.E,,Mechanical,3rd Year,6.21,2
Sandra Smith,newmancathy@gmail.com,Male,25,Other,Secretary/administrator,Civil,Completed,7.34,2
Donna Mcintyre,athomas@wright.org,Female,28,M.Tech,,IT,4th Year,6.75,2
Brian Williams,pricelaura@mckenzie.net,Male,21,M.Sc,,IT,4th Year,5.93,3+
Lisa Rivas,vlopez@yahoo.com,Other,23,M.Tech,,Civil,4th Year,7.64,
Joshua Jensen,adam66@woods-small.com,Male,22,B.E,,ECE,1st Year,5.72,
Glenn Smith,adavis@hotmail.com,Female,27,B.E,,Mechanical,Completed,5.55,
Diane Griffin,roberthall@valencia.com,Female,21,B.E,,ECE,4th Year,8.96,1
Joseph Curry,robertsharp@tyler.org,Female,26,BCA,,Civil,3rd Year,5.79,2
Michael Lee,evankim@hotmail.com,Female,25,Other,"Sales professional, IT",Electrical,1st Year,7.49,1
Chelsea Choi,twilson@acosta.com,Male,20,MCA,,CSE,Completed,5.83,1
Mark Gutierrez,aodonnell@yahoo.com,Female,30,B.Tech,,CSE,2nd Year,7.54,
Larry Bowers,lori52@gmail.com,Other,24,M.Tech,,Electrical,4th Year,6.06,3+
Sarah Rivera,charleslopez@hotmail.com,Male,23,Other,Advertising copywriter,Mechanical,1st Year,5.03,1
Justin Hudson,morganeric@cohen.org,Other,24,M.Tech,,CSE,3rd Year,9.67,3+
Lindsay Anderson,michael67@warren-vega.com,Female,23,M.Sc,,ECE,3rd Year,9.87,1
Kyle Thomas,allenbrian@yahoo.com,Male,22,BCA,,ECE,4th Year,8.89,3+
Jack Lopez,michellemoore@hotmail.com,Other,23,BCA,,Civil,1st Year,6.73,
Nathan Bowers,michaelsellers@trevino-ramirez.com,Male,18,Other,Lawyer,CSE,3rd Year,7.16,1
William Molina,randymedina@yahoo.com,Male,25,B.E,,Civil,4th Year,8.49,3+
Joshua Soto,lorismith@hotmail.com,Male,21,M.Tech,,ECE,4th Year,8.95,3+
Amy Ingram,hartgerald@scott-murray.biz,Other,23,Other,International aid/development worker,IT,1st Year,6.67,2
Carlos Bell,tanyaalvarado@yahoo.com,Other,29,B.E,,ECE,3rd Year,6.59,
Brendan Bush,llong@yahoo.com,Other,20,BCA,,Civil,2nd Year,6.01,3+
Kathy Walker,kimberly97@gmail.com,Male,21,BCA,,ECE,Completed,8.46,3+
Laurie Phillips,reginakirk@gmail.com,Other,19,M.Tech,,Electrical,4th Year,5.78,3+
Theresa Green,maldonadotroy@hill.com,Female,18,MCA,,ECE,Completed,5.35,1
Mathew Smith,grahamryan@montgomery-dawson.com,Other,26,M.Sc,,CSE,Completed,9.25,2
Dr. Chelsea Rodriguez,villanuevamatthew@levy-lawson.com,Female,28,MCA,,Electrical,1st Year,7.23,2
Samantha Francis,peggyferguson@mcdaniel-adams.org,Other,27,Other,Photographer,CSE,2nd Year,8.33,
Alexander Williams,padillamorgan@gmail.com,Male,22,M.Tech,,IT,3rd Year,5.11,
Stephanie Schmidt,james22@yahoo.com,Male,30,B.E,,ECE,1st Year,9.43,3+
Jacqueline David,meganmendoza@gmail.com,Other,28,B.Sc,,IT,4th Year,6.44,
Donna Wallace,tracychen@cardenas.com,Female,27,B.Tech,,CSE,4th Year,8.11,
Patrick Davis,kaylarobertson@hotmail.com,Other,29,Other,Herbalist,ECE,4th Year,5.61,
Amber Yates,adriana83@yahoo.com,Female,21,MCA,,CSE,1st Year,8.79,3+
Danielle Walker,dustinperez@gmail.com,Male,26,M.Tech,,Civil,4th Year,8.35,3+
Nathan Reynolds,moralesashley@yahoo.com,Male,21,Other,Merchant navy officer,ECE,1st Year,7.33,1
Paula Burns,samuelfowler@hotmail.com,Male,21,MCA,,Civil,2nd Year,5.33,
Phillip Huerta,joseph85@cruz.net,Female,19,M.Sc,,IT,3rd Year,6.51,2
Deanna Shepherd,crosszachary@hotmail.com,Male,19,BCA,,Electrical,4th Year,9.83,1
Patrick Davis,kaylarobertson@hotmail.com,Other,29,Other,Herbalist,ECE,4th Year,5.61,
Heather Ross,grahamkyle@yahoo.com,Male,24,B.Tech,,Civil,1st Year,6.26,
Frank King,philipphillips@terrell.com,Male,23,BCA,,Electrical,2nd Year,8.42,3+
Omar Greer,powellashley@hill.biz,Male,21,M.Tech,,ECE,1st Year,9.55,3+
Deborah Thompson DDS,jacksonheather@forbes-stone.com,Female,30,Other,Warden/ranger,Electrical,4th Year,6.51,1
Rebecca Ingram,ysanford@hotmail.com,Other,21,M.Tech,,IT,3rd Year,6.59,3+
Sara Chaney,jonesjennifer@gmail.com,Female,23,M.Tech,,Civil,3rd Year,7.83,3+
Ashley Livingston,johnsonaudrey@pierce.org,Other,27,MCA,,IT,2nd Year,5.62,2
Rebecca Mckinney,johncaldwell@schmitt.com,Female,25,B.Tech,,Electrical,Completed,8.59,3+
Mark Oconnor,rogersbrandon@johnson-bradley.com,Female,27,M.Tech,,Civil,3rd Year,8.5,
Tammy Henson,carlos11@yahoo.com,Female,18,B.Sc,,Civil,3rd Year,7.86,2
Mariah Glover,christina02@yahoo.com,Male,30,M.Sc,,CSE,1st Year,6.91,1
Carlos Bell,tanyaalvarado@yahoo.com,Other,29,B.E,,ECE,3rd Year,6.59,
Shari Garcia,dustin21@yahoo.com,Other,30,MCA,,Electrical,3rd Year,9.92,3+
Jonathan Lindsey,elittle@anderson-velez.com,Male,26,B.Tech,,Mechanical,2nd Year,7.54,1
Lance Murphy,ynelson@hotmail.com,Other,20,B.E,,Electrical,3rd Year,6.49,
Edward Walker,eric90@gmail.com,Male,23,M.Sc,,Electrical,4th Year,6.8,2
Eric Frost,larry35@gmail.com,Other,25,M.Tech,,ECE,Completed,7.4,1
Sara Chaney,jonesjennifer@gmail.com,Female,23,M.Tech,,Civil,3rd Year,7.83,3+
Ellen Oliver,marilyn12@randolph.com,Female,24,B.Tech,,ECE,4th Year,9.85,2
Kelly Duncan,romanelizabeth@yahoo.com,Male,26,Other,Financial manager,CSE,4th Year,6.22,1
Patricia Lewis,kristenchurch@hotmail.com,Other,19,M.Tech,,CSE,1st Year,6.41,3+
Julie Herrera,wadewendy@manning.com,Female,20,B.Sc,,CSE,1st Year,9.96,3+
Amber Arias,wanda25@phillips.com,Other,18,MCA,,Civil,2nd Year,8.38,
Logan Brown,ureyes@gmail.com,Male,19,MCA,,ECE,Completed,5.64,2
Todd Orr,gmontgomery@yahoo.com,Female,27,M.Tech,,CSE,4th Year,9.33,2
Barbara Holmes,alexis16@gmail.com,Female,20,Other,Barrister's clerk,Mechanical,Completed,5.92,1
Arthur Jackson,wcantrell@gmail.com,Female,25,MCA,,ECE,4th Year,5.46,2
Kelli Jones,alexander19@mercado.com,Female,20,Other,Chartered accountant,Civil,1st Year,8.19,
Kevin Flores,halljason@gutierrez.biz,Female,30,B.E,,Electrical,3rd Year,5.51,2
Christopher Kim,sherry76@alexander.info,Other,21,Other,Consulting civil engineer,ECE,4th Year,9.38,
Jonathan Lindsey,elittle@anderson-velez.com,Male,26,B.Tech,,Mechanical,2nd Year,7.54,1
Kristina Hart,kristabishop@willis.com,Female,30,BCA,,Civil,4th Year,7.97,1
Julia Villanueva,blopez@gmail.com,Female,29,B.Sc,,Electrical,3rd Year,5.46,1
Troy Jimenez,ashley17@myers.com,Other,21,Other,Psychiatrist,CSE,Completed,6.48,3+
Kevin Hampton,michael96@johnson-li.info,Other,28,B.Sc,,Mechanical,Completed,6.18,1
Mr. Ryan Weber,jorgeingram@montgomery-lewis.info,Male,28,M.Sc,,Electrical,1st Year,7.65,3+
Alison Hall,johnsonmatthew@brown.com,Male,18,M.Sc,,CSE,1st Year,5.97,3+
Joshua Smith,jessica64@ochoa-holmes.org,Other,28,Other,Race relations officer,IT,Completed,8.25,1
Todd Cherry,sarah93@gmail.com,Female,25,BCA,,ECE,4th Year,9.83,2
Larry Smith,molly46@mason.com,Female,26,BCA,,CSE,4th Year,7.53,2
Micheal Mcguire,dlawson@hotmail.com,Male,29,B.E,,Civil,1st Year,6.86,3+
David Lane,qmartin@yahoo.com,Female,30,Other,Radio producer,Civil,Completed,6.14,2
Andrea Gibson,johnsonjoseph@hart-hayes.net,Other,23,B.Tech,,Mechanical,3rd Year,7.83,2
Samantha Morgan,ferrellgregory@ray.com,Male,20,B.E,,Mechanical,1st Year,6.74,
Alicia Foley,kathryndavis@matthews.com,Female,23,M.Tech,,IT,1st Year,7.92,
Kellie Turner,howardjennifer@koch.com,Male,30,B.Sc,,Civil,2nd Year,6.61,3+
Chelsea Collins,thopkins@long.com,Other,25,B.Sc,,Electrical,2nd Year,5.57,3+
Kyle Thomas,allenbrian@yahoo.com,Male,22,BCA,,ECE,4th Year,8.89,3+
Laura Keller,barbara07@schroeder.com,Male,28,Other,Customer service manager,Electrical,Completed,7.37,1
Mark Blankenship,jeffreypeterson@jackson-williams.com,Other,25,B.Sc,,Mechanical,3rd Year,7.23,3+
Jonathan Smith,kristinagarza@yahoo.com,Male,18,Other,Retail banker,IT,Completed,5.17,3+
Jason Ayala,kim99@huynh-jacobs.com,Female,21,B.Sc,,Mechanical,4th Year,5.23,1
Timothy Rose,amandarivera@gmail.com,Female,29,MCA,,CSE,1st Year,9.96,1
Samantha Morgan,ferrellgregory@ray.com,Male,20,B.E,,Mechanical,1st Year,6.74,
Adam Martin,heidistanley@howell.com,Other,24,M.Sc,,IT,2nd Year,8.22,2
Susan Mccall,katherinekelly@hotmail.com,Other,25,M.Tech,,ECE,4th Year,6.62,2
Maria Gill,deborahnoble@hotmail.com,Male,27,B.Tech,,Electrical,Completed,9.3,3+
Kevin Ho,ernestbailey@gmail.com,Male,24,M.Tech,,CSE,1st Year,7.86,2
Stephanie Schmidt,james22@yahoo.com,Male,30,B.E,,ECE,1st Year,9.43,3+
Samantha Morgan,ferrellgregory@ray.com,Male,20,B.E,,Mechanical,1st Year,6.74,
Taylor Ross,brian56@barber.com,Female,21,BCA,,ECE,4th Year,6.11,1
Craig Daniels,allenmallory@yahoo.com,Male,22,M.Sc,,Civil,1st Year,9.72,2
John Hernandez,wwagner@cohen.com,Male,23,M.Sc,,Mechanical,2nd Year,9.0,3+
Jennifer Mason,ashley82@yahoo.com,Other,19,BCA,,IT,3rd Year,7.74,
Benjamin Stone,richardcooper@hotmail.com,Other,20,M.Tech,,Mechanical,1st Year,9.17,
Michael Davila DVM,mcbridepatricia@hotmail.com,Other,22,B.Tech,,CSE,2nd Year,9.73,1
Mark Williams,odelgado@taylor-colon.com,Female,26,B.E,,ECE,Completed,6.49,3+
Jonathan Lindsey,elittle@anderson-velez.com,Male,26,B.Tech,,Mechanical,2nd Year,7.54,1
Lance Murphy,ynelson@hotmail.com,Other,20,B.E,,Electrical,3rd Year,6.49,
Jeffrey Roberts,elizabeth01@hicks.com,Other,25,BCA,,ECE,4th Year,7.97,3+
David Ramirez,mphillips@johnson.com,Female,27,M.Sc,,CSE,1st Year,7.89,
Janet Thomas,michael31@gmail.com,Other,29,B.Tech,,IT,4th Year,6.02,
James Davenport,dwarren@yahoo.com,Other,19,BCA,,CSE,Completed,5.99,2
Troy Jimenez,ashley17@myers.com,Other,21,Other,Psychiatrist,CSE,Completed,6.48,3+
Carmen Owen,kaitlynwebb@baker-flowers.com,Female,25,M.Tech,,CSE,4th Year,7.83,
Todd Cherry,sarah93@gmail.com,Female,25,BCA,,ECE,4th Year,9.83,2
Todd Orr,gmontgomery@yahoo.com,Female,27,M.Tech,,CSE,4th Year,9.33,2
Andrea Coleman,triciaharris@gmail.com,Other,22,M.Tech,,Mechanical,Completed,7.21,3+
Richard Tran,ggregory@gmail.com,Other,22,B.Tech,,Electrical,2nd Year,7.7,2
David Johnson,kmullen@gmail.com,Female,25,M.Tech,,IT,1st Year,5.62,
Sharon Campbell,icooper@yahoo.com,Male,21,M.Tech,,Electrical,4th Year,5.13,3+
Sara Morgan,hsimmons@davis-montoya.com,Male,28,B.E,,Mechanical,2nd Year,9.88,1
Duane Arnold,castillorandall@griffin-duran.com,Male,25,B.E,,ECE,4th Year,5.12,3+
Thomas Chavez,jessica83@cowan-kaiser.com,Other,26,BCA,,ECE,Completed,5.49,2
Jennifer Lopez,rodriguezmatthew@lee.net,Female,27,MCA,,Mechanical,1st Year,9.94,1
Lindsay Anderson,michael08@gmail.com,Female,30,B.E,,Mechanical,3rd Year,6.21,2
Matthew Martinez,samanthalewis@gmail.com,Female,25,M.Sc,,Electrical,Completed,7.02,1
Kevin Green,bradmurphy@bishop.biz,Female,21,B.E,,Mechanical,3rd Year,5.46,3+
Jessica Jackson,carlosenglish@perez.com,Female,19,Other,Adult guidance worker,Civil,Completed,8.77,
Michele Robles,joannsmith@yahoo.com,Other,24,B.Tech,,IT,Completed,9.3,
Clayton Turner,victorgibbs@roberts.biz,Female,22,B.E,,CSE,1st Year,6.0,3+
Andre Mills,powelljason@simon.com,Female,25,Other,Biomedical scientist,ECE,3rd Year,8.63,3+
Timothy White,dcarter@smith.com,Female,19,B.E,,Mechanical,1st Year,7.93,1
James Mccarty,gbates@yahoo.com,Female,18,B.Tech,,CSE,3rd Year,7.47,
Debra Vasquez,newmanjason@gmail.com,Other,26,M.Tech,,IT,3rd Year,6.91,1
Natalie Davis,david19@yahoo.com,Male,27,B.Sc,,ECE,2nd Year,8.22,3+
Adam Beck,elarson@owens-mitchell.com,Male,25,M.Tech,,IT,Completed,5.72,2
John Reid,ajames@moore-smith.com,Female,25,B.Sc,,IT,3rd Year,5.83,3+
Heather Cruz,vangmonique@jones.info,Male,19,B.E,,Electrical,1st Year,5.26,1
Susan Murphy,brandylynch@thomas-hughes.info,Male,23,M.Tech,,Civil,3rd Year,8.13,2
Andrea Flores,shannon99@long-gonzalez.com,Other,30,MCA,,CSE,3rd Year,8.13,2
Stephanie Murphy,mitchellkaitlin@hotmail.com,Female,22,M.Sc,,IT,2nd Year,9.69,
Leslie Stanley,phillipgarcia@diaz.com,Female,20,B.E,,Civil,3rd Year,8.53,
Brianna Oliver,jon65@robinson.info,Other,24,M.Tech,,CSE,Completed,9.99,
Kara Wheeler,richardsbrandy@owens.com,Female,29,BCA,,Mechanical,3rd Year,6.03,2
Madison Walters,ronaldlittle@rodriguez.biz,Female,21,M.Tech,,CSE,1st Year,6.34,2
Maria Schneider,laurahoward@barry-estrada.info,Male,28,BCA,,ECE,2nd Year,8.1,1
Erika Gross,carlos09@hotmail.com,Female,27,M.Sc,,CSE,4th Year,8.43,3+
Brian Gutierrez,walterbarnes@dickson.info,Female,23,M.Sc,,CSE,1st Year,5.59,
Jeffrey Roberts,elizabeth01@hicks.com,Other,25,BCA,,ECE,4th Year,7.97,3+
Lance Graham,david92@yahoo.com,Other,28,Other,Dance movement psychotherapist,ECE,4th Year,6.83,2
Ashley Lutz,iwhite@yahoo.com,Female,24,B.Tech,,IT,2nd Year,6.8,
Debra Vasquez,newmanjason@gmail.com,Other,26,M.Tech,,IT,3rd Year,6.91,1
Timothy Richards,sototimothy@day-reed.com,Other,19,B.E,,Mechanical,2nd Year,5.69,1
Joe Johnson,ysmith@hotmail.com,Male,20,M.Sc,,ECE,Completed,8.13,
Sarah Rivera,charleslopez@hotmail.com,Male,23,Other,Advertising copywriter,Mechanical,1st Year,5.03,1
Joseph Serrano,charleswest@turner-cole.com,Female,20,M.Tech,,ECE,4th Year,5.77,
Paula Blair,brandon34@hotmail.com,Male,20,B.E,,CSE,1st Year,8.14,
Alicia Ayala,teresa43@gmail.com,Other,18,B.E,,Electrical,2nd Year,5.45,3+
Michael Smith,zfreeman@fields.org,Male,23,MCA,,Civil,Completed,7.72,
Shannon Sosa,gonzalezcatherine@gomez-davis.net,Other,26,M.Sc,,Mechanical,1st Year,9.79,
Rebecca Mckinney,johncaldwell@schmitt.com,Female,25,B.Tech,,Electrical,Completed,8.59,3+
Alyssa Cameron,jacksonjose@sanchez.com,Female,18,B.Tech,,IT,2nd Year,7.07,2
Lori Hill,wilsonsara@hotmail.com,Male,24,B.E,,CSE,2nd Year,9.56,1
Dalton Potts,kelly62@yahoo.com,Male,20,B.Sc,,CSE,1st Year,5.93,3+
Roberta James,schwartzmeredith@hotmail.com,Other,27,MCA,,CSE,Completed,5.27,3+
Terrence Velasquez,jjohns@ramos.com,Other,28,Other,Control and instrumentation engineer,Mechanical,4th Year,9.77,
Michelle Garcia,lambellen@rodgers-cervantes.com,Other,28,BCA,,Civil,Completed,8.07,3+
Phillip Huerta,joseph85@cruz.net,Female,19,M.Sc,,IT,3rd Year,6.51,2
Mariah Glover,christina02@yahoo.com,Male,30,M.Sc,,CSE,1st Year,6.91,1
Troy Holden,claire01@kerr.com,Male,30,BCA,,Mechanical,3rd Year,9.69,
Troy Carter PhD,charlesmichael@murray-osborne.com,Other,21,M.Tech,,ECE,Completed,5.51,3+
Jonathan Jones,zmarshall@ryan.com,Other,24,B.E,,Mechanical,2nd Year,8.91,1
Carolyn Smith,athomas@yahoo.com,Other,25,B.Tech,,Civil,Completed,7.41,3+
William Taylor,mckenziemelissa@hotmail.com,Other,20,B.Sc,,ECE,3rd Year,5.82,
Anthony Warren,amygutierrez@yahoo.com,Male,27,B.Sc,,Mechanical,2nd Year,9.37,3+
Jillian Collins,griffinjody@hotmail.com,Male,19,MCA,,Civil,2nd Year,5.62,1
Maria Schneider,laurahoward@barry-estrada.info,Male,28,BCA,,ECE,2nd Year,8.1,1
Adam Beck,elarson@owens-mitchell.com,Male,25,M.Tech,,IT,Completed,5.72,2
Lance Graham,david92@yahoo.com,Other,28,Other,Dance movement psychotherapist,ECE,4th Year,6.83,2
Mary Carter,melvin83@barnes.net,Female,23,M.Tech,,Electrical,Completed,5.01,2
Kevin Webb,kevinmcneil@miller-morton.com,Male,30,B.Sc,,Electrical,4th Year,6.55,2
Erin Hammond,emilymontgomery@hotmail.com,Female,24,B.Tech,,CSE,Completed,6.02,
Taylor Ross,brian56@barber.com,Female,21,BCA,,ECE,4th Year,6.11,1
Courtney Thompson,rebeccaclay@gmail.com,Female,30,B.Tech,,IT,4th Year,5.98,1
Maurice Cook,mturner@jones.com,Female,20,M.Sc,,ECE,2nd Year,6.59,3+
Ashley Jefferson,juliamorales@williams.info,Other,27,BCA,,Electrical,2nd Year,7.17,3+
Tina Cox,pkelly@larsen.com,Other,19,BCA,,Civil,1st Year,8.37,1
Hannah Anderson,kathrynbrown@yahoo.com,Male,18,M.Tech,,Electrical,Completed,9.21,
James Charles,christophermathis@fernandez-thompson.com,Male,29,M.Tech,,Civil,4th Year,8.16,1
Samantha Francis,peggyferguson@mcdaniel-adams.org,Other,27,Other,Photographer,CSE,2nd Year,8.33,
Robert Alexander,michael88@gmail.com,Other,23,B.Sc,,Mechanical,1st Year,9.93,1
David Lane,qmartin@yahoo.com,Female,30,Other,Radio producer,Civil,Completed,6.14,2
John Curry,thomasscott@silva-bowen.com,Other,25,MCA,,IT,1st Year,9.59,
Cynthia Hopkins,tgreen@ryan-roy.org,Male,27,M.Sc,,CSE,1st Year,5.31,2
Bryan Peterson,hfrench@yahoo.com,Female,26,M.Tech,,Electrical,Completed,7.48,3+
Tommy Montoya,ramosamanda@gmail.com,Female,29,MCA,,CSE,2nd Year,8.02,1
Michael Sanchez,michael64@davis-hoffman.com,Female,19,B.Tech,,Civil,1st Year,9.24,3+
Regina Jimenez,wpatterson@hotmail.com,Male,21,B.Sc,,ECE,1st Year,8.57,2
Brandon Roberts,marymartinez@gmail.com,Female,25,M.Sc,,ECE,1st Year,9.01,2
Mary Valenzuela,michael69@yahoo.com,Female,23,BCA,,Mechanical,Completed,7.33,1
Vanessa Parker,vargasbenjamin@davis.net,Female,22,B.Tech,,IT,Completed,5.68,3+
Daniel Tucker,william63@yahoo.com,Female,28,Other,"Nurse, adult",Civil,Completed,5.4,
Debra Peterson,weaverjason@todd-rasmussen.net,Female,21,B.Tech,,Mechanical,1st Year,5.14,1
Kelly Duncan,romanelizabeth@yahoo.com,Male,26,Other,Financial manager,CSE,4th Year,6.22,1
Edward Scott,angelaroberts@gmail.com,Female,24,M.Tech,,CSE,1st Year,6.9,2
Susan Mccall,katherinekelly@hotmail.com,Other,25,M.Tech,,ECE,4th Year,6.62,2
Elizabeth Watson,sanderson@smith.com,Other,21,MCA,,ECE,1st Year,6.93,2
Jennifer Lee,millerjeffrey@roberson.net,Female,20,Other,Petroleum engineer,Mechanical,Completed,6.88,3+
Olivia Hernandez,deborah08@hotmail.com,Other,22,BCA,,Civil,2nd Year,10.0,2
Crystal Nixon,davidconrad@yahoo.com,Other,27,MCA,,ECE,1st Year,5.65,3+
James Simpson,dwilliams@yahoo.com,Other,24,B.Tech,,ECE,4th Year,7.49,1
Ashley Jefferson,juliamorales@williams.info,Other,27,BCA,,Electrical,2nd Year,7.17,3+
Lance Cooke,vcampbell@yahoo.com,Male,25,B.E,,Electrical,Completed,8.36,
Michael Gardner,ericgriffin@robertson.net,Other,18,M.Tech,,Civil,2nd Year,7.75,3+
Mark Blankenship,jeffreypeterson@jackson-williams.com,Other,25,B.Sc,,Mechanical,3rd Year,7.23,3+
Mariah Glover,christina02@yahoo.com,Male,30,M.Sc,,CSE,1st Year,6.91,1
John Curry,thomasscott@silva-bowen.com,Other,25,MCA,,IT,1st Year,9.59,
Anna Huang,blackburndanielle@yahoo.com,Female,19,B.E,,Civil,2nd Year,8.39,3+
Kathy White,james99@hotmail.com,Female,20,B.Sc,,CSE,4th Year,9.2,1
Warren White,mariapugh@yahoo.com,Female,18,B.Tech,,IT,3rd Year,9.38,1
James Melendez,peterjames@gmail.com,Female,18,B.Sc,,Electrical,1st Year,8.79,
Deborah Lewis,warrenjacob@yahoo.com,Female,20,M.Sc,,Electrical,Completed,8.78,1
Lori Hill,wilsonsara@hotmail.com,Male,24,B.E,,CSE,2nd Year,9.56,1
Angelica Maddox,martinezbecky@gmail.com,Female,19,BCA,,CSE,3rd Year,9.39,
Elizabeth Thomas,laurajones@hotmail.com,Other,29,Other,Insurance claims handler,Electrical,3rd Year,5.79,1
Donald Perry,ronald27@berry.com,Female,30,B.Sc,,IT,1st Year,9.03,
Michael Obrien,christianwilliams@wade.com,Other,19,MCA,,IT,1st Year,6.3,3+
Joseph Lee,csanchez@alvarez-potter.net,Male,19,B.E,,Electrical,Completed,9.92,1
Brenda Nguyen,joseph14@hotmail.com,Other,24,M.Sc,,CSE,2nd Year,7.78,1
Christopher Johnson,ostewart@hotmail.com,Female,18,MCA,,Civil,4th Year,7.79,2
Shelby Mendoza,ianowens@anderson.org,Male,21,MCA,,CSE,3rd Year,7.7,1
Ryan Garrison,gpowell@moore.com,Other,22,M.Tech,,ECE,Completed,7.33,1
Paul Hodge,nhall@gmail.com,Female,23,B.Tech,,ECE,4th Year,8.38,1
Sandra Smith,newmancathy@gmail.com,Male,25,Other,Secretary/administrator,Civil,Completed,7.34,2
Adrian Ward,carol53@hotmail.com,Male,21,B.Tech,,ECE,4th Year,5.54,
Bryan Peterson,hfrench@yahoo.com,Female,26,M.Tech,,Electrical,Completed,7.48,3+
Elaine Smith,jasmine11@hotmail.com,Female,28,BCA,,Mechanical,1st Year,6.13,3+
Cindy Brown,williamsjessica@hotmail.com,Male,22,Other,Oceanographer,Electrical,1st Year,6.96,3+
James Melendez,peterjames@gmail.com,Female,18,B.Sc,,Electrical,1st Year,8.79,
William Mcgee,jill58@lowery-mcdowell.net,Female,26,M.Sc,,ECE,4th Year,6.4,3+
Thomas Winters,lnelson@yahoo.com,Other,26,B.Sc,,Electrical,2nd Year,6.78,1
Amy Welch,dweber@yahoo.com,Male,26,B.E,,Civil,4th Year,5.95,
Jennifer Lopez,rodriguezmatthew@lee.net,Female,27,MCA,,Mechanical,1st Year,9.94,1
Rebecca Mckinney,johncaldwell@schmitt.com,Female,25,B.Tech,,Electrical,Completed,8.59,3+
Mark Robinson,svance@gmail.com,Female,21,B.E,,IT,3rd Year,6.03,2
Dr. John Galvan,wmartin@davis-aguilar.com,Other,23,MCA,,IT,3rd Year,9.54,1
Brittany Roberts,jacksonmary@odonnell-ferguson.com,Female,20,Other,Retail banker,ECE,3rd Year,9.45,
Erika Gross,carlos09@hotmail.com,Female,27,M.Sc,,CSE,4th Year,8.43,3+
Jay Lee,tbowman@graham.org,Male,26,B.Sc,,CSE,1st Year,7.96,2
Timothy Calderon,reedgabriel@yahoo.com,Other,25,B.Tech,,CSE,1st Year,9.44,2
Brandon Mendez,nicolaswang@yahoo.com,Male,29,BCA,,Electrical,3rd Year,7.64,1
Robert Goodwin,billyfritz@gmail.com,Female,19,B.Tech,,Mechanical,2nd Year,5.68,2
Robert Ward,angela01@hotmail.com,Female,30,M.Sc,,IT,Completed,6.38,
Isaac Vargas,xgonzalez@yahoo.com,Other,29,B.Tech,,CSE,2nd Year,6.93,
Sandra Smith,youngmallory@gmail.com,Female,22,B.E,,IT,1st Year,5.11,1
Louis Santana,victoriaguzman@yahoo.com,Male,23,Other,"Producer, television/film/video",Electrical,4th Year,9.27,3+
Gregory Jones,denise54@holland.net,Male,23,B.Tech,,Civil,2nd Year,8.02,
Angelica Henry,kendrapotter@maynard.com,Male,28,BCA,,ECE,4th Year,9.98,
Michael Martinez,edwinlee@gmail.com,Other,22,M.Sc,,CSE,Completed,9.07,3+
Bobby Howell,kimashlee@matthews.info,Male,26,M.Tech,,CSE,1st Year,5.08,3+
Eric Frost,larry35@gmail.com,Other,25,M.Tech,,ECE,Completed,7.4,1
Amy Beck,anne86@hotmail.com,Male,19,BCA,,Electrical,4th Year,7.26,1
James Olson,erin30@barrera-guzman.net,Male,21,B.E,,Mechanical,Completed,8.89,3+
Adrian Ward,carol53@hotmail.com,Male,21,B.Tech,,ECE,4th Year,5.54,
Rebecca Ingram,ysanford@hotmail.com,Other,21,M.Tech,,IT,3rd Year,6.59,3+
John Reid,ajames@moore-smith.com,Female,25,B.Sc,,IT,3rd Year,5.83,3+
James Humphrey,davisedward@pierce.biz,Other,19,Other,Set designer,ECE,1st Year,6.65,1
Bradley Anthony,timothy42@hammond.biz,Female,21,B.Tech,,ECE,2nd Year,5.71,2
Justin Oneal,michellerodgers@gamble.org,Other,21,BCA,,ECE,1st Year,5.71,1
Patrick Parker,josephwilkins@padilla.net,Female,30,M.Sc,,CSE,4th Year,7.69,
Hannah Anderson,kathrynbrown@yahoo.com,Male,18,M.Tech,,Electrical,Completed,9.21,
Dawn Franklin,benjamin05@yahoo.com,Male,18,B.Tech,,Civil,4th Year,7.78,2
Bryan Peterson,hfrench@yahoo.com,Female,26,M.Tech,,Electrical,Completed,7.48,3+
Cynthia Hopkins,tgreen@ryan-roy.org,Male,27,M.Sc,,CSE,1st Year,5.31,2
Lindsay Thompson,romerogina@martinez.biz,Female,18,M.Sc,,IT,4th Year,9.6,1
Wesley Barker,rodriguezeric@hotmail.com,Male,27,M.Sc,,Civil,4th Year,5.54,3+
Debra Henry,cathy63@zamora.net,Male,24,B.Sc,,IT,1st Year,8.15,
Denise Smith,pdunn@yahoo.com,Other,19,B.E,,IT,1st Year,8.47,2
William Dominguez,christopherthomas@pennington.net,Female,23,B.E,,IT,Completed,8.1,
Kimberly Vazquez,amanda97@herman.com,Male,25,MCA,,Civil,2nd Year,9.93,3+
George Joseph,zachary42@gmail.com,Male,20,M.Sc,,IT,4th Year,8.02,
John Hernandez,wwagner@cohen.com,Male,23,M.Sc,,Mechanical,2nd Year,9.0,3+
Elizabeth Rogers,justintaylor@gmail.com,Male,24,Other,"Surveyor, building control",ECE,Completed,9.91,3+
Jennifer Glass,james72@gmail.com,Male,22,BCA,,Mechanical,4th Year,9.1,
Nicole Flowers,mdavis@craig.com,Male,20,B.Tech,,Mechanical,4th Year,7.55,2
Alexander Lewis,ricardoford@hotmail.com,Male,20,BCA,,Civil,2nd Year,7.2,
Natalie Young,janicesparks@yahoo.com,Other,26,B.Tech,,ECE,2nd Year,9.44,
John Curry,thomasscott@silva-bowen.com,Other,25,MCA,,IT,1st Year,9.59,
Michael Lee,evankim@hotmail.com,Female,25,Other,"Sales professional, IT",Electrical,1st Year,7.49,1
Julie Herrera,wadewendy@manning.com,Female,20,B.Sc,,CSE,1st Year,9.96,3+
James Charles,christophermathis@fernandez-thompson.com,Male,29,M.Tech,,Civil,4th Year,8.16,1
Kevin Green,bradmurphy@bishop.biz,Female,21,B.E,,Mechanical,3rd Year,5.46,3+
Brianna Oliver,jon65@robinson.info,Other,24,M.Tech,,CSE,Completed,9.99,
Kellie Turner,howardjennifer@koch.com,Male,30,B.Sc,,Civil,2nd Year,6.61,3+
Kenneth Hunter,wendy91@sanchez.com,Other,25,MCA,,IT,3rd Year,8.23,1
Deborah Oconnor,pottersteven@coffey-hess.biz,Female,26,Other,Network engineer,Electrical,Completed,9.76,2
Jennifer Wilson,imercado@york.info,Female,18,M.Sc,,Civil,Completed,8.35,1
John Curry,thomasscott@silva-bowen.com,Other,25,MCA,,IT,1st Year,9.59,
Carrie Bishop,zolsen@gaines.com,Female,26,B.Sc,,CSE,1st Year,7.44,3+
Jennifer Allison,michaelbishop@hotmail.com,Other,19,M.Sc,,ECE,Completed,9.58,2
Mark Ramirez,aobrien@sanchez.com,Female,27,B.E,,ECE,1st Year,9.25,
Victoria Solomon,laurahunt@williams-holland.org,Female,20,BCA,,Electrical,4th Year,6.2,
Jeffery Lane,ashley72@yahoo.com,Female,22,B.E,,Electrical,Completed,9.02,2
Cynthia Santos,melissaskinner@gmail.com,Male,27,BCA,,Electrical,1st Year,6.68,2
Victoria Sutton,julie41@austin.com,Other,27,B.Tech,,ECE,2nd Year,8.26,1
Joshua Allison,nicholasmiller@fowler.com,Female,26,M.Tech,,IT,2nd Year,7.18,2
Shelby Mendoza,ianowens@anderson.org,Male,21,MCA,,CSE,3rd Year,7.7,1
Tricia Meadows,pfisher@hotmail.com,Other,30,M.Tech,,Electrical,2nd Year,8.97,
Theresa Nunez,jamesyoder@castillo.info,Male,18,Other,Public affairs consultant,Mechanical,3rd Year,8.77,3+
Katherine Bowers,gmaxwell@hotmail.com,Other,18,B.Sc,,CSE,1st Year,7.72,3+
Jacob Christian,ythomas@gmail.com,Female,18,M.Sc,,IT,4th Year,9.54,
Andrew Stanley,vmolina@reyes.info,Other,19,MCA,,Electrical,4th Year,5.82,1
Jonathan Ramirez,catherinewalker@hotmail.com,Male,20,M.Tech,,Electrical,2nd Year,9.64,1
Jennifer Mason,ashley82@yahoo.com,Other,19,BCA,,IT,3rd Year,7.74,
Taylor Craig,jacob60@white.org,Male,18,MCA,,CSE,Completed,7.87,3+
Theresa Nunez,jamesyoder@castillo.info,Male,18,Other,Public affairs consultant,Mechanical,3rd Year,8.77,3+
Dalton Potts,kelly62@yahoo.com,Male,20,B.Sc,,CSE,1st Year,5.93,3+
Brooke White,csmith@jones.biz,Female,27,B.E,,Mechanical,1st Year,9.98,3+
Christine Cain,pattontimothy@gmail.com,Other,25,Other,Hospital doctor,Electrical,1st Year,7.83,2
Margaret Wilkinson,athompson@nguyen.info,Other,18,BCA,,ECE,Completed,9.06,
Paul Spencer,christinamurphy@crawford.org,Male,18,B.E,,Civil,3rd Year,8.84,1
Dawn Kim,brendastewart@yahoo.com,Other,24,M.Tech,,Electrical,2nd Year,9.84,2
Kathleen Vazquez,mwilson@gmail.com,Male,27,M.Tech,,ECE,2nd Year,6.01,
Amy Jensen,madams@walker.com,Other,25,BCA,,CSE,1st Year,5.84,
Jessica Merritt,zcollins@edwards.com,Male,27,M.Sc,,ECE,2nd Year,8.21,3+
Ashley Arnold,kyle37@miller-preston.com,Female,28,M.Sc,,Mechanical,3rd Year,6.88,3+
Michelle Clark,millerchristopher@macias.com,Male,26,Other,"Psychotherapist, child",IT,3rd Year,9.95,3+
Henry Murphy,todd88@lowe.org,Female,30,BCA,,IT,3rd Year,6.09,1
Jason Ayala,kim99@huynh-jacobs.com,Female,21,B.Sc,,Mechanical,4th Year,5.23,1
Angela Curtis,brandtsally@hotmail.com,Other,19,B.Sc,,Electrical,2nd Year,9.55,
Jeffrey Davis,vmcneil@hotmail.com,Female,18,B.Tech,,Electrical,1st Year,7.13,
Crystal Nixon,davidconrad@yahoo.com,Other,27,MCA,,ECE,1st Year,5.65,3+
Michael Smith,zfreeman@fields.org,Male,23,MCA,,Civil,Completed,7.72,
Lisa Rivas,vlopez@yahoo.com,Other,23,M.Tech,,Civil,4th Year,7.64,
Deanna Martinez,dgardner@williams.info,Female,21,MCA,,Civil,3rd Year,5.7,1
Morgan Patton,cooperanna@hotmail.com,Female,26,M.Tech,,ECE,2nd Year,9.43,2
Nancy Horton,catherine75@patterson.com,Male,22,M.Tech,,Mechanical,Completed,8.96,2
Alexis Bush,dscott@villa.biz,Other,28,B.Tech,,IT,Completed,5.31,1
Jennifer Glass,james72@gmail.com,Male,22,BCA,,Mechanical,4th Year,9.1,
Danielle Walker,dustinperez@gmail.com,Male,26,M.Tech,,Civil,4th Year,8.35,3+
Lisa Phillips,hallcynthia@miller.org,Male,28,MCA,,IT,3rd Year,8.38,3+
Rebecca Olson,weisskeith@murillo.info,Male,29,M.Tech,,Mechanical,3rd Year,5.75,
James Schmidt,dylan26@yahoo.com,Other,26,B.Tech,,ECE,4th Year,9.81,
Megan Simmons,amywest@rodgers.biz,Other,19,Other,"Nurse, mental health",CSE,3rd Year,7.37,2
Jeffrey Yang,wanda78@gmail.com,Other,23,B.Sc,,Electrical,1st Year,5.43,2
Jennifer King,reyesjonathan@turner-wells.net,Other,28,M.Tech,,ECE,2nd Year,8.92,1
Dr. Chelsea Rodriguez,villanuevamatthew@levy-lawson.com,Female,28,MCA,,Electrical,1st Year,7.23,2
Alice Gonzalez,paullittle@zuniga.com,Other,26,M.Sc,,Civil,1st Year,5.02,
Mark Oconnor,rogersbrandon@johnson-bradley.com,Female,27,M.Tech,,Civil,3rd Year,8.5,
John Solomon,dmitchell@hotmail.com,Male,29,B.E,,IT,2nd Year,6.27,1
Christian White,bowmantanya@randall.info,Male,20,B.Tech,,ECE,4th Year,8.73,
Mathew Smith,grahamryan@montgomery-dawson.com,Other,26,M.Sc,,CSE,Completed,9.25,2
Benjamin Davis,tina40@lowery.com,Male,22,M.Sc,,IT,3rd Year,8.17,3+
Kathleen Livingston,malik81@kramer.com,Male,26,MCA,,Mechanical,4th Year,6.07,1
Diane Proctor,michelle79@carr.info,Male,28,M.Tech,,Civil,3rd Year,6.34,3+
Bobby Howell,kimashlee@matthews.info,Male,26,M.Tech,,CSE,1st Year,5.08,3+
William Dominguez,christopherthomas@pennington.net,Female,23,B.E,,IT,Completed,8.1,
Shawna Boone,shelley13@foster-lopez.com,Male,30,Other,Writer,IT,Completed,5.27,1
Sean Chavez,alyssa39@yahoo.com,Female,27,B.Tech,,ECE,2nd Year,6.71,2
Blake Adkins III,scottclay@yahoo.com,Other,22,B.Sc,,Mechanical,Completed,8.62,1
Jay Lee,tbowman@graham.org,Male,26,B.Sc,,CSE,1st Year,7.96,2
Pamela Osborne,shannon70@williams.com,Other,30,M.Sc,,Civil,1st Year,7.15,3+
Jason Castillo,hutchinsonnatalie@yahoo.com,Other,25,M.Sc,,Civil,4th Year,5.0,1
James Jackson,whendrix@yahoo.com,Female,21,M.Sc,,ECE,1st Year,9.58,1
Lauren Thompson,cheryl99@riley-gutierrez.biz,Other,18,M.Sc,,Mechanical,2nd Year,6.34,
Teresa Mcdonald,cpowell@yahoo.com,Male,23,M.Sc,,Civil,Completed,6.73,3+
Garrett Blackwell,craigfrancis@gmail.com,Other,29,B.Tech,,Civil,Completed,7.97,2
Kimberly Pace,kimberly34@yahoo.com,Female,20,B.E,,CSE,2nd Year,5.15,1
Robert Vega,hdean@hotmail.com,Male,26,B.Tech,,Mechanical,4th Year,5.5,3+
Kathleen Vazquez,mwilson@gmail.com,Male,27,M.Tech,,ECE,2nd Year,6.01,
Gloria Lynn,sandralawrence@gmail.com,Other,21,Other,"Designer, furniture",IT,2nd Year,6.05,3+
Jimmy Crawford,qmiller@murphy.com,Other,28,B.E,,Civil,4th Year,8.55,1
Tammy Nguyen,houstonnicholas@yahoo.com,Male,23,B.Tech,,CSE,3rd Year,7.16,
Larry Bowers,lori52@gmail.com,Other,24,M.Tech,,Electrical,4th Year,6.06,3+
Shari Garcia,dustin21@yahoo.com,Other,30,MCA,,Electrical,3rd Year,9.92,3+
John Cox,patrick26@yahoo.com,Male,19,MCA,,ECE,1st Year,5.85,3+
Amanda Gonzales,ybrennan@webb.com,Female,23,BCA,,IT,1st Year,5.12,
James Acevedo,kroman@holden.biz,Female,28,MCA,,Mechanical,2nd Year,8.41,2
Taylor Craig,jacob60@white.org,Male,18,MCA,,CSE,Completed,7.87,3+
Monica Blevins,randytanner@gmail.com,Other,22,BCA,,Mechanical,1st Year,7.37,2
Antonio Wood,joshua80@maxwell.com,Other,26,B.Tech,,Civil,3rd Year,9.68,1
Andrea Gibson,johnsonjoseph@hart-hayes.net,Other,23,B.Tech,,Mechanical,3rd Year,7.83,2
Danielle Walker,dustinperez@gmail.com,Male,26,M.Tech,,Civil,4th Year,8.35,3+
Eric Davis,kimberlyyoung@gmail.com,Male,24,M.Sc,,Civil,1st Year,8.4,2
Heather Farmer,destinyburgess@morgan.info,Male,19,B.E,,ECE,1st Year,7.79,3+
Mary Valenzuela,michael69@yahoo.com,Female,23,BCA,,Mechanical,Completed,7.33,1
Gabriel Ayers,jeremy48@yahoo.com,Female,19,Other,"Clinical scientist, histocompatibility and immunogenetics",Electrical,2nd Year,6.19,1
Adam Martin,heidistanley@howell.com,Other,24,M.Sc,,IT,2nd Year,8.22,2
Jennifer Allison,michaelbishop@hotmail.com,Other,19,M.Sc,,ECE,Completed,9.58,2
Michael Thomas,brownjoseph@yahoo.com,Other,27,B.Tech,,CSE,1st Year,8.7,1
James Davenport,dwarren@yahoo.com,Other,19,BCA,,CSE,Completed,5.99,2
Kevin Webb,kevinmcneil@miller-morton.com,Male,30,B.Sc,,Electrical,4th Year,6.55,2
Frank King,philipphillips@terrell.com,Male,23,BCA,,Electrical,2nd Year,8.42,3+
Christopher Mcgee,sonya75@yahoo.com,Other,27,B.Tech,,ECE,4th Year,8.15,2
Kimberly Powell,zjuarez@petersen-hughes.com,Female,18,BCA,,IT,Completed,5.55,3+
Jackie Carter,shortrichard@dawson.com,Other,22,M.Tech,,IT,3rd Year,8.38,2
Christopher Brown,kellycampos@gmail.com,Female,20,M.Tech,,Mechanical,3rd Year,7.52,1
Diane Sims,jeffery45@brown.com,Other,19,M.Sc,,CSE,Completed,7.65,1
William Keller,floresjavier@blankenship-mann.com,Female,27,B.Sc,,Electrical,4th Year,6.37,3+
Michele Robles,joannsmith@yahoo.com,Other,24,B.Tech,,IT,Completed,9.3,
Lauren Morales,zramirez@yahoo.com,Other,30,B.E,,Electrical,3rd Year,9.72,1
Margaret Freeman,jasonpearson@gmail.com,Female,20,MCA,,Mechanical,2nd Year,5.84,2
James Schmidt,dylan26@yahoo.com,Other,26,B.Tech,,ECE,4th Year,9.81,
Kristen Jefferson,vasquezrobert@bell.com,Other,21,MCA,,CSE,3rd Year,6.54,1
Shannon Sosa,gonzalezcatherine@gomez-davis.net,Other,26,M.Sc,,Mechanical,1st Year,9.79,
Paula Blair,brandon34@hotmail.com,Male,20,B.E,,CSE,1st Year,8.14,
Johnny Hunt,imarquez@gmail.com,Male,30,B.Sc,,ECE,4th Year,6.17,3+
Christopher Richmond,wilsonjoseph@galvan.com,Other,27,B.Tech,,Civil,2nd Year,6.04,1
Megan Smith,huffmanjonathan@lowe-steele.com,Female,20,M.Sc,,ECE,Completed,9.22,2
Jessica Miller,donaldmartinez@cobb.com,Male,18,Other,Dramatherapist,CSE,3rd Year,8.5,2
Bryan King,sara20@gmail.com,Other,30,Other,Special educational needs teacher,Mechanical,2nd Year,6.47,1
Isaac Vargas,xgonzalez@yahoo.com,Other,29,B.Tech,,CSE,2nd Year,6.93,
Cynthia Hopkins,tgreen@ryan-roy.org,Male,27,M.Sc,,CSE,1st Year,5.31,2
Janet Brown,omorris@moyer.info,Male,25,MCA,,IT,3rd Year,5.62,
Vanessa Parker,vargasbenjamin@davis.net,Female,22,B.Tech,,IT,Completed,5.68,3+
David Baker,tylerstevenson@hotmail.com,Male,30,M.Tech,,Mechanical,2nd Year,9.63,
Kelly Terry,klee@vasquez-johnson.info,Female,27,BCA,,CSE,1st Year,8.05,3+
Richard Garrett,ireed@gmail.com,Male,25,M.Tech,,Mechanical,2nd Year,8.95,1
Nancy Rodriguez,nicholas25@hotmail.com,Male,27,MCA,,CSE,4th Year,5.52,2
Brooke Smith,juliemurphy@rios.net,Male,21,BCA,,Electrical,3rd Year,5.4,3+
Lance Graham,david92@yahoo.com,Other,28,Other,Dance movement psychotherapist,ECE,4th Year,6.83,2
Shawn Wiggins,shannon66@yahoo.com,Male,28,B.Sc,,ECE,2nd Year,8.12,
Cheryl Terrell,shannon51@hoover-butler.com,Male,26,B.Tech,,CSE,2nd Year,9.55,1
Jamie Fernandez,eferguson@yahoo.com,Other,28,B.Tech,,Electrical,3rd Year,6.47,3+
Alicia Foley,kathryndavis@matthews.com,Female,23,M.Tech,,IT,1st Year,7.92,
Roberta Davies,danielsbrett@rojas-edwards.com,Female,18,BCA,,ECE,2nd Year,8.99,
Morgan Cherry,blairxavier@yahoo.com,Female,27,B.Tech,,IT,1st Year,8.23,3+
Lisa Rivas,vlopez@yahoo.com,Other,23,M.Tech,,Civil,4th Year,7.64,
Amanda Garrett,samuel97@lopez-johns.com,Male,19,MCA,,IT,4th Year,6.69,2
Roberta James,schwartzmeredith@hotmail.com,Other,27,MCA,,CSE,Completed,5.27,3+
Nancy Rodriguez,nicholas25@hotmail.com,Male,27,MCA,,CSE,4th Year,5.52,2
Amy Brown,rachelcook@hotmail.com,Male,26,B.E,,ECE,4th Year,8.14,3+
Jessica Brooks,qdurham@yahoo.com,Other,20,B.Sc,,IT,Completed,5.84,2
Jason Thomas,gponce@anderson.com,Male,21,M.Sc,,Electrical,2nd Year,9.88,
Thomas Gill,rachel05@allen.com,Other,26,MCA,,IT,Completed,6.46,2
Jack Lopez,michellemoore@hotmail.com,Other,23,BCA,,Civil,1st Year,6.73,
David Ramirez,mphillips@johnson.com,Female,27,M.Sc,,CSE,1st Year,7.89,
Daniel Lara,bryanholmes@hotmail.com,Female,24,M.Tech,,Electrical,3rd Year,7.81,
Tony Smith,mary67@yahoo.com,Male,18,B.Sc,,CSE,Completed,8.74,1
Chris Myers,donna53@hotmail.com,Female,30,B.Tech,,CSE,4th Year,5.32,
Grant Oconnell,hilllaura@hotmail.com,Female,23,M.Tech,,IT,3rd Year,8.36,2
Paul Mcdonald,roblesjames@yahoo.com,Male,21,B.E,,Mechanical,3rd Year,6.83,1
Mary Barnes,taylorfrancis@hotmail.com,Male,22,BCA,,CSE,3rd Year,6.47,2
Courtney Thompson,rebeccaclay@gmail.com,Female,30,B.Tech,,IT,4th Year,5.98,1
Amanda Williams,ewalker@sanders-wilson.biz,Other,20,MCA,,Mechanical,4th Year,7.33,
Tim James,diazjamie@hotmail.com,Other,26,Other,Learning mentor,Civil,3rd Year,8.02,3+
Kenneth Avery,coxdarren@hernandez.com,Female,26,MCA,,Civil,Completed,7.16,
Lindsay Martin,christinawilliams@mcgee.com,Male,23,B.Tech,,Civil,1st Year,8.47,3+
Amy Herrera,david13@gmail.com,Other,19,BCA,,Civil,Completed,6.16,
Raymond King,lindseyfrost@gmail.com,Male,27,B.Sc,,Civil,1st Year,8.84,1
Edward Williams,nsilva@yahoo.com,Other,27,BCA,,CSE,1st Year,6.01,2
Kathy White,james99@hotmail.com,Female,20,B.Sc,,CSE,4th Year,9.2,1
Richard Tran,ggregory@gmail.com,Other,22,B.Tech,,Electrical,2nd Year,7.7,2
Ashley Lutz,iwhite@yahoo.com,Female,24,B.Tech,,IT,2nd Year,6.8,
Daniel Gonzalez,brian40@gmail.com,Other,21,B.Sc,,ECE,2nd Year,5.39,2
Carlos Hoover,thomascarpenter@matthews.com,Female,20,BCA,,CSE,2nd Year,6.05,
Johnny Hunt,imarquez@gmail.com,Male,30,B.Sc,,ECE,4th Year,6.17,3+
Cynthia Parker,pattongary@kelly.com,Female,25,B.E,,Mechanical,1st Year,8.59,3+
Michael Davila DVM,mcbridepatricia@hotmail.com,Other,22,B.Tech,,CSE,2nd Year,9.73,1
Donna Wallace,tracychen@cardenas.com,Female,27,B.Tech,,CSE,4th Year,8.11,
Charles Ware,coxedward@hotmail.com,Female,20,Other,Applications developer,Civil,2nd Year,6.25,3+
Ariana Moore,carteranthony@hotmail.com,Other,23,BCA,,Civil,4th Year,9.86,2
Christopher Cummings DDS,vwallace@hotmail.com,Female,26,M.Sc,,ECE,4th Year,7.55,
John Hernandez,wwagner@cohen.com,Male,23,M.Sc,,Mechanical,2nd Year,9.0,3+
Laura Pierce,jamesrussell@gmail.com,Other,23,M.Sc,,CSE,2nd Year,7.41,3+
Margaret Freeman,jasonpearson@gmail.com,Female,20,MCA,,Mechanical,2nd Year,5.84,2
Amanda Mckay,shannon49@yahoo.com,Male,27,B.Sc,,Electrical,4th Year,5.51,3+
Robert Ward,angela01@hotmail.com,Female,30,M.Sc,,IT,Completed,6.38,
Sara Chaney,jonesjennifer@gmail.com,Female,23,M.Tech,,Civil,3rd Year,7.83,3+
Hannah Anderson,kathrynbrown@yahoo.com,Male,18,M.Tech,,Electrical,Completed,9.21,
Diane Brown,sjames@henry-andrews.biz,Female,30,M.Sc,,IT,4th Year,5.83,2
Christina Martinez,perryregina@gmail.com,Other,22,B.Sc,,Civil,1st Year,6.96,
Glenn Smith,danny66@yahoo.com,Other,29,M.Tech,,ECE,Completed,9.99,1
Cheryl Terrell,shannon51@hoover-butler.com,Male,26,B.Tech,,CSE,2nd Year,9.55,1
Jon Nelson,carrillojack@vargas.com,Male,27,MCA,,CSE,4th Year,8.8,1
James Young,gadams@campbell.net,Male,21,Other,Clinical research associate,CSE,3rd Year,5.41,3+
Alyssa Cameron,jacksonjose@sanchez.com,Female,18,B.Tech,,IT,2nd Year,7.07,2
Joseph Jackson,matthew76@gmail.com,Male,29,M.Sc,,CSE,3rd Year,8.14,3+
Elizabeth Arnold,nrice@woods-morris.info,Female,30,B.Tech,,IT,3rd Year,6.15,
Ashley Jefferson,juliamorales@williams.info,Other,27,BCA,,Electrical,2nd Year,7.17,3+
William Molina,randymedina@yahoo.com,Male,25,B.E,,Civil,4th Year,8.49,3+
Anthony Griffin,jessica36@jackson-fox.com,Other,20,BCA,,IT,1st Year,7.4,
Eugene White,msexton@gmail.com,Other,24,Other,IT consultant,Mechanical,Completed,9.2,3+
Holly Price,fosterkelly@norman.biz,Other,25,B.Sc,,Mechanical,4th Year,7.1,
Anthony Mckay,nevans@todd.com,Male,23,M.Sc,,IT,2nd Year,6.26,2
Troy Merritt,nguyenjoshua@hotmail.com,Other,27,Other,Jewellery designer,Electrical,2nd Year,8.92,
Jessica Jackson,carlosenglish@perez.com,Female,19,Other,Adult guidance worker,Civil,Completed,8.77,
Katrina Stephens,vatkins@hotmail.com,Male,27,B.Tech,,CSE,3rd Year,9.76,3+
Thomas Gill,rachel05@allen.com,Other,26,MCA,,IT,Completed,6.46,2
Lee Jones,stevewilliams@pierce-kane.com,Other,25,B.Tech,,Mechanical,2nd Year,5.87,1
Kylie Fields,waterslouis@rich-lawson.info,Male,22,B.Sc,,Electrical,Completed,5.42,1
Susan Le,ojackson@smith.com,Other,26,B.Tech,,Mechanical,2nd Year,8.27,1
Holly Price,fosterkelly@norman.biz,Other,25,B.Sc,,Mechanical,4th Year,7.1,
Cynthia Hopkins,tgreen@ryan-roy.org,Male,27,M.Sc,,CSE,1st Year,5.31,2
Chelsea Collins,thopkins@long.com,Other,25,B.Sc,,Electrical,2nd Year,5.57,3+
Larry Smith,molly46@mason.com,Female,26,BCA,,CSE,4th Year,7.53,2
Pamela Harrison,hallvirginia@yahoo.com,Male,29,B.E,,Mechanical,1st Year,7.98,
Samantha West,rachel60@gmail.com,Female,29,M.Tech,,CSE,3rd Year,6.27,
Lindsay Thompson,romerogina@martinez.biz,Female,18,M.Sc,,IT,4th Year,9.6,1
Jeffrey Ramirez,obooth@bishop.com,Other,27,MCA,,ECE,2nd Year,7.23,2
Christine Cain,pattontimothy@gmail.com,Other,25,Other,Hospital doctor,Electrical,1st Year,7.83,2
Kristopher Gonzalez,harveynathan@kline.com,Other,25,M.Tech,,CSE,3rd Year,8.18,3+
Lisa Phillips,hallcynthia@miller.org,Male,28,MCA,,IT,3rd Year,8.38,3+
Amy Moreno,georgealvarez@krause.biz,Female,26,MCA,,IT,4th Year,6.22,2
Kellie Turner,howardjennifer@koch.com,Male,30,B.Sc,,Civil,2nd Year,6.61,3+
Michelle Garcia,lambellen@rodgers-cervantes.com,Other,28,BCA,,Civil,Completed,8.07,3+
James Melendez,peterjames@gmail.com,Female,18,B.Sc,,Electrical,1st Year,8.79,
Samantha Francis,peggyferguson@mcdaniel-adams.org,Other,27,Other,Photographer,CSE,2nd Year,8.33,
Courtney Grant,amoore@bell.net,Female,26,M.Sc,,CSE,2nd Year,8.57,3+
James Simpson,dwilliams@yahoo.com,Other,24,B.Tech,,ECE,4th Year,7.49,1
Kevin Hampton,michael96@johnson-li.info,Other,28,B.Sc,,Mechanical,Completed,6.18,1
Amanda Garrett,samuel97@lopez-johns.com,Male,19,MCA,,IT,4th Year,6.69,2
Nicole Morales,garnerwilliam@robinson-murray.net,Other,20,Other,Risk manager,CSE,1st Year,8.02,2
Joseph Pierce,savannah49@gmail.com,Female,26,BCA,,ECE,1st Year,7.17,3+
Michele Conway,hardychristina@gmail.com,Male,22,B.Sc,,Civil,1st Year,8.63,
Joseph Mccarthy,wileyvictoria@hotmail.com,Other,28,BCA,,IT,1st Year,7.19,
Michael Smith,zfreeman@fields.org,Male,23,MCA,,Civil,Completed,7.72,
Joseph Lee,csanchez@alvarez-potter.net,Male,19,B.E,,Electrical,Completed,9.92,1
Mark Gutierrez,aodonnell@yahoo.com,Female,30,B.Tech,,CSE,2nd Year,7.54,
Jason Maldonado,youngmike@young-murray.org,Female,29,B.E,,Electrical,1st Year,9.92,
Adam Martin,heidistanley@howell.com,Other,24,M.Sc,,IT,2nd Year,8.22,2
Laura Keller,barbara07@schroeder.com,Male,28,Other,Customer service manager,Electrical,Completed,7.37,1
Dr. Betty Cunningham,pwilliams@hotmail.com,Other,19,BCA,,IT,3rd Year,9.28,2
Timothy Kennedy,jessica94@nichols.com,Other,18,B.E,,CSE,4th Year,5.64,2
Melanie Johnson,crystalcastaneda@hotmail.com,Male,25,B.E,,Mechanical,2nd Year,5.28,3+
Edgar Evans,glenpearson@hotmail.com,Male,23,BCA,,CSE,3rd Year,9.6,1
Brenda Chapman,abowers@thomas.net,Other,23,MCA,,Civil,3rd Year,6.67,
Brandon Mccormick,nhayes@hotmail.com,Female,21,B.E,,IT,4th Year,7.48,3+
Omar Greer,powellashley@hill.biz,Male,21,M.Tech,,ECE,1st Year,9.55,3+
Ariana Moore,carteranthony@hotmail.com,Other,23,BCA,,Civil,4th Year,9.86,2
Jesus Morgan,jeffreybaker@gmail.com,Other,27,M.Sc,,IT,2nd Year,7.19,2
Kelly Torres,kyle61@smith.com,Male,28,M.Sc,,CSE,3rd Year,8.99,2
Jennifer Wilson,imercado@york.info,Female,18,M.Sc,,Civil,Completed,8.35,1
Kenneth Hunter,wendy91@sanchez.com,Other,25,MCA,,IT,3rd Year,8.23,1
Wyatt Coleman,sroberts@cummings-taylor.com,Female,20,B.Sc,,Civil,3rd Year,6.52,
Jeffery Lane,ashley72@yahoo.com,Female,22,B.E,,Electrical,Completed,9.02,2
Jeremy Mcgee,haydennorton@yahoo.com,Male,21,M.Sc,,Mechanical,2nd Year,6.42,2
Joshua Morris,jacobschristopher@gmail.com,Male,21,M.Tech,,CSE,2nd Year,9.32,3+
Sandra Castro,johnhardin@espinoza.com,Other,23,B.E,,CSE,3rd Year,9.32,1
Kimberly Pace,kimberly34@yahoo.com,Female,20,B.E,,CSE,2nd Year,5.15,1
Carlos Schaefer,george42@maxwell.biz,Male,21,M.Sc,,Civil,Completed,6.55,2
Courtney Byrd MD,ellisonmarilyn@smith.com,Female,25,B.Tech,,Electrical,Completed,8.59,
Bobby Howell,kimashlee@matthews.info,Male,26,M.Tech,,CSE,1st Year,5.08,3+
Leslie Davis,tyates@gmail.com,Female,30,M.Tech,,IT,2nd Year,6.45,2
Vernon Ochoa,tracyjackson@gmail.com,Other,26,B.Tech,,IT,2nd Year,7.79,
Mrs. Mariah Randall DDS,eric44@morgan.com,Female,26,Other,Agricultural engineer,Mechanical,1st Year,5.39,2
Jeffrey Peterson,crossbrittany@duncan-jackson.com,Female,18,Other,Systems analyst,IT,2nd Year,8.78,1
Joseph Morse,agarcia@hotmail.com,Other,30,B.E,,ECE,1st Year,5.69,
Rachel Sanchez DDS,hday@yahoo.com,Other,23,MCA,,IT,1st Year,8.22,2
Stephanie Green,whitakerkaren@good.com,Other,24,MCA,,Electrical,Completed,6.27,3+
John Solomon,dmitchell@hotmail.com,Male,29,B.E,,IT,2nd Year,6.27,1
Jackie Carter,shortrichard@dawson.com,Other,22,M.Tech,,IT,3rd Year,8.38,2
Brandi Davis,fernandowhitney@gmail.com,Female,28,M.Tech,,IT,3rd Year,6.23,1
Dustin Cohen,kevinharrison@garcia-erickson.com,Male,18,Other,"Research officer, government",Civil,1st Year,5.55,3+
Margaret Wilkinson,athompson@nguyen.info,Other,18,BCA,,ECE,Completed,9.06,
Pamela Long,richard79@esparza.com,Female,23,BCA,,IT,Completed,5.73,2
John Porter,petersonlogan@hotmail.com,Other,23,Other,"Designer, fashion/clothing",Civil,3rd Year,6.71,2
Jeffery Oliver,tiffanylambert@simpson.com,Male,22,B.E,,Mechanical,2nd Year,6.03,1
Jennifer Torres,michaelkim@spencer-hunter.com,Female,25,Other,Film/video editor,ECE,4th Year,6.11,1
Jennifer Lee,millerjeffrey@roberson.net,Female,20,Other,Petroleum engineer,Mechanical,Completed,6.88,3+
Virginia Friedman,bradleymichael@yahoo.com,Female,21,B.E,,IT,3rd Year,7.04,
Adrian Ward,carol53@hotmail.com,Male,21,B.Tech,,ECE,4th Year,5.54,
Dalton Williams,matthew16@cunningham-powell.org,Female,28,B.E,,Electrical,Completed,9.92,1
Alejandra Campbell,megan21@hotmail.com,Female,18,M.Sc,,Mechanical,3rd Year,6.01,3+
Mark Hudson,vswanson@miller.com,Other,29,M.Tech,,IT,Completed,9.32,1
Todd Salas,brianreese@thomas.com,Other,22,B.Sc,,IT,2nd Year,7.94,1
Martin Howard,paul29@young.com,Female,29,M.Sc,,Mechanical,1st Year,6.11,
Debra Peterson,weaverjason@todd-rasmussen.net,Female,21,B.Tech,,Mechanical,1st Year,5.14,1
Debra Henry,cathy63@zamora.net,Male,24,B.Sc,,IT,1st Year,8.15,
David Bowen MD,hdavis@beard.com,Other,18,B.Tech,,Mechanical,4th Year,5.56,3+
Kent Cole,fernandezkimberly@gmail.com,Male,22,MCA,,CSE,4th Year,8.62,2
John Curry,thomasscott@silva-bowen.com,Other,25,MCA,,IT,1st Year,9.59,
Paul Ramos,sherry92@bennett.com,Male,24,M.Tech,,Electrical,2nd Year,8.6,1
James Howell,anna05@gmail.com,Female,30,BCA,,Mechanical,4th Year,7.52,2
Kenneth Avery,coxdarren@hernandez.com,Female,26,MCA,,Civil,Completed,7.16,
Jack Lopez,michellemoore@hotmail.com,Other,23,BCA,,Civil,1st Year,6.73,
Kevin Hampton,michael96@johnson-li.info,Other,28,B.Sc,,Mechanical,Completed,6.18,1
Amy Jensen,madams@walker.com,Other,25,BCA,,CSE,1st Year,5.84,
Shari Garcia,dustin21@yahoo.com,Other,30,MCA,,Electrical,3rd Year,9.92,3+
Mark Williams,odelgado@taylor-colon.com,Female,26,B.E,,ECE,Completed,6.49,3+
James Charles,christophermathis@fernandez-thompson.com,Male,29,M.Tech,,Civil,4th Year,8.16,1
Savannah Howard,dphelps@yahoo.com,Female,20,B.Tech,,Mechanical,Completed,6.88,2
Heather Werner,fernandezlauren@gmail.com,Other,22,M.Tech,,Electrical,1st Year,9.08,2
Nicole Allen,brookewilson@hall.com,Other,20,B.Tech,,Mechanical,3rd Year,5.41,
Dr. Chelsea Rodriguez,villanuevamatthew@levy-lawson.com,Female,28,MCA,,Electrical,1st Year,7.23,2
Jonathan Holder,jasonalvarado@richardson.com,Male,20,B.E,,Civil,1st Year,5.65,1
Timothy Medina,xroth@gmail.com,Male,29,BCA,,IT,3rd Year,8.69,
James Schmidt,dylan26@yahoo.com,Other,26,B.Tech,,ECE,4th Year,9.81,
Michael Kaufman,stevenfrederick@wells.com,Male,23,M.Sc,,ECE,4th Year,6.44,3+
Rebecca Ingram,ysanford@hotmail.com,Other,21,M.Tech,,IT,3rd Year,6.59,3+
Christopher Warner,upowell@carrillo-martin.biz,Male,30,M.Sc,,Civil,4th Year,9.37,3+
Erin Hammond,emilymontgomery@hotmail.com,Female,24,B.Tech,,CSE,Completed,6.02,
April Moran,lgreene@yahoo.com,Other,19,M.Tech,,Civil,2nd Year,8.46,3+
Melanie Miranda,rodriguezmatthew@watts-andrews.com,Male,30,Other,"Engineer, site",IT,1st Year,5.77,2
Miranda Conrad,jackyoung@gmail.com,Female,27,B.E,,Mechanical,Completed,7.0,3+
Virginia Friedman,bradleymichael@yahoo.com,Female,21,B.E,,IT,3rd Year,7.04,
Monica Blevins,randytanner@gmail.com,Other,22,BCA,,Mechanical,1st Year,7.37,2
Jesus Morgan,jeffreybaker@gmail.com,Other,27,M.Sc,,IT,2nd Year,7.19,2
Stephanie Schmidt,james22@yahoo.com,Male,30,B.E,,ECE,1st Year,9.43,3+
Alyssa Oneal,xtaylor@cobb-johnson.com,Female,25,BCA,,CSE,Completed,6.56,3+
Megan Norman,xjordan@grant-martinez.com,Other,25,M.Tech,,Mechanical,3rd Year,9.63,2
Joseph Jackson,matthew76@gmail.com,Male,29,M.Sc,,CSE,3rd Year,8.14,3+
Christina White,fosterlisa@brown-miller.biz,Female,26,M.Tech,,ECE,3rd Year,9.03,
Ashley West,jasonmorgan@simpson.info,Other,18,M.Sc,,IT,2nd Year,7.67,3+
David Lane,qmartin@yahoo.com,Female,30,Other,Radio producer,Civil,Completed,6.14,2
Adrian Hunt,mortonandrew@wallace-coleman.org,Other,30,M.Tech,,ECE,4th Year,7.27,3+
Daniel Gonzalez,brian40@gmail.com,Other,21,B.Sc,,ECE,2nd Year,5.39,2
Jason Robinson,stephenrivera@hotmail.com,Female,23,MCA,,Mechanical,1st Year,9.1,3+
Richard Gutierrez,calebsmith@hotmail.com,Other,23,M.Tech,,Civil,1st Year,9.99,
Patrick Davis,kaylarobertson@hotmail.com,Other,29,Other,Herbalist,ECE,4th Year,5.61,
Jessica Jarvis,jonshea@jones-williams.com,Other,23,B.Sc,,Civil,Completed,6.85,1
Jonathan Ramirez,catherinewalker@hotmail.com,Male,20,M.Tech,,Electrical,2nd Year,9.64,1
Joshua Chan,ihunt@olson.com,Other,24,MCA,,CSE,4th Year,6.05,2
Kyle Thomas,allenbrian@yahoo.com,Male,22,BCA,,ECE,4th Year,8.89,3+
Michele Rubio,murraytyler@gmail.com,Other,18,B.E,,CSE,3rd Year,7.51,2
Mark Oconnor,rogersbrandon@johnson-bradley.com,Female,27,M.Tech,,Civil,3rd Year,8.5,
Russell Lowe,keithwilliams@duncan.com,Male,26,Other,Regulatory affairs officer,Mechanical,Completed,5.69,
Adam Beck,elarson@owens-mitchell.com,Male,25,M.Tech,,IT,Completed,5.72,2
Mary Barnes,taylorfrancis@hotmail.com,Male,22,BCA,,CSE,3rd Year,6.47,2
Laura Pierce,jamesrussell@gmail.com,Other,23,M.Sc,,CSE,2nd Year,7.41,3+
John Curry,thomasscott@silva-bowen.com,Other,25,MCA,,IT,1st Year,9.59,
Christina White,fosterlisa@brown-miller.biz,Female,26,M.Tech,,ECE,3rd Year,9.03,
Justin Humphrey,zdavis@newton.com,Male,24,Other,Seismic interpreter,CSE,4th Year,6.45,
Aaron Mccormick,robertgraham@price-camacho.com,Female,30,MCA,,Electrical,3rd Year,5.85,3+
Deborah Cortez,hardinkayla@gmail.com,Male,21,BCA,,Mechanical,3rd Year,7.1,
Victoria Green,reneeparker@gmail.com,Female,23,M.Sc,,Civil,3rd Year,6.4,3+
Stephanie Reid,audrey67@rodriguez.org,Female,28,M.Sc,,Electrical,3rd Year,6.01,
Keith Payne,vyoung@white.com,Other,25,Other,Marine scientist,IT,4th Year,8.7,
Troy Carter PhD,charlesmichael@murray-osborne.com,Other,21,M.Tech,,ECE,Completed,5.51,3+
Adam Beck,elarson@owens-mitchell.com,Male,25,M.Tech,,IT,Completed,5.72,2
Tiffany Williams,meyerjulian@quinn-kelley.com,Male,26,B.Tech,,Electrical,Completed,7.82,1
Alexis Bush,dscott@villa.biz,Other,28,B.Tech,,IT,Completed,5.31,1
Michael Adams,katie76@gmail.com,Female,20,M.Tech,,Mechanical,4th Year,8.9,3+
Cheyenne Scott,wmurray@yahoo.com,Female,27,Other,"Production assistant, television",IT,Completed,7.01,2
Alexander Booker,njackson@hotmail.com,Female,28,BCA,,IT,3rd Year,7.55,3+
Francisco Williams,wwright@yahoo.com,Other,25,MCA,,IT,1st Year,7.63,2
Douglas Barrera,kevinmyers@williams-davis.com,Female,26,Other,"Engineer, energy",Mechanical,1st Year,7.3,
Sandra Smith,newmancathy@gmail.com,Male,25,Other,Secretary/administrator,Civil,Completed,7.34,2
Kylie Fields,waterslouis@rich-lawson.info,Male,22,B.Sc,,Electrical,Completed,5.42,1
Amy Brown,rachelcook@hotmail.com,Male,26,B.E,,ECE,4th Year,8.14,3+
Dr. Laura Spencer,caroline25@cunningham.com,Other,24,B.Tech,,IT,4th Year,9.98,3+
Donald Perry,ronald27@berry.com,Female,30,B.Sc,,IT,1st Year,9.03,
Emma Robinson,tgonzalez@gregory.net,Female,19,B.E,,Civil,2nd Year,8.74,
Michelle Brown,lharmon@weaver.com,Male,22,M.Tech,,Electrical,Completed,5.38,2
Chloe Hill,owheeler@gmail.com,Female,24,MCA,,Civil,Completed,6.89,
Veronica Stephens,icastro@fisher.biz,Other,20,B.E,,Civil,4th Year,9.32,1
Karen Padilla,gavin10@mcclure.net,Other,22,B.Tech,,IT,4th Year,6.43,3+
Jason Thomas,gponce@anderson.com,Male,21,M.Sc,,Electrical,2nd Year,9.88,
Andrew Hampton,carl06@logan.com,Other,23,M.Sc,,Civil,3rd Year,8.53,2
Robert Alexander,michael88@gmail.com,Other,23,B.Sc,,Mechanical,1st Year,9.93,1
Curtis Manning,jacob53@hotmail.com,Male,25,M.Sc,,Mechanical,1st Year,7.32,
Michael Gomez,micheleliu@yahoo.com,Male,21,B.Tech,,Mechanical,2nd Year,5.46,
William Kane,larry24@gmail.com,Other,20,M.Tech,,Civil,3rd Year,6.41,2
Stephen Reynolds,phyllisnelson@smith.org,Female,28,M.Sc,,Civil,3rd Year,5.78,1
Jeffery Lane,ashley72@yahoo.com,Female,22,B.E,,Electrical,Completed,9.02,2
Louis Santana,victoriaguzman@yahoo.com,Male,23,Other,"Producer, television/film/video",Electrical,4th Year,9.27,3+
Billy Mcclain,johnjohnson@hotmail.com,Male,29,Other,Hospital pharmacist,IT,4th Year,6.15,1
Stephanie Gonzalez,laura00@gmail.com,Male,25,BCA,,Mechanical,4th Year,6.57,1
Ashley Mays,nclark@yahoo.com,Male,22,B.E,,Civil,Completed,8.89,
Edgar Evans,glenpearson@hotmail.com,Male,23,BCA,,CSE,3rd Year,9.6,1
Steven Ramos,james35@hunt-king.org,Other,24,Other,Passenger transport manager,IT,1st Year,6.03,1
Lisa Rivas,vlopez@yahoo.com,Other,23,M.Tech,,Civil,4th Year,7.64,
Troy Holden,claire01@kerr.com,Male,30,BCA,,Mechanical,3rd Year,9.69,
Brian Williams,pricelaura@mckenzie.net,Male,21,M.Sc,,IT,4th Year,5.93,3+
Amy Brown,rachelcook@hotmail.com,Male,26,B.E,,ECE,4th Year,8.14,3+
Rebecca Martinez,jessicahill@stephens-lara.com,Male,30,B.E,,ECE,4th Year,6.87,1
Jason Davis,tammy09@gross.com,Female,27,B.Sc,,IT,Completed,7.37,3+
Michael Sanders,josephedward@yahoo.com,Male,27,B.Sc,,IT,4th Year,7.67,
Daniel Collins,watkinsjanet@yahoo.com,Female,27,B.Tech,,ECE,1st Year,8.86,2
Olivia Hernandez,deborah08@hotmail.com,Other,22,BCA,,Civil,2nd Year,10.0,2
Amber Winters,fwilliams@hotmail.com,Female,27,B.Tech,,Mechanical,3rd Year,7.72,1
Chad Thomas,huntjessica@spencer.com,Other,18,B.E,,Civil,Completed,5.21,3+
Michelle Herrera,markvazquez@gmail.com,Male,30,BCA,,ECE,2nd Year,6.92,1
Gregory Jones,denise54@holland.net,Male,23,B.Tech,,Civil,2nd Year,8.02,
Kevin Garcia,sarahgonzalez@gmail.com,Other,27,BCA,,Electrical,3rd Year,7.66,
Monica Blevins,randytanner@gmail.com,Other,22,BCA,,Mechanical,1st Year,7.37,2
Jennifer Davis,nruiz@hotmail.com,Male,24,BCA,,Civil,Completed,9.67,1
Janet Brown,omorris@moyer.info,Male,25,MCA,,IT,3rd Year,5.62,
Debra Vasquez,newmanjason@gmail.com,Other,26,M.Tech,,IT,3rd Year,6.91,1
Kyle Escobar,ericksonstacey@wagner.com,Other,27,MCA,,ECE,3rd Year,5.37,2
Timothy Medina,xroth@gmail.com,Male,29,BCA,,IT,3rd Year,8.69,
April Brock,frios@hotmail.com,Female,23,M.Tech,,ECE,Completed,7.24,3+
Elizabeth Leach,dwells@martinez.com,Other,28,M.Sc,,CSE,3rd Year,7.38,2
Antonio Garcia,petersana@gmail.com,Male,26,MCA,,ECE,Completed,5.08,2
Carla Page,gilbertjoanne@davidson.com,Other,22,M.Sc,,ECE,3rd Year,7.43,3+
George Gilbert,boydmark@gmail.com,Female,22,B.Tech,,CSE,1st Year,5.84,2
Jonathan Jones,zmarshall@ryan.com,Other,24,B.E,,Mechanical,2nd Year,8.91,1
Kelly Terry,klee@vasquez-johnson.info,Female,27,BCA,,CSE,1st Year,8.05,3+
Ashley West,jasonmorgan@simpson.info,Other,18,M.Sc,,IT,2nd Year,7.67,3+
Samuel Gilmore,erin65@hotmail.com,Other,18,M.Tech,,CSE,1st Year,5.41,1
Matthew Yoder,qyoung@gmail.com,Female,26,B.E,,Civil,4th Year,9.77,3+
Elizabeth Harris,dmadden@garner-taylor.com,Other,21,B.Sc,,IT,2nd Year,8.44,3+
Andre Joseph,pholmes@yahoo.com,Male,28,Other,"Psychologist, sport and exercise",CSE,Completed,6.85,1
Bradley Whitehead,hevans@gregory.com,Other,23,BCA,,ECE,4th Year,5.64,
Diane Griffin,roberthall@valencia.com,Female,21,B.E,,ECE,4th Year,8.96,1
Jeff Stephens,vmartinez@hotmail.com,Female,22,B.Tech,,Civil,4th Year,5.6,1
Alexis Bush,dscott@villa.biz,Other,28,B.Tech,,IT,Completed,5.31,1
Tammy Christian PhD,elizabethtrujillo@hotmail.com,Female,29,B.Sc,,ECE,1st Year,9.23,
Hector Mullen,stephanieknox@guzman-hughes.biz,Other,27,B.Tech,,Mechanical,4th Year,8.06,3+
Robert Solis,arianahernandez@yahoo.com,Female,28,BCA,,Electrical,1st Year,5.73,
Ashley Mays,nclark@yahoo.com,Male,22,B.E,,Civil,Completed,8.89,
Joshua Morris,jacobschristopher@gmail.com,Male,21,M.Tech,,CSE,2nd Year,9.32,3+
John Hernandez,wwagner@cohen.com,Male,23,M.Sc,,Mechanical,2nd Year,9.0,3+
David Ramirez,mphillips@johnson.com,Female,27,M.Sc,,CSE,1st Year,7.89,
Nancy Rodriguez,nicholas25@hotmail.com,Male,27,MCA,,CSE,4th Year,5.52,2
Madison Walters,ronaldlittle@rodriguez.biz,Female,21,M.Tech,,CSE,1st Year,6.34,2
Sarah Daniel,carrjennifer@yahoo.com,Other,21,B.Tech,,CSE,1st Year,8.61,2
Barbara Holmes,alexis16@gmail.com,Female,20,Other,Barrister's clerk,Mechanical,Completed,5.92,1
Dawn Franklin,benjamin05@yahoo.com,Male,18,B.Tech,,Civil,4th Year,7.78,2
Justin Mckenzie,fritzjames@gray.com,Other,21,Other,Counselling psychologist,Civil,3rd Year,9.72,1
Erik Matthews,anthonyandrew@white.info,Other,22,MCA,,Mechanical,Completed,6.88,2
Douglas Barrera,kevinmyers@williams-davis.com,Female,26,Other,"Engineer, energy",Mechanical,1st Year,7.3,
Michael Pacheco,ynorris@rosales-gilbert.com,Male,27,M.Sc,,CSE,2nd Year,7.45,
Timothy Rose,amandarivera@gmail.com,Female,29,MCA,,CSE,1st Year,9.96,1
Patricia Lewis,kristenchurch@hotmail.com,Other,19,M.Tech,,CSE,1st Year,6.41,3+
Tammy Henson,carlos11@yahoo.com,Female,18,B.Sc,,Civil,3rd Year,7.86,2
Shari Garcia,dustin21@yahoo.com,Other,30,MCA,,Electrical,3rd Year,9.92,3+
Brian Johnson,michaelmaddox@brennan.com,Male,23,Other,General practice doctor,IT,2nd Year,7.38,3+
Victoria Solomon,laurahunt@williams-holland.org,Female,20,BCA,,Electrical,4th Year,6.2,
Marie Parker,phogan@jackson-higgins.com,Female,19,B.E,,ECE,2nd Year,9.57,3+
Heather Werner,fernandezlauren@gmail.com,Other,22,M.Tech,,Electrical,1st Year,9.08,2
Justin Ferguson,hbaker@petersen.com,Female,18,Other,Copy,CSE,3rd Year,6.9,3+
Cory Alexander,grayautumn@sosa-soto.com,Female,21,BCA,,Electrical,4th Year,8.92,3+
Michael Smith,zfreeman@fields.org,Male,23,MCA,,Civil,Completed,7.72,
Kenneth Hill,snguyen@hotmail.com,Female,29,MCA,,CSE,1st Year,9.73,3+
Jamie Fernandez,eferguson@yahoo.com,Other,28,B.Tech,,Electrical,3rd Year,6.47,3+
Jason Carter,dereklester@hotmail.com,Female,29,M.Tech,,Mechanical,4th Year,9.65,1
Nancy Rodriguez,nicholas25@hotmail.com,Male,27,MCA,,CSE,4th Year,5.52,2
Omar Greer,powellashley@hill.biz,Male,21,M.Tech,,ECE,1st Year,9.55,3+
Benjamin Davis,tina40@lowery.com,Male,22,M.Sc,,IT,3rd Year,8.17,3+
Todd Cherry,sarah93@gmail.com,Female,25,BCA,,ECE,4th Year,9.83,2
Robert Solis,arianahernandez@yahoo.com,Female,28,BCA,,Electrical,1st Year,5.73,
Dawn Franklin,benjamin05@yahoo.com,Male,18,B.Tech,,Civil,4th Year,7.78,2
Cynthia Green,debbie63@miller-pearson.com,Female,28,M.Sc,,Mechanical,1st Year,6.47,2
James Watson,jamesyoung@jackson.biz,Female,24,BCA,,Electrical,2nd Year,7.75,
Amanda Peterson,melissajohnson@yahoo.com,Other,24,M.Sc,,Civil,3rd Year,8.16,1
Angel West,gclark@hotmail.com,Male,29,B.E,,CSE,Completed,7.81,1
Samantha Brown,zachary37@hotmail.com,Other,26,BCA,,CSE,2nd Year,6.92,2
Sara Morgan,hsimmons@davis-montoya.com,Male,28,B.E,,Mechanical,2nd Year,9.88,1
Maria Schneider,laurahoward@barry-estrada.info,Male,28,BCA,,ECE,2nd Year,8.1,1
Thomas Donovan,wgill@yahoo.com,Male,22,B.Sc,,Electrical,Completed,8.43,
Alejandra Campbell,megan21@hotmail.com,Female,18,M.Sc,,Mechanical,3rd Year,6.01,3+
Lance Cooke,vcampbell@yahoo.com,Male,25,B.E,,Electrical,Completed,8.36,
Cynthia Hopkins,tgreen@ryan-roy.org,Male,27,M.Sc,,CSE,1st Year,5.31,2
Michael Goodwin,yphillips@hotmail.com,Other,26,B.E,,CSE,3rd Year,8.64,1
Mikayla Palmer,smithdiana@leach.com,Male,27,Other,"Teacher, English as a foreign language",ECE,4th Year,5.78,2
Brandon Murphy,emily00@yahoo.com,Male,24,M.Tech,,Civil,Completed,9.03,1
Margaret Freeman,jasonpearson@gmail.com,Female,20,MCA,,Mechanical,2nd Year,5.84,2
David Lane,qmartin@yahoo.com,Female,30,Other,Radio producer,Civil,Completed,6.14,2
Antonio Wood,joshua80@maxwell.com,Other,26,B.Tech,,Civil,3rd Year,9.68,1
Christine Harris,reesetimothy@blackwell.biz,Male,25,B.Sc,,Civil,2nd Year,9.15,1
Jason Castillo,hutchinsonnatalie@yahoo.com,Other,25,M.Sc,,Civil,4th Year,5.0,1
Jonathan Jones,zmarshall@ryan.com,Other,24,B.E,,Mechanical,2nd Year,8.91,1
Jessica Brooks,qdurham@yahoo.com,Other,20,B.Sc,,IT,Completed,5.84,2
Alexander Lewis,ricardoford@hotmail.com,Male,20,BCA,,Civil,2nd Year,7.2,
Jennifer Mason,ashley82@yahoo.com,Other,19,BCA,,IT,3rd Year,7.74,
Angel West,gclark@hotmail.com,Male,29,B.E,,CSE,Completed,7.81,1
Amber Arias,wanda25@phillips.com,Other,18,MCA,,Civil,2nd Year,8.38,
Johnny Hunt,imarquez@gmail.com,Male,30,B.Sc,,ECE,4th Year,6.17,3+
Pamela Osborne,shannon70@williams.com,Other,30,M.Sc,,Civil,1st Year,7.15,3+
Phillip Huerta,joseph85@cruz.net,Female,19,M.Sc,,IT,3rd Year,6.51,2
Elizabeth Campbell,hellis@joseph-nolan.org,Male,27,Other,Interpreter,Civil,Completed,6.03,1
Kelly Torres,kyle61@smith.com,Male,28,M.Sc,,CSE,3rd Year,8.99,2
Michelle Valdez,richardstafford@yahoo.com,Male,23,B.Sc,,ECE,4th Year,8.75,
Mark Williams,odelgado@taylor-colon.com,Female,26,B.E,,ECE,Completed,6.49,3+
Brian Martinez,ihudson@hotmail.com,Female,29,M.Tech,,Electrical,3rd Year,9.03,3+
Elizabeth Watson,sanderson@smith.com,Other,21,MCA,,ECE,1st Year,6.93,2
Jaime Johnson,carrie64@jones.org,Female,21,BCA,,CSE,4th Year,7.42,2
Blake Adkins III,scottclay@yahoo.com,Other,22,B.Sc,,Mechanical,Completed,8.62,1
Jennifer King,reyesjonathan@turner-wells.net,Other,28,M.Tech,,ECE,2nd Year,8.92,1
John Moore,christopherwright@clark.com,Other,27,BCA,,ECE,Completed,5.7,1
Alexander Lewis,ricardoford@hotmail.com,Male,20,BCA,,Civil,2nd Year,7.2,
Debra Shaw,connieharris@levy.com,Female,26,MCA,,ECE,2nd Year,9.85,
Tammy Jackson,mercedescollins@taylor.biz,Other,21,M.Sc,,CSE,1st Year,7.53,3+
Tammy Henson,carlos11@yahoo.com,Female,18,B.Sc,,Civil,3rd Year,7.86,2
Alejandra Campbell,megan21@hotmail.com,Female,18,M.Sc,,Mechanical,3rd Year,6.01,3+
Courtney Byrd MD,ellisonmarilyn@smith.com,Female,25,B.Tech,,Electrical,Completed,8.59,
Chad Thomas,huntjessica@spencer.com,Other,18,B.E,,Civil,Completed,5.21,3+
Tammy Nguyen,houstonnicholas@yahoo.com,Male,23,B.Tech,,CSE,3rd Year,7.16,
Christina Jackson,johnanderson@gmail.com,Male,18,M.Sc,,Civil,2nd Year,9.71,
Natalie Lara,nthompson@morris-miller.net,Other,29,B.Sc,,IT,3rd Year,5.04,1
Kimberly Nguyen,nathanrobbins@gonzales-smith.biz,Female,20,BCA,,Civil,3rd Year,9.6,
Duane Reeves,sgarcia@richardson-peters.com,Male,19,M.Tech,,CSE,2nd Year,7.16,
Todd Salas,brianreese@thomas.com,Other,22,B.Sc,,IT,2nd Year,7.94,1
Lisa Davis,mistyanderson@sanders.com,Female,21,M.Tech,,CSE,1st Year,5.39,2
David Bennett,lewiscrystal@gmail.com,Female,25,M.Sc,,CSE,2nd Year,5.62,2
Lindsay Martin,christinawilliams@mcgee.com,Male,23,B.Tech,,Civil,1st Year,8.47,3+
Tiffany Smith,cynthia52@cook.com,Male,28,B.Tech,,Mechanical,1st Year,8.79,1
Brandon Chen,kyleharvey@yahoo.com,Female,25,BCA,,Civil,2nd Year,9.95,2
Robert Vega,hdean@hotmail.com,Male,26,B.Tech,,Mechanical,4th Year,5.5,3+
Kristina Hernandez,unelson@gmail.com,Female,21,BCA,,Electrical,Completed,5.17,3+
Heather Cruz,vangmonique@jones.info,Male,19,B.E,,Electrical,1st Year,5.26,1
Michael Smith,zfreeman@fields.org,Male,23,MCA,,Civil,Completed,7.72,
Scott Contreras,sarah38@steele.net,Other,29,MCA,,Electrical,3rd Year,7.03,1
Chelsea Choi,twilson@acosta.com,Male,20,MCA,,CSE,Completed,5.83,1
Duane Reeves,sgarcia@richardson-peters.com,Male,19,M.Tech,,CSE,2nd Year,7.16,
Natalie Davis,david19@yahoo.com,Male,27,B.Sc,,ECE,2nd Year,8.22,3+
Hunter Atkins,schwartzwendy@massey.com,Female,22,Other,"Nurse, adult",Mechanical,Completed,9.12,
David Cervantes,ypowell@vega-guzman.net,Other,22,B.E,,IT,2nd Year,10.0,2
Alec Rosario,diana86@gmail.com,Other,26,M.Sc,,IT,3rd Year,8.7,1
Wesley Barker,rodriguezeric@hotmail.com,Male,27,M.Sc,,Civil,4th Year,5.54,3+
Jeffery Lane,ashley72@yahoo.com,Female,22,B.E,,Electrical,Completed,9.02,2
Kathleen Leonard,frenchjames@yahoo.com,Other,23,B.Tech,,Mechanical,2nd Year,8.02,1
Sarah Gardner,xwilliams@wells.org,Male,25,BCA,,Electrical,3rd Year,9.43,2
Jay Lee,tbowman@graham.org,Male,26,B.Sc,,CSE,1st Year,7.96,2
Tricia Meadows,pfisher@hotmail.com,Other,30,M.Tech,,Electrical,2nd Year,8.97,
David Garcia,contreraskatie@gmail.com,Male,21,Other,Product manager,IT,4th Year,9.1,2
Cynthia Green,debbie63@miller-pearson.com,Female,28,M.Sc,,Mechanical,1st Year,6.47,2
Jeffrey Yang,wanda78@gmail.com,Other,23,B.Sc,,Electrical,1st Year,5.43,2
Amanda Fisher,charles61@yahoo.com,Other,19,M.Tech,,Electrical,2nd Year,6.84,2
Jeffrey Cardenas,martinmelanie@hotmail.com,Female,21,BCA,,CSE,2nd Year,9.3,1
Cory Alexander,grayautumn@sosa-soto.com,Female,21,BCA,,Electrical,4th Year,8.92,3+
Rebecca Ingram,ysanford@hotmail.com,Other,21,M.Tech,,IT,3rd Year,6.59,3+
Carlos Baker,ramirezdaniel@parker-duke.com,Female,30,MCA,,Civil,1st Year,7.79,
Jennifer Lee,chandlertoni@lucas-stephens.org,Female,23,Other,Passenger transport manager,Civil,3rd Year,6.21,2
Diane Sims,jeffery45@brown.com,Other,19,M.Sc,,CSE,Completed,7.65,1
Christopher Mcgee,sonya75@yahoo.com,Other,27,B.Tech,,ECE,4th Year,8.15,2
Travis Jennings,smithkelly@yahoo.com,Male,29,B.E,,IT,3rd Year,5.5,
Paul Hodge,nhall@gmail.com,Female,23,B.Tech,,ECE,4th Year,8.38,1
Joshua Smith,jessica64@ochoa-holmes.org,Other,28,Other,Race relations officer,IT,Completed,8.25,1
Bradley Colon,owensrachel@hotmail.com,Male,18,BCA,,IT,1st Year,6.03,2
Angel Bailey,cramirez@abbott.com,Male,30,BCA,,Electrical,3rd Year,9.64,3+
Philip Perez,beardtanya@wolf-obrien.com,Male,26,Other,Art therapist,ECE,2nd Year,7.03,
Richard Hunt,walterbrandon@owens-lewis.com,Male,28,BCA,,Civil,Completed,6.33,3+
Megan Norman,xjordan@grant-martinez.com,Other,25,M.Tech,,Mechanical,3rd Year,9.63,2
Terrence Velasquez,jjohns@ramos.com,Other,28,Other,Control and instrumentation engineer,Mechanical,4th Year,9.77,
Robert Rocha,johnanderson@farley.com,Female,21,Other,Air broker,Electrical,Completed,8.69,1
Tina Gregory,vcarter@yahoo.com,Other,22,BCA,,IT,2nd Year,8.64,
Dustin Jones,kathleen27@gmail.com,Other,22,M.Tech,,ECE,Completed,8.8,2
Timothy Medina,xroth@gmail.com,Male,29,BCA,,IT,3rd Year,8.69,
Kathleen Vazquez,mwilson@gmail.com,Male,27,M.Tech,,ECE,2nd Year,6.01,
Alison Hall,johnsonmatthew@brown.com,Male,18,M.Sc,,CSE,1st Year,5.97,3+
Brian Williams,pricelaura@mckenzie.net,Male,21,M.Sc,,IT,4th Year,5.93,3+
Kent Cole,fernandezkimberly@gmail.com,Male,22,MCA,,CSE,4th Year,8.62,2
Chelsea Choi,twilson@acosta.com,Male,20,MCA,,CSE,Completed,5.83,1
Michael Smith,zfreeman@fields.org,Male,23,MCA,,Civil,Completed,7.72,
Clayton Turner,victorgibbs@roberts.biz,Female,22,B.E,,CSE,1st Year,6.0,3+
Ashley Diaz,dawnsheppard@davis.com,Other,25,B.E,,Electrical,1st Year,5.88,1
John Curry,thomasscott@silva-bowen.com,Other,25,MCA,,IT,1st Year,9.59,
Debra Vasquez,newmanjason@gmail.com,Other,26,M.Tech,,IT,3rd Year,6.91,1
Lance Murphy,ynelson@hotmail.com,Other,20,B.E,,Electrical,3rd Year,6.49,
Holly Grant,mary81@yahoo.com,Other,23,B.Sc,,Mechanical,1st Year,6.9,1
Kristen Jefferson,vasquezrobert@bell.com,Other,21,MCA,,CSE,3rd Year,6.54,1
Natalie Young,janicesparks@yahoo.com,Other,26,B.Tech,,ECE,2nd Year,9.44,
Sarah Daniel,carrjennifer@yahoo.com,Other,21,B.Tech,,CSE,1st Year,8.61,2
Lauren Willis,david02@gmail.com,Female,22,M.Tech,,CSE,3rd Year,7.51,3+
David Garcia,contreraskatie@gmail.com,Male,21,Other,Product manager,IT,4th Year,9.1,2
Sherry Clark,fjackson@hotmail.com,Male,23,BCA,,ECE,3rd Year,9.58,
Miss Joanna Matthews,christinehaley@yahoo.com,Female,21,B.Tech,,Mechanical,1st Year,9.82,
Tamara Frye,llee@west-wilson.com,Male,28,BCA,,CSE,3rd Year,6.6,1
Kara Wheeler,richardsbrandy@owens.com,Female,29,BCA,,Mechanical,3rd Year,6.03,2
Ashley Brooks,cbrewer@gmail.com,Male,25,M.Sc,,CSE,2nd Year,6.35,
Eugene White,msexton@gmail.com,Other,24,Other,IT consultant,Mechanical,Completed,9.2,3+
Michael Davila DVM,mcbridepatricia@hotmail.com,Other,22,B.Tech,,CSE,2nd Year,9.73,1
Keith Payne,vyoung@white.com,Other,25,Other,Marine scientist,IT,4th Year,8.7,
Christopher Kim,sherry76@alexander.info,Other,21,Other,Consulting civil engineer,ECE,4th Year,9.38,
Bradley Whitehead,hevans@gregory.com,Other,23,BCA,,ECE,4th Year,5.64,
Laura Lewis,sherrymyers@jones.com,Female,29,BCA,,Civil,3rd Year,5.32,3+
Katelyn Graham,ohampton@king.com,Female,18,B.Tech,,CSE,3rd Year,9.82,1
Kristina Hernandez,unelson@gmail.com,Female,21,BCA,,Electrical,Completed,5.17,3+
Robert Bowers,urodriguez@yahoo.com,Male,22,Other,Education administrator,Mechanical,4th Year,8.97,2
Jose Walls,aaronpeterson@shelton.com,Female,30,Other,Lobbyist,IT,4th Year,5.06,3+
Martin Howard,paul29@young.com,Female,29,M.Sc,,Mechanical,1st Year,6.11,
Deborah Lewis,warrenjacob@yahoo.com,Female,20,M.Sc,,Electrical,Completed,8.78,1
Michael Pacheco,ynorris@rosales-gilbert.com,Male,27,M.Sc,,CSE,2nd Year,7.45,
Gloria Lynn,sandralawrence@gmail.com,Other,21,Other,"Designer, furniture",IT,2nd Year,6.05,3+
Benjamin Davis,tina40@lowery.com,Male,22,M.Sc,,IT,3rd Year,8.17,3+
Bonnie Kelly,daviskimberly@baker-phillips.com,Male,28,B.E,,ECE,2nd Year,7.77,2
Andrew Munoz,cholloway@harrison-villarreal.org,Male,28,B.Tech,,CSE,4th Year,6.65,
Dylan Sutton,eugene71@hotmail.com,Male,26,M.Sc,,Civil,2nd Year,7.37,2
Jesse Boyer,emilyandrews@stone-alvarado.com,Male,30,M.Tech,,Electrical,Completed,6.5,2
Erin Hammond,emilymontgomery@hotmail.com,Female,24,B.Tech,,CSE,Completed,6.02,
Grant Oconnell,hilllaura@hotmail.com,Female,23,M.Tech,,IT,3rd Year,8.36,2
Garrett Blackwell,craigfrancis@gmail.com,Other,29,B.Tech,,Civil,Completed,7.97,2
Matthew Mitchell,umartin@tran.com,Other,30,Other,Learning disability nurse,IT,1st Year,9.38,3+
Tammy Henson,carlos11@yahoo.com,Female,18,B.Sc,,Civil,3rd Year,7.86,2
Christopher Fletcher,linda22@hotmail.com,Other,25,MCA,,Electrical,2nd Year,5.52,3+
John Roberts,nhendricks@yahoo.com,Female,23,B.E,,ECE,1st Year,9.66,1
Alyssa Cameron,jacksonjose@sanchez.com,Female,18,B.Tech,,IT,2nd Year,7.07,2
Carlos Hoover,thomascarpenter@matthews.com,Female,20,BCA,,CSE,2nd Year,6.05,
Jeremy Bell,timothy93@evans.com,Other,30,M.Tech,,Mechanical,1st Year,9.87,2
Steven Tucker,thomaswood@yahoo.com,Male,27,B.E,,Civil,Completed,9.94,2
Michael Martinez,edwinlee@gmail.com,Other,22,M.Sc,,CSE,Completed,9.07,3+
Daniel Lara,bryanholmes@hotmail.com,Female,24,M.Tech,,Electrical,3rd Year,7.81,
Kara Wheeler,richardsbrandy@owens.com,Female,29,BCA,,Mechanical,3rd Year,6.03,2
Deborah Cortez,hardinkayla@gmail.com,Male,21,BCA,,Mechanical,3rd Year,7.1,
James Williams,davisrichard@hotmail.com,Female,29,Other,"Engineer, communications",Mechanical,1st Year,8.99,3+
Laura Keller,barbara07@schroeder.com,Male,28,Other,Customer service manager,Electrical,Completed,7.37,1
Deborah Rivera,joselopez@bauer.info,Other,18,BCA,,Mechanical,4th Year,5.61,3+
Mary Valenzuela,michael69@yahoo.com,Female,23,BCA,,Mechanical,Completed,7.33,1
Jeffrey Lee,rachaelmartin@kirby.com,Male,18,B.Sc,,IT,4th Year,9.23,1
Timothy Yates,brendacarter@cooper.net,Male,24,Other,Minerals surveyor,Civil,Completed,5.83,2
Carolyn Smith,athomas@yahoo.com,Other,25,B.Tech,,Civil,Completed,7.41,3+
William Molina,randymedina@yahoo.com,Male,25,B.E,,Civil,4th Year,8.49,3+
Laura Moran,dtran@hotmail.com,Other,29,MCA,,CSE,1st Year,9.2,2
Christian White,bowmantanya@randall.info,Male,20,B.Tech,,ECE,4th Year,8.73,
Jennifer Lopez,rodriguezmatthew@lee.net,Female,27,MCA,,Mechanical,1st Year,9.94,1
Mary Carter,melvin83@barnes.net,Female,23,M.Tech,,Electrical,Completed,5.01,2
Lindsay Anderson,michael08@gmail.com,Female,30,B.E,,Mechanical,3rd Year,6.21,2
Suzanne Diaz,calvingriffin@ortiz.info,Other,18,MCA,,Mechanical,Completed,6.32,1
Lisa Ferguson,qbriggs@wilson.net,Other,23,B.Sc,,Mechanical,4th Year,5.42,3+
Joshua Jensen,adam66@woods-small.com,Male,22,B.E,,ECE,1st Year,5.72,
Thomas Donovan,wgill@yahoo.com,Male,22,B.Sc,,Electrical,Completed,8.43,
Robert Rocha,johnanderson@farley.com,Female,21,Other,Air broker,Electrical,Completed,8.69,1
Allison Rodgers,lbenjamin@contreras-english.com,Male,22,B.Sc,,Mechanical,3rd Year,9.48,2
Amber Yates,adriana83@yahoo.com,Female,21,MCA,,CSE,1st Year,8.79,3+
John Porter,petersonlogan@hotmail.com,Other,23,Other,"Designer, fashion/clothing",Civil,3rd Year,6.71,2
Cynthia Parker,pattongary@kelly.com,Female,25,B.E,,Mechanical,1st Year,8.59,3+
Kimberly Powell,zjuarez@petersen-hughes.com,Female,18,BCA,,IT,Completed,5.55,3+
Olivia Hernandez,deborah08@hotmail.com,Other,22,BCA,,Civil,2nd Year,10.0,2
Lindsay Martin,christinawilliams@mcgee.com,Male,23,B.Tech,,Civil,1st Year,8.47,3+
Maria Schneider,laurahoward@barry-estrada.info,Male,28,BCA,,ECE,2nd Year,8.1,1
Patrick Chambers,pbowen@lee-olson.com,Other,28,B.E,,Civil,3rd Year,7.32,2
Nicole Johnson,qnewton@hotmail.com,Male,30,Other,Press sub,IT,2nd Year,7.24,
James Williams,davisrichard@hotmail.com,Female,29,Other,"Engineer, communications",Mechanical,1st Year,8.99,3+
Karen Hogan,cwilliams@rodriguez.com,Male,24,M.Sc,,IT,4th Year,8.84,
Todd Schneider,rdean@yahoo.com,Other,27,BCA,,Civil,1st Year,9.4,2
Rebecca Ingram,ysanford@hotmail.com,Other,21,M.Tech,,IT,3rd Year,6.59,3+
Robert Collier,kimberlyblankenship@kim.com,Male,28,B.Sc,,CSE,4th Year,8.61,1
Amber Riley,rushchristopher@hotmail.com,Female,25,B.Tech,,Civil,1st Year,8.11,3+
Cynthia Parker,pattongary@kelly.com,Female,25,B.E,,Mechanical,1st Year,8.59,3+
Amy Herrera,david13@gmail.com,Other,19,BCA,,Civil,Completed,6.16,
Lisa Powell,rhonda85@yahoo.com,Male,22,M.Sc,,ECE,4th Year,7.62,
Matthew Howard,vancewhitney@gmail.com,Other,20,Other,"Therapist, drama",Civil,4th Year,7.53,
Joseph Rodgers,tblankenship@ramirez.biz,Female,18,BCA,,IT,1st Year,6.89,2
Terry Navarro,chad95@ellis.com,Other,30,Other,Dramatherapist,CSE,2nd Year,7.51,2
Patrick Parker,josephwilkins@padilla.net,Female,30,M.Sc,,CSE,4th Year,7.69,
Alexandria Townsend,uprince@lopez.net,Male,19,B.Tech,,Electrical,3rd Year,9.94,1
Robert Collier,kimberlyblankenship@kim.com,Male,28,B.Sc,,CSE,4th Year,8.61,1
Dawn Lawrence,malikunderwood@yahoo.com,Male,20,MCA,,ECE,Completed,7.45,3+
Lisa Phillips,hallcynthia@miller.org,Male,28,MCA,,IT,3rd Year,8.38,3+
Bryan King,sara20@gmail.com,Other,30,Other,Special educational needs teacher,Mechanical,2nd Year,6.47,1
Angelica Henry,kendrapotter@maynard.com,Male,28,BCA,,ECE,4th Year,9.98,
Kevin Ho,ernestbailey@gmail.com,Male,24,M.Tech,,CSE,1st Year,7.86,2
Dr. Laura Spencer,caroline25@cunningham.com,Other,24,B.Tech,,IT,4th Year,9.98,3+
Kathryn Cole,snyderstephanie@reese.info,Male,26,MCA,,Civil,4th Year,6.69,3+
Nathan Bowers,michaelsellers@trevino-ramirez.com,Male,18,Other,Lawyer,CSE,3rd Year,7.16,1
Cassandra Greene,spencer08@wallace.biz,Female,28,B.E,,Electrical,2nd Year,7.94,2
Duane Arnold,castillorandall@griffin-duran.com,Male,25,B.E,,ECE,4th Year,5.12,3+
Jennifer Lopez,rodriguezmatthew@lee.net,Female,27,MCA,,Mechanical,1st Year,9.94,1
Michelle Valdez,richardstafford@yahoo.com,Male,23,B.Sc,,ECE,4th Year,8.75,
Jeffrey Davis,vmcneil@hotmail.com,Female,18,B.Tech,,Electrical,1st Year,7.13,
Marie Parker,phogan@jackson-higgins.com,Female,19,B.E,,ECE,2nd Year,9.57,3+
James Simpson,dwilliams@yahoo.com,Other,24,B.Tech,,ECE,4th Year,7.49,1
Alexandria Townsend,uprince@lopez.net,Male,19,B.Tech,,Electrical,3rd Year,9.94,1
Laura Pierce,jamesrussell@gmail.com,Other,23,M.Sc,,CSE,2nd Year,7.41,3+
Scott Cole,jedwards@hansen-freeman.org,Other,24,M.Tech,,CSE,3rd Year,8.89,
Christopher Brown,kellycampos@gmail.com,Female,20,M.Tech,,Mechanical,3rd Year,7.52,1
James Davenport,dwarren@yahoo.com,Other,19,BCA,,CSE,Completed,5.99,2
Amanda Fisher,charles61@yahoo.com,Other,19,M.Tech,,Electrical,2nd Year,6.84,2
Peter Pham,ryan79@hotmail.com,Other,20,M.Tech,,Electrical,1st Year,7.09,2
Tammy Christian PhD,elizabethtrujillo@hotmail.com,Female,29,B.Sc,,ECE,1st Year,9.23,
Marissa Willis,cstewart@hotmail.com,Female,27,M.Tech,,ECE,2nd Year,7.63,1
Brandon Mccormick,nhayes@hotmail.com,Female,21,B.E,,IT,4th Year,7.48,3+
Natalie Davis,david19@yahoo.com,Male,27,B.Sc,,ECE,2nd Year,8.22,3+
Elizabeth Campbell,hellis@joseph-nolan.org,Male,27,Other,Interpreter,Civil,Completed,6.03,1
Jay Lee,tbowman@graham.org,Male,26,B.Sc,,CSE,1st Year,7.96,2
Jessica Carter,millerjennifer@gmail.com,Other,26,M.Tech,,Mechanical,1st Year,6.44,1
Dalton Williams,matthew16@cunningham-powell.org,Female,28,B.E,,Electrical,Completed,9.92,1
Amy Jensen,madams@walker.com,Other,25,BCA,,CSE,1st Year,5.84,
Nicholas Williams,hobbschristina@smith.org,Other,20,B.Sc,,Electrical,Completed,7.52,
Katherine Clay,denisecortez@smith.net,Other,21,MCA,,ECE,4th Year,7.42,2
Christopher Fletcher,linda22@hotmail.com,Other,25,MCA,,Electrical,2nd Year,5.52,3+
Elizabeth Campbell,hellis@joseph-nolan.org,Male,27,Other,Interpreter,Civil,Completed,6.03,1
Joshua Smith,jessica64@ochoa-holmes.org,Other,28,Other,Race relations officer,IT,Completed,8.25,1
Christina Martinez,perryregina@gmail.com,Other,22,B.Sc,,Civil,1st Year,6.96,
Penny Mitchell,patricksimpson@sandoval.com,Other,29,M.Sc,,Electrical,1st Year,7.46,1
Nathan Bowers,michaelsellers@trevino-ramirez.com,Male,18,Other,Lawyer,CSE,3rd Year,7.16,1
Terry Mercado,amberdowns@nunez-washington.net,Other,30,MCA,,Mechanical,4th Year,8.06,
Nathan Bowers,michaelsellers@trevino-ramirez.com,Male,18,Other,Lawyer,CSE,3rd Year,7.16,1
Bethany Navarro,nicholas95@yahoo.com,Other,24,B.E,,Electrical,Completed,9.44,1
Lindsey Alexander,hallnancy@smith.org,Male,29,M.Tech,,Mechanical,2nd Year,9.77,
Amy Welch,dweber@yahoo.com,Male,26,B.E,,Civil,4th Year,5.95,
Sarah Rivera,charleslopez@hotmail.com,Male,23,Other,Advertising copywriter,Mechanical,1st Year,5.03,1
Amy Welch,dweber@yahoo.com,Male,26,B.E,,Civil,4th Year,5.95,
Carmen Tapia,joseph82@gmail.com,Other,30,B.Tech,,Mechanical,2nd Year,5.55,
Deanna Richmond,danielle96@yahoo.com,Female,29,Other,Counselling psychologist,Mechanical,Completed,5.21,
Todd Cherry,sarah93@gmail.com,Female,25,BCA,,ECE,4th Year,9.83,2
Troy Holden,claire01@kerr.com,Male,30,BCA,,Mechanical,3rd Year,9.69,
Willie Alvarez,tmcneil@ferguson.com,Male,18,B.E,,Mechanical,2nd Year,9.4,3+
Amy Brown,rachelcook@hotmail.com,Male,26,B.E,,ECE,4th Year,8.14,3+
Gloria Lynn,sandralawrence@gmail.com,Other,21,Other,"Designer, furniture",IT,2nd Year,6.05,3+
Jeffrey Roberts,elizabeth01@hicks.com,Other,25,BCA,,ECE,4th Year,7.97,3+
Charles Collins,jchavez@smith.org,Female,21,M.Tech,,Civil,4th Year,5.73,1
Christopher Mcgee,sonya75@yahoo.com,Other,27,B.Tech,,ECE,4th Year,8.15,2
Jessica Weber,michellerandall@hotmail.com,Female,23,B.Tech,,CSE,1st Year,7.24,2
Richard Garrett,ireed@gmail.com,Male,25,M.Tech,,Mechanical,2nd Year,8.95,1
Danielle Walker,dustinperez@gmail.com,Male,26,M.Tech,,Civil,4th Year,8.35,3+
Dawn Franklin,benjamin05@yahoo.com,Male,18,B.Tech,,Civil,4th Year,7.78,2
Shane Church,swansonkimberly@johnson.net,Other,28,MCA,,CSE,Completed,6.5,
Holly Grant,mary81@yahoo.com,Other,23,B.Sc,,Mechanical,1st Year,6.9,1
Eric Davis,kimberlyyoung@gmail.com,Male,24,M.Sc,,Civil,1st Year,8.4,2
Jessica Brooks,qdurham@yahoo.com,Other,20,B.Sc,,IT,Completed,5.84,2
Miss Joanna Matthews,christinehaley@yahoo.com,Female,21,B.Tech,,Mechanical,1st Year,9.82,
David Lane,qmartin@yahoo.com,Female,30,Other,Radio producer,Civil,Completed,6.14,2
Casey Nguyen,ndyer@turner-leon.com,Other,26,B.E,,Civil,1st Year,7.8,
Lance Graham,david92@yahoo.com,Other,28,Other,Dance movement psychotherapist,ECE,4th Year,6.83,2
Nicole Flowers,mdavis@craig.com,Male,20,B.Tech,,Mechanical,4th Year,7.55,2
Scott Cole,jedwards@hansen-freeman.org,Other,24,M.Tech,,CSE,3rd Year,8.89,
Todd Brewer,mrussell@griffin-martin.com,Other,26,B.Tech,,CSE,2nd Year,5.78,
Jose Walls,aaronpeterson@shelton.com,Female,30,Other,Lobbyist,IT,4th Year,5.06,3+
Carmen Owen,kaitlynwebb@baker-flowers.com,Female,25,M.Tech,,CSE,4th Year,7.83,
Dr. Matthew Henderson,jeffreymorgan@alexander-roberts.com,Male,28,MCA,,Mechanical,1st Year,5.97,2
Tiffany Smith,cynthia52@cook.com,Male,28,B.Tech,,Mechanical,1st Year,8.79,1
Tara Allen,russellstafford@hotmail.com,Other,29,M.Tech,,CSE,1st Year,7.94,2
Michael Rodriguez,mwise@hotmail.com,Male,29,B.Sc,,Electrical,1st Year,5.47,1
Joseph Rodgers,tblankenship@ramirez.biz,Female,18,BCA,,IT,1st Year,6.89,2
Margaret Freeman,jasonpearson@gmail.com,Female,20,MCA,,Mechanical,2nd Year,5.84,2
Richard Wilson,zmathews@lopez.biz,Male,25,MCA,,ECE,2nd Year,7.8,2
Michele Wilson,meganmoreno@patterson-stevens.com,Female,29,B.E,,IT,2nd Year,9.42,3+
Richard Hunt,walterbrandon@owens-lewis.com,Male,28,BCA,,Civil,Completed,6.33,3+
Charles Davis,william22@yahoo.com,Other,19,B.E,,Electrical,2nd Year,5.73,3+
Lauren Morales,zramirez@yahoo.com,Other,30,B.E,,Electrical,3rd Year,9.72,1
Ariel Davis,wrightcraig@yahoo.com,Female,19,BCA,,ECE,4th Year,6.4,
David Baker,tylerstevenson@hotmail.com,Male,30,M.Tech,,Mechanical,2nd Year,9.63,
Ruben Bell,rlewis@yahoo.com,Male,22,B.E,,CSE,Completed,9.13,1
Curtis Vasquez,williamselizabeth@hotmail.com,Other,20,B.Sc,,CSE,4th Year,6.21,3+
Elizabeth Smith,jamesstephanie@gmail.com,Male,25,B.Tech,,IT,3rd Year,5.03,1
Erica Moore,mary08@atkinson.com,Other,22,M.Sc,,IT,4th Year,5.47,3+
Antonio Garcia,petersana@gmail.com,Male,26,MCA,,ECE,Completed,5.08,2
Mary Martinez,lewisjulia@lucas.biz,Female,25,M.Tech,,ECE,1st Year,9.95,3+
Debra Shaw,connieharris@levy.com,Female,26,MCA,,ECE,2nd Year,9.85,
Susan Mccall,katherinekelly@hotmail.com,Other,25,M.Tech,,ECE,4th Year,6.62,2
James Schmidt,dylan26@yahoo.com,Other,26,B.Tech,,ECE,4th Year,9.81,
Jeffery Lane,ashley72@yahoo.com,Female,22,B.E,,Electrical,Completed,9.02,2
Andrea Gibson,johnsonjoseph@hart-hayes.net,Other,23,B.Tech,,Mechanical,3rd Year,7.83,2
Rebecca Stout,john02@yahoo.com,Male,24,M.Sc,,Mechanical,1st Year,8.51,2
Suzanne Diaz,calvingriffin@ortiz.info,Other,18,MCA,,Mechanical,Completed,6.32,1
Ashley Arnold,kyle37@miller-preston.com,Female,28,M.Sc,,Mechanical,3rd Year,6.88,3+
Charles Davis,william22@yahoo.com,Other,19,B.E,,Electrical,2nd Year,5.73,3+
Charles Johnson,nmora@short-hernandez.com,Male,29,M.Tech,,Mechanical,3rd Year,8.18,1
Christine Harris,reesetimothy@blackwell.biz,Male,25,B.Sc,,Civil,2nd Year,9.15,1
Cheryl Terrell,shannon51@hoover-butler.com,Male,26,B.Tech,,CSE,2nd Year,9.55,1
Heather Ross,grahamkyle@yahoo.com,Male,24,B.Tech,,Civil,1st Year,6.26,
Joshua Allison,nicholasmiller@fowler.com,Female,26,M.Tech,,IT,2nd Year,7.18,2
Jose Walls,aaronpeterson@shelton.com,Female,30,Other,Lobbyist,IT,4th Year,5.06,3+
Brandon Grant,cynthiahernandez@gmail.com,Other,20,M.Tech,,Electrical,Completed,8.57,3+
Jason Ayala,kim99@huynh-jacobs.com,Female,21,B.Sc,,Mechanical,4th Year,5.23,1
Gregory Jones,denise54@holland.net,Male,23,B.Tech,,Civil,2nd Year,8.02,
Anthony Jimenez,emack@martin.com,Male,19,B.Sc,,Mechanical,4th Year,8.42,3+
Christine Harris,reesetimothy@blackwell.biz,Male,25,B.Sc,,Civil,2nd Year,9.15,1
Stephanie Schmidt,james22@yahoo.com,Male,30,B.E,,ECE,1st Year,9.43,3+
Stephanie Boyer,danachandler@gmail.com,Other,25,MCA,,Civil,2nd Year,9.35,3+
Jay Lee,tbowman@graham.org,Male,26,B.Sc,,CSE,1st Year,7.96,2
Cassidy Wilson,gregory70@gmail.com,Male,23,B.E,,IT,1st Year,9.79,3+
Michael Johnson,richardsandrea@hotmail.com,Male,21,B.E,,ECE,4th Year,6.74,
Michelle Hill,lisa38@curtis.net,Other,18,M.Sc,,Mechanical,Completed,7.96,2
Lisa Ferguson,qbriggs@wilson.net,Other,23,B.Sc,,Mechanical,4th Year,5.42,3+
Robert Ward,angela01@hotmail.com,Female,30,M.Sc,,IT,Completed,6.38,
Jennifer Mccarty,jamesjames@garcia-thompson.com,Other,30,M.Sc,,IT,Completed,8.24,
Jason Thomas,gponce@anderson.com,Male,21,M.Sc,,Electrical,2nd Year,9.88,
Marie Parker,phogan@jackson-higgins.com,Female,19,B.E,,ECE,2nd Year,9.57,3+
Christopher Blair,kleincameron@hotmail.com,Female,23,B.Sc,,CSE,2nd Year,9.76,
Mark Oconnor,rogersbrandon@johnson-bradley.com,Female,27,M.Tech,,Civil,3rd Year,8.5,
Nicole Johnson,qnewton@hotmail.com,Male,30,Other,Press sub,IT,2nd Year,7.24,
David Bowen MD,hdavis@beard.com,Other,18,B.Tech,,Mechanical,4th Year,5.56,3+
Jay Lee,tbowman@graham.org,Male,26,B.Sc,,CSE,1st Year,7.96,2
Glenn Smith,adavis@hotmail.com,Female,27,B.E,,Mechanical,Completed,5.55,
Debra Henry,cathy63@zamora.net,Male,24,B.Sc,,IT,1st Year,8.15,
Jose Reyes,smithjohn@gmail.com,Female,23,B.Tech,,CSE,3rd Year,8.69,1
Kenneth Davies,nicholasmartin@gmail.com,Female,27,MCA,,ECE,Completed,6.4,1
Joshua Soto,lorismith@hotmail.com,Male,21,M.Tech,,ECE,4th Year,8.95,3+
Heather Ross,grahamkyle@yahoo.com,Male,24,B.Tech,,Civil,1st Year,6.26,
Bradley Whitehead,hevans@gregory.com,Other,23,BCA,,ECE,4th Year,5.64,
Alexis Bush,dscott@villa.biz,Other,28,B.Tech,,IT,Completed,5.31,1
Phillip Huerta,joseph85@cruz.net,Female,19,M.Sc,,IT,3rd Year,6.51,2
Christopher Warner,upowell@carrillo-martin.biz,Male,30,M.Sc,,Civil,4th Year,9.37,3+
Carlos Bell,tanyaalvarado@yahoo.com,Other,29,B.E,,ECE,3rd Year,6.59,
Donna Wallace,tracychen@cardenas.com,Female,27,B.Tech,,CSE,4th Year,8.11,
Cheryl Terrell,shannon51@hoover-butler.com,Male,26,B.Tech,,CSE,2nd Year,9.55,1
Tammy Christian PhD,elizabethtrujillo@hotmail.com,Female,29,B.Sc,,ECE,1st Year,9.23,
Matthew Watson,cmiller@hotmail.com,Other,18,M.Sc,,CSE,4th Year,8.14,3+
Wayne Marshall,patrickgriffith@boyd.com,Other,30,M.Tech,,Electrical,3rd Year,6.44,3+
Kristina Hernandez,unelson@gmail.com,Female,21,BCA,,Electrical,Completed,5.17,3+
Dr. Chelsea Rodriguez,villanuevamatthew@levy-lawson.com,Female,28,MCA,,Electrical,1st Year,7.23,2
Patrick Randolph,michael89@werner.biz,Other,20,M.Sc,,Mechanical,2nd Year,5.43,3+
Justin Humphrey,zdavis@newton.com,Male,24,Other,Seismic interpreter,CSE,4th Year,6.45,
Ryan Garrison,gpowell@moore.com,Other,22,M.Tech,,ECE,Completed,7.33,1
Mark Hudson,vswanson@miller.com,Other,29,M.Tech,,IT,Completed,9.32,1
Megan Fuentes,jennifer35@wright.com,Male,30,B.Tech,,Mechanical,3rd Year,7.17,
David Lane,qmartin@yahoo.com,Female,30,Other,Radio producer,Civil,Completed,6.14,2
Michael Adams,katie76@gmail.com,Female,20,M.Tech,,Mechanical,4th Year,8.9,3+
Angel Bailey,cramirez@abbott.com,Male,30,BCA,,Electrical,3rd Year,9.64,3+
Jessica Carter,millerjennifer@gmail.com,Other,26,M.Tech,,Mechanical,1st Year,6.44,1
Frances Oneill,valentineallen@gmail.com,Female,30,B.Sc,,CSE,2nd Year,5.72,
Jessica Carter,millerjennifer@gmail.com,Other,26,M.Tech,,Mechanical,1st Year,6.44,1
Timothy Calderon,reedgabriel@yahoo.com,Other,25,B.Tech,,CSE,1st Year,9.44,2
Matthew Mitchell,umartin@tran.com,Other,30,Other,Learning disability nurse,IT,1st Year,9.38,3+
Michelle Hill,lisa38@curtis.net,Other,18,M.Sc,,Mechanical,Completed,7.96,2
Bobby Howell,kimashlee@matthews.info,Male,26,M.Tech,,CSE,1st Year,5.08,3+
Shannon Sosa,gonzalezcatherine@gomez-davis.net,Other,26,M.Sc,,Mechanical,1st Year,9.79,
Heather Werner,fernandezlauren@gmail.com,Other,22,M.Tech,,Electrical,1st Year,9.08,2
Elizabeth Hunter,susanclark@reyes.com,Male,18,M.Tech,,ECE,Completed,6.17,3+
Barbara Howard,adam94@ramsey-meyer.com,Male,22,B.Sc,,IT,2nd Year,7.6,
Joseph Curry,robertsharp@tyler.org,Female,26,BCA,,Civil,3rd Year,5.79,2
Melissa Barron,taylorkelley@hotmail.com,Other,24,BCA,,Mechanical,1st Year,5.33,
Adam Martin,heidistanley@howell.com,Other,24,M.Sc,,IT,2nd Year,8.22,2
Natalie Young,janicesparks@yahoo.com,Other,26,B.Tech,,ECE,2nd Year,9.44,
Andrea Gibson,johnsonjoseph@hart-hayes.net,Other,23,B.Tech,,Mechanical,3rd Year,7.83,2
Tina Gregory,vcarter@yahoo.com,Other,22,BCA,,IT,2nd Year,8.64,
Jessica Robinson,thomasday@giles-richards.com,Other,23,Other,Insurance account manager,Civil,3rd Year,7.79,1
Patrick Chambers,pbowen@lee-olson.com,Other,28,B.E,,Civil,3rd Year,7.32,2
Anna Baker,ricardo09@gomez.com,Female,26,M.Tech,,Mechanical,3rd Year,9.26,
Maria Gill,deborahnoble@hotmail.com,Male,27,B.Tech,,Electrical,Completed,9.3,3+
Paula Cox,stephen99@martin.com,Other,19,M.Tech,,ECE,Completed,8.12,2
Diane Sims,jeffery45@brown.com,Other,19,M.Sc,,CSE,Completed,7.65,1
Gary Ellis,haletanya@gmail.com,Other,25,MCA,,Electrical,2nd Year,7.31,
Shawn Wiggins,shannon66@yahoo.com,Male,28,B.Sc,,ECE,2nd Year,8.12,
Edward Walker,eric90@gmail.com,Male,23,M.Sc,,Electrical,4th Year,6.8,2
Elizabeth Arnold,nrice@woods-morris.info,Female,30,B.Tech,,IT,3rd Year,6.15,
Ashley Brooks,cbrewer@gmail.com,Male,25,M.Sc,,CSE,2nd Year,6.35,
Steven Miranda,matthewponce@hotmail.com,Other,21,B.E,,Electrical,3rd Year,6.22,3+
Adrian Ward,carol53@hotmail.com,Male,21,B.Tech,,ECE,4th Year,5.54,
Todd Orr,gmontgomery@yahoo.com,Female,27,M.Tech,,CSE,4th Year,9.33,2
Devin Woods,thompsonsarah@goodwin-brown.info,Male,27,M.Sc,,Civil,2nd Year,9.13,3+
Joseph Ramirez,yoderlarry@tran.com,Male,25,M.Tech,,IT,1st Year,9.03,2
Mary Carter,melvin83@barnes.net,Female,23,M.Tech,,Electrical,Completed,5.01,2
Lindsay Thompson,romerogina@martinez.biz,Female,18,M.Sc,,IT,4th Year,9.6,1
Lauren Morales,zramirez@yahoo.com,Other,30,B.E,,Electrical,3rd Year,9.72,1
Veronica Stephens,icastro@fisher.biz,Other,20,B.E,,Civil,4th Year,9.32,1
Dylan Sutton,eugene71@hotmail.com,Male,26,M.Sc,,Civil,2nd Year,7.37,2
Alicia Foley,kathryndavis@matthews.com,Female,23,M.Tech,,IT,1st Year,7.92,
Lauren Morales,zramirez@yahoo.com,Other,30,B.E,,Electrical,3rd Year,9.72,1
Jennifer Wilson,imercado@york.info,Female,18,M.Sc,,Civil,Completed,8.35,1
Kevin Hampton,michael96@johnson-li.info,Other,28,B.Sc,,Mechanical,Completed,6.18,1
Kristen Jefferson,vasquezrobert@bell.com,Other,21,MCA,,CSE,3rd Year,6.54,1
Karen Wallace,melissa33@murillo.com,Other,23,Other,General practice doctor,Mechanical,2nd Year,9.6,3+
Lisa Phillips,hallcynthia@miller.org,Male,28,MCA,,IT,3rd Year,8.38,3+
Jacqueline Long,raymondweber@yahoo.com,Female,30,B.Tech,,Mechanical,2nd Year,8.52,
Jacqueline David,meganmendoza@gmail.com,Other,28,B.Sc,,IT,4th Year,6.44,
Carolyn Mahoney,nichole84@gmail.com,Other,25,MCA,,Electrical,Completed,5.7,2
Xavier Mccann,rhampton@yahoo.com,Male,24,Other,Social worker,Mechanical,4th Year,6.6,1
Thomas Donovan,wgill@yahoo.com,Male,22,B.Sc,,Electrical,Completed,8.43,
Paul Ramos,sherry92@bennett.com,Male,24,M.Tech,,Electrical,2nd Year,8.6,1
Debra Peterson,weaverjason@todd-rasmussen.net,Female,21,B.Tech,,Mechanical,1st Year,5.14,1
Kylie Fields,waterslouis@rich-lawson.info,Male,22,B.Sc,,Electrical,Completed,5.42,1
Marisa Flowers,joy29@yahoo.com,Other,28,Other,Artist,Electrical,2nd Year,6.35,3+
Tyler Levy,geraldcooper@walker-rodriguez.biz,Female,28,B.Tech,,Mechanical,Completed,7.82,3+
Marilyn Perez,elizabethgarner@gmail.com,Female,23,Other,Advertising art director,Electrical,Completed,6.02,1
Duane Reeves,sgarcia@richardson-peters.com,Male,19,M.Tech,,CSE,2nd Year,7.16,
John Porter,petersonlogan@hotmail.com,Other,23,Other,"Designer, fashion/clothing",Civil,3rd Year,6.71,2
Thomas Gonzales,ychung@yahoo.com,Male,26,Other,Mining engineer,Mechanical,Completed,9.25,
Victor Sosa,mallory99@mcguire.com,Other,21,BCA,,CSE,3rd Year,8.09,1
Deanna Shepherd,crosszachary@hotmail.com,Male,19,BCA,,Electrical,4th Year,9.83,1
Daniel Lara,bryanholmes@hotmail.com,Female,24,M.Tech,,Electrical,3rd Year,7.81,
Erin Hammond,emilymontgomery@hotmail.com,Female,24,B.Tech,,CSE,Completed,6.02,
Andre Rivas,jefferyferguson@taylor.com,Other,27,BCA,,CSE,1st Year,7.19,1
Cindy Brown,williamsjessica@hotmail.com,Male,22,Other,Oceanographer,Electrical,1st Year,6.96,3+
Joseph Sellers,ewarren@davis.org,Female,28,B.Tech,,Civil,4th Year,6.91,1
Tonya Velez,jzimmerman@gmail.com,Male,22,B.E,,Mechanical,1st Year,7.6,
Paula Burns,samuelfowler@hotmail.com,Male,21,MCA,,Civil,2nd Year,5.33,
Mikayla Palmer,smithdiana@leach.com,Male,27,Other,"Teacher, English as a foreign language",ECE,4th Year,5.78,2
Rebecca Martinez,jessicahill@stephens-lara.com,Male,30,B.E,,ECE,4th Year,6.87,1
Victor Sosa,mallory99@mcguire.com,Other,21,BCA,,CSE,3rd Year,8.09,1
Scott Rodriguez,robinrobinson@norton.info,Male,25,M.Tech,,CSE,Completed,8.7,
William Mcgee,jill58@lowery-mcdowell.net,Female,26,M.Sc,,ECE,4th Year,6.4,3+
Erica Moore,mary08@atkinson.com,Other,22,M.Sc,,IT,4th Year,5.47,3+
Cynthia Parker,pattongary@kelly.com,Female,25,B.E,,Mechanical,1st Year,8.59,3+
Robert Solis,arianahernandez@yahoo.com,Female,28,BCA,,Electrical,1st Year,5.73,
Cynthia Mayo,urodriguez@yahoo.com,Male,30,Other,"Journalist, broadcasting",IT,1st Year,6.22,3+
Miss Joanna Matthews,christinehaley@yahoo.com,Female,21,B.Tech,,Mechanical,1st Year,9.82,
Stephanie Murphy,mitchellkaitlin@hotmail.com,Female,22,M.Sc,,IT,2nd Year,9.69,
Michael Williams,unelson@hotmail.com,Male,25,MCA,,ECE,Completed,9.13,
Daniel Lara,bryanholmes@hotmail.com,Female,24,M.Tech,,Electrical,3rd Year,7.81,
David Johnson,kmullen@gmail.com,Female,25,M.Tech,,IT,1st Year,5.62,
Kelly Terry,klee@vasquez-johnson.info,Female,27,BCA,,CSE,1st Year,8.05,3+
Scott Contreras,sarah38@steele.net,Other,29,MCA,,Electrical,3rd Year,7.03,1
Jonathan Lindsey,elittle@anderson-velez.com,Male,26,B.Tech,,Mechanical,2nd Year,7.54,1
Michael Goodwin,yphillips@hotmail.com,Other,26,B.E,,CSE,3rd Year,8.64,1
Samantha Morgan,ferrellgregory@ray.com,Male,20,B.E,,Mechanical,1st Year,6.74,
Sheena Webb,smithconnie@gmail.com,Female,20,BCA,,Civil,1st Year,5.45,1
Andrea Elliott,twhite@salazar.info,Female,23,M.Tech,,Civil,1st Year,8.39,
Michael Pacheco,ynorris@rosales-gilbert.com,Male,27,M.Sc,,CSE,2nd Year,7.45,
Courtney Byrd MD,ellisonmarilyn@smith.com,Female,25,B.Tech,,Electrical,Completed,8.59,
Sean Chavez,alyssa39@yahoo.com,Female,27,B.Tech,,ECE,2nd Year,6.71,2
Jessica Robinson,thomasday@giles-richards.com,Other,23,Other,Insurance account manager,Civil,3rd Year,7.79,1
Carrie Ayala,ariana57@cobb.com,Female,19,M.Sc,,ECE,1st Year,7.38,
Tracy Allen,ylopez@mcintyre.info,Male,25,B.Tech,,CSE,3rd Year,7.01,
Philip Atkins,terry93@velazquez-dunn.com,Other,24,B.Sc,,Mechanical,2nd Year,6.12,1
Edward Smith,kelsey08@gmail.com,Female,25,B.E,,Electrical,1st Year,9.8,2
Debra Vasquez,newmanjason@gmail.com,Other,26,M.Tech,,IT,3rd Year,6.91,1
Amanda Carrillo,andersoncharles@hernandez-brown.net,Other,21,Other,Nature conservation officer,Electrical,Completed,9.56,3+
Erik Rogers,wbright@yahoo.com,Male,24,B.Sc,,Electrical,3rd Year,7.99,
Amber Arias,wanda25@phillips.com,Other,18,MCA,,Civil,2nd Year,8.38,
Daniel Tucker,william63@yahoo.com,Female,28,Other,"Nurse, adult",Civil,Completed,5.4,
Rachael Patterson,ashley16@carter-west.com,Female,30,B.E,,ECE,Completed,7.13,2
Nicole Morales,garnerwilliam@robinson-murray.net,Other,20,Other,Risk manager,CSE,1st Year,8.02,2
Jeffrey Cardenas,martinmelanie@hotmail.com,Female,21,BCA,,CSE,2nd Year,9.3,1
Robin Evans,richardyoung@lewis-maynard.com,Male,22,B.E,,CSE,1st Year,6.57,1
Lisa Ferguson,qbriggs@wilson.net,Other,23,B.Sc,,Mechanical,4th Year,5.42,3+
Michael Chapman,jeffreymejia@yahoo.com,Other,24,Other,"Designer, ceramics/pottery",ECE,4th Year,8.82,3+
George Joseph,zachary42@gmail.com,Male,20,M.Sc,,IT,4th Year,8.02,
Wyatt Coleman,sroberts@cummings-taylor.com,Female,20,B.Sc,,Civil,3rd Year,6.52,
John Young,agarza@hotmail.com,Male,27,B.Tech,,Mechanical,1st Year,8.93,1
Edgar Evans,glenpearson@hotmail.com,Male,23,BCA,,CSE,3rd Year,9.6,1
Craig Daniels,allenmallory@yahoo.com,Male,22,M.Sc,,Civil,1st Year,9.72,2
Melanie Miranda,rodriguezmatthew@watts-andrews.com,Male,30,Other,"Engineer, site",IT,1st Year,5.77,2
Diane Proctor,michelle79@carr.info,Male,28,M.Tech,,Civil,3rd Year,6.34,3+
Samuel Levine,williamallen@hotmail.com,Female,25,B.Tech,,Electrical,Completed,8.73,2
Adam Martin,heidistanley@howell.com,Other,24,M.Sc,,IT,2nd Year,8.22,2
Andrew Brown,frank15@hubbard-chapman.com,Female,19,M.Sc,,ECE,1st Year,9.09,2
Jeffrey Davis,vmcneil@hotmail.com,Female,18,B.Tech,,Electrical,1st Year,7.13,
Michael Pacheco,markrodriguez@simmons-skinner.info,Male,18,B.E,,Electrical,3rd Year,6.77,2
Elizabeth Campbell,hellis@joseph-nolan.org,Male,27,Other,Interpreter,Civil,Completed,6.03,1
Mr. Zachary Green,cbrown@walters.com,Male,18,M.Tech,,Civil,4th Year,6.35,1
Debra Peterson,weaverjason@todd-rasmussen.net,Female,21,B.Tech,,Mechanical,1st Year,5.14,1
Carrie Ayala,ariana57@cobb.com,Female,19,M.Sc,,ECE,1st Year,7.38,
Heather Tapia,april02@hartman.com,Male,26,B.E,,Electrical,2nd Year,5.97,2
Andre Rivas,jefferyferguson@taylor.com,Other,27,BCA,,CSE,1st Year,7.19,1
Christopher Fletcher,linda22@hotmail.com,Other,25,MCA,,Electrical,2nd Year,5.52,3+
Sydney Roberts,elizabetherickson@hall.net,Female,24,B.Tech,,IT,1st Year,6.96,2
Raymond King,lindseyfrost@gmail.com,Male,27,B.Sc,,Civil,1st Year,8.84,1
Kevin Flores,halljason@gutierrez.biz,Female,30,B.E,,Electrical,3rd Year,5.51,2
Dana Robinson,leedrake@gilbert-keith.com,Other,22,M.Tech,,ECE,3rd Year,8.1,
Jeffrey Lee,rachaelmartin@kirby.com,Male,18,B.Sc,,IT,4th Year,9.23,1
Troy Holden,claire01@kerr.com,Male,30,BCA,,Mechanical,3rd Year,9.69,
Michael Lopez,lsaunders@yahoo.com,Other,19,M.Tech,,Civil,4th Year,6.93,3+
Mary Barnes,taylorfrancis@hotmail.com,Male,22,BCA,,CSE,3rd Year,6.47,2
Jennifer Torres,michaelkim@spencer-hunter.com,Female,25,Other,Film/video editor,ECE,4th Year,6.11,1
Eric Jones,roycarter@gmail.com,Other,29,MCA,,Mechanical,2nd Year,8.28,1
Karen Wallace,melissa33@murillo.com,Other,23,Other,General practice doctor,Mechanical,2nd Year,9.6,3+
Jonathan Alexander,duncantim@hotmail.com,Male,24,MCA,,Electrical,4th Year,7.46,2
Andrew Hampton,carl06@logan.com,Other,23,M.Sc,,Civil,3rd Year,8.53,2
Lawrence Moore,katelyn09@green-faulkner.info,Male,21,M.Tech,,Civil,2nd Year,5.65,2
Wesley Barker,rodriguezeric@hotmail.com,Male,27,M.Sc,,Civil,4th Year,5.54,3+
Jessica Brooks,qdurham@yahoo.com,Other,20,B.Sc,,IT,Completed,5.84,2
Victor Mcmahon,omorgan@yahoo.com,Other,25,B.Tech,,ECE,1st Year,9.05,3+
Jessica Robinson,thomasday@giles-richards.com,Other,23,Other,Insurance account manager,Civil,3rd Year,7.79,1
Anthony Cabrera,melissa53@yahoo.com,Other,20,B.Tech,,Electrical,1st Year,7.62,1
Kevin Webb,kevinmcneil@miller-morton.com,Male,30,B.Sc,,Electrical,4th Year,6.55,2
Frank Douglas,autumn17@wells.info,Male,29,Other,Conference centre manager,Civil,3rd Year,8.25,1
Brianna Oliver,jon65@robinson.info,Other,24,M.Tech,,CSE,Completed,9.99,
David Smith,dwolfe@henderson.com,Male,22,Other,"Exhibitions officer, museum/gallery",Civil,2nd Year,5.46,
Terrence Velasquez,jjohns@ramos.com,Other,28,Other,Control and instrumentation engineer,Mechanical,4th Year,9.77,
Michael Kaufman,stevenfrederick@wells.com,Male,23,M.Sc,,ECE,4th Year,6.44,3+
Thomas Donovan,wgill@yahoo.com,Male,22,B.Sc,,Electrical,Completed,8.43,
Robert West,meganmassey@yahoo.com,Other,27,M.Tech,,Mechanical,4th Year,7.76,1
Alice Gonzalez,paullittle@zuniga.com,Other,26,M.Sc,,Civil,1st Year,5.02,
Rebecca Ingram,ysanford@hotmail.com,Other,21,M.Tech,,IT,3rd Year,6.59,3+
Joshua Hernandez,marcus06@david.com,Male,29,B.Tech,,IT,4th Year,7.24,2
Christopher Cochran,walshheather@rodriguez-martin.com,Female,25,B.Tech,,Civil,1st Year,8.96,2
Daniel Collins,watkinsjanet@yahoo.com,Female,27,B.Tech,,ECE,1st Year,8.86,2
Christopher Mcgee,sonya75@yahoo.com,Other,27,B.Tech,,ECE,4th Year,8.15,2
Michele Rubio,murraytyler@gmail.com,Other,18,B.E,,CSE,3rd Year,7.51,2
Stephen Wade,nmoreno@carlson.com,Other,27,B.Tech,,ECE,4th Year,9.64,1
Jose Walls,aaronpeterson@shelton.com,Female,30,Other,Lobbyist,IT,4th Year,5.06,3+
Michael Williams,unelson@hotmail.com,Male,25,MCA,,ECE,Completed,9.13,
Paula Burns,samuelfowler@hotmail.com,Male,21,MCA,,Civil,2nd Year,5.33,
Elizabeth Leach,dwells@martinez.com,Other,28,M.Sc,,CSE,3rd Year,7.38,2
Chris Myers,donna53@hotmail.com,Female,30,B.Tech,,CSE,4th Year,5.32,
Brendan Bush,llong@yahoo.com,Other,20,BCA,,Civil,2nd Year,6.01,3+
Alexander Booker,njackson@hotmail.com,Female,28,BCA,,IT,3rd Year,7.55,3+
Ellen Martinez,morganreginald@maldonado.com,Female,28,B.Sc,,Civil,3rd Year,8.0,2
Brandon Murphy,emily00@yahoo.com,Male,24,M.Tech,,Civil,Completed,9.03,1
Victor Mcmahon,omorgan@yahoo.com,Other,25,B.Tech,,ECE,1st Year,9.05,3+
David Smith,dwolfe@henderson.com,Male,22,Other,"Exhibitions officer, museum/gallery",Civil,2nd Year,5.46,
Lauren Davis,zhall@diaz-small.info,Female,25,MCA,,Electrical,2nd Year,5.76,2
Richard Brown,clarknoah@rich.net,Other,30,B.Tech,,Civil,2nd Year,7.51,1
Christine Harris,reesetimothy@blackwell.biz,Male,25,B.Sc,,Civil,2nd Year,9.15,1
Garrett Blackwell,craigfrancis@gmail.com,Other,29,B.Tech,,Civil,Completed,7.97,2
Mark Gutierrez,aodonnell@yahoo.com,Female,30,B.Tech,,CSE,2nd Year,7.54,
Abigail Griffin,vanderson@rodriguez-ramirez.com,Male,30,B.Tech,,ECE,1st Year,8.98,
Olivia Hernandez,deborah08@hotmail.com,Other,22,BCA,,Civil,2nd Year,10.0,2
Jennifer Cook,anthony84@yahoo.com,Male,28,BCA,,Electrical,1st Year,8.15,1
Eugene White,msexton@gmail.com,Other,24,Other,IT consultant,Mechanical,Completed,9.2,3+
Larry Bowers,lori52@gmail.com,Other,24,M.Tech,,Electrical,4th Year,6.06,3+
Jason Castillo,hutchinsonnatalie@yahoo.com,Other,25,M.Sc,,Civil,4th Year,5.0,1
Jennifer Allison,michaelbishop@hotmail.com,Other,19,M.Sc,,ECE,Completed,9.58,2
Jimmy Crawford,qmiller@murphy.com,Other,28,B.E,,Civil,4th Year,8.55,1
Kristina Hernandez,unelson@gmail.com,Female,21,BCA,,Electrical,Completed,5.17,3+
Jonathan Lindsey,elittle@anderson-velez.com,Male,26,B.Tech,,Mechanical,2nd Year,7.54,1
Joseph Ramirez,yoderlarry@tran.com,Male,25,M.Tech,,IT,1st Year,9.03,2
Jessica Merritt,zcollins@edwards.com,Male,27,M.Sc,,ECE,2nd Year,8.21,3+
Christopher Cummings DDS,vwallace@hotmail.com,Female,26,M.Sc,,ECE,4th Year,7.55,
Stephanie Davis,kenneth21@brown-sanders.org,Other,25,MCA,,Civil,2nd Year,5.41,
Richard Brown,clarknoah@rich.net,Other,30,B.Tech,,Civil,2nd Year,7.51,1
Crystal Nixon,davidconrad@yahoo.com,Other,27,MCA,,ECE,1st Year,5.65,3+
Tonya Velez,jzimmerman@gmail.com,Male,22,B.E,,Mechanical,1st Year,7.6,
Alexis Bush,dscott@villa.biz,Other,28,B.Tech,,IT,Completed,5.31,1
Tonya Velez,jzimmerman@gmail.com,Male,22,B.E,,Mechanical,1st Year,7.6,
Andre Mills,powelljason@simon.com,Female,25,Other,Biomedical scientist,ECE,3rd Year,8.63,3+
Deanna Shepherd,crosszachary@hotmail.com,Male,19,BCA,,Electrical,4th Year,9.83,1
Jennifer Waters,fharvey@miller.org,Male,23,BCA,,IT,2nd Year,7.59,
David Williams,chall@wise-barton.biz,Female,23,B.E,,IT,2nd Year,8.03,1
Brandon Davis,terri58@williams.biz,Male,24,M.Sc,,Civil,Completed,5.71,3+
Elizabeth Watson,sanderson@smith.com,Other,21,MCA,,ECE,1st Year,6.93,2
Joseph Curry,robertsharp@tyler.org,Female,26,BCA,,Civil,3rd Year,5.79,2
Kaitlyn Wright,tracitownsend@short.org,Other,27,M.Tech,,Electrical,2nd Year,7.79,3+
Jennifer Davis,nruiz@hotmail.com,Male,24,BCA,,Civil,Completed,9.67,1
Glenn Smith,adavis@hotmail.com,Female,27,B.E,,Mechanical,Completed,5.55,
Michelle Hill,lisa38@curtis.net,Other,18,M.Sc,,Mechanical,Completed,7.96,2
Mr. Calvin Waters,shaneryan@gmail.com,Male,30,M.Sc,,IT,3rd Year,5.51,2
Elizabeth Arnold,nrice@woods-morris.info,Female,30,B.Tech,,IT,3rd Year,6.15,
Angela Johnson,yhunt@hotmail.com,Other,28,B.Sc,,Civil,4th Year,7.93,
Carlos Bell,tanyaalvarado@yahoo.com,Other,29,B.E,,ECE,3rd Year,6.59,
Tiffany Smith,cynthia52@cook.com,Male,28,B.Tech,,Mechanical,1st Year,8.79,1
Jennifer Lee,millerjeffrey@roberson.net,Female,20,Other,Petroleum engineer,Mechanical,Completed,6.88,3+
Mary Roberts,harrischristian@hotmail.com,Other,21,B.Sc,,Mechanical,3rd Year,8.88,2
Carrie Ayala,ariana57@cobb.com,Female,19,M.Sc,,ECE,1st Year,7.38,
Mikayla Palmer,smithdiana@leach.com,Male,27,Other,"Teacher, English as a foreign language",ECE,4th Year,5.78,2
Steven Thomas,lisa53@hotmail.com,Other,29,Other,Clinical cytogeneticist,Civil,2nd Year,9.53,2
Michael Davila DVM,mcbridepatricia@hotmail.com,Other,22,B.Tech,,CSE,2nd Year,9.73,1
Arthur Jackson,wcantrell@gmail.com,Female,25,MCA,,ECE,4th Year,5.46,2
Brooke Smith,juliemurphy@rios.net,Male,21,BCA,,Electrical,3rd Year,5.4,3+
Elizabeth Arnold,nrice@woods-morris.info,Female,30,B.Tech,,IT,3rd Year,6.15,
Ashley Jefferson,juliamorales@williams.info,Other,27,BCA,,Electrical,2nd Year,7.17,3+
Jackie Carter,shortrichard@dawson.com,Other,22,M.Tech,,IT,3rd Year,8.38,2
Regina Peck,loganmoran@hawkins.org,Female,19,MCA,,IT,2nd Year,9.36,
Teresa Mcdonald,cpowell@yahoo.com,Male,23,M.Sc,,Civil,Completed,6.73,3+
Anthony Mckay,nevans@todd.com,Male,23,M.Sc,,IT,2nd Year,6.26,2
Jason Davis,tammy09@gross.com,Female,27,B.Sc,,IT,Completed,7.37,3+
Taylor Brandt,zacharydixon@gmail.com,Other,19,MCA,,Civil,4th Year,7.55,3+
Brenda Chapman,abowers@thomas.net,Other,23,MCA,,Civil,3rd Year,6.67,
Jennifer Cook,anthony84@yahoo.com,Male,28,BCA,,Electrical,1st Year,8.15,1
Daniel Lara,bryanholmes@hotmail.com,Female,24,M.Tech,,Electrical,3rd Year,7.81,
Nicole Johnson,qnewton@hotmail.com,Male,30,Other,Press sub,IT,2nd Year,7.24,
David Cervantes,ypowell@vega-guzman.net,Other,22,B.E,,IT,2nd Year,10.0,2
Matthew Giles,ikim@yahoo.com,Male,30,BCA,,IT,1st Year,9.54,2
Cynthia Green,debbie63@miller-pearson.com,Female,28,M.Sc,,Mechanical,1st Year,6.47,2
Frances Oneill,valentineallen@gmail.com,Female,30,B.Sc,,CSE,2nd Year,5.72,
Diane Sims,jeffery45@brown.com,Other,19,M.Sc,,CSE,Completed,7.65,1
Brandon Grant,cynthiahernandez@gmail.com,Other,20,M.Tech,,Electrical,Completed,8.57,3+
Aaron Mccormick,robertgraham@price-camacho.com,Female,30,MCA,,Electrical,3rd Year,5.85,3+
Bethany Navarro,nicholas95@yahoo.com,Other,24,B.E,,Electrical,Completed,9.44,1
Glenn Smith,adavis@hotmail.com,Female,27,B.E,,Mechanical,Completed,5.55,
Mary Roberts,harrischristian@hotmail.com,Other,21,B.Sc,,Mechanical,3rd Year,8.88,2
Chad Thomas,huntjessica@spencer.com,Other,18,B.E,,Civil,Completed,5.21,3+
Robin Evans,richardyoung@lewis-maynard.com,Male,22,B.E,,CSE,1st Year,6.57,1
Mary Roberts,harrischristian@hotmail.com,Other,21,B.Sc,,Mechanical,3rd Year,8.88,2
Margaret Freeman,jasonpearson@gmail.com,Female,20,MCA,,Mechanical,2nd Year,5.84,2
Bradley Burke,ysmith@yahoo.com,Other,24,B.E,,Civil,3rd Year,6.3,3+
Tyler White,montgomeryjulia@hotmail.com,Other,26,BCA,,IT,4th Year,6.6,1
Benjamin Davis,tina40@lowery.com,Male,22,M.Sc,,IT,3rd Year,8.17,3+
Janet Thomas,michael31@gmail.com,Other,29,B.Tech,,IT,4th Year,6.02,
Arthur Jackson,wcantrell@gmail.com,Female,25,MCA,,ECE,4th Year,5.46,2
Christopher Fletcher,linda22@hotmail.com,Other,25,MCA,,Electrical,2nd Year,5.52,3+
Jennifer Kennedy,tammie62@carter-jones.com,Other,21,B.E,,CSE,3rd Year,9.22,3+
Stacy Martinez,paulfranklin@yahoo.com,Female,30,BCA,,IT,2nd Year,5.94,2
Brian Gutierrez,walterbarnes@dickson.info,Female,23,M.Sc,,CSE,1st Year,5.59,
Jessica Trevino,nlyons@gmail.com,Other,27,M.Tech,,CSE,3rd Year,9.48,3+
Michael Rodriguez,mwise@hotmail.com,Male,29,B.Sc,,Electrical,1st Year,5.47,1
Deanna Martinez,dgardner@williams.info,Female,21,MCA,,Civil,3rd Year,5.7,1
Eric Frost,larry35@gmail.com,Other,25,M.Tech,,ECE,Completed,7.4,1
Laura Pierce,jamesrussell@gmail.com,Other,23,M.Sc,,CSE,2nd Year,7.41,3+
Madison Walters,ronaldlittle@rodriguez.biz,Female,21,M.Tech,,CSE,1st Year,6.34,2
Kyle Lewis,lisamccall@gmail.com,Other,18,B.Tech,,Electrical,1st Year,5.28,3+
Ashley Jefferson,juliamorales@williams.info,Other,27,BCA,,Electrical,2nd Year,7.17,3+
Brenda Chapman,abowers@thomas.net,Other,23,MCA,,Civil,3rd Year,6.67,
Dalton Potts,kelly62@yahoo.com,Male,20,B.Sc,,CSE,1st Year,5.93,3+
Carrie Ayala,ariana57@cobb.com,Female,19,M.Sc,,ECE,1st Year,7.38,
Jason Carter,dereklester@hotmail.com,Female,29,M.Tech,,Mechanical,4th Year,9.65,1
Ryan Gomez,rogergoodman@chung.com,Other,23,B.Tech,,CSE,3rd Year,8.04,3+
Eugene White,msexton@gmail.com,Other,24,Other,IT consultant,Mechanical,Completed,9.2,3+
Cynthia Green,debbie63@miller-pearson.com,Female,28,M.Sc,,Mechanical,1st Year,6.47,2
Lance Graham,david92@yahoo.com,Other,28,Other,Dance movement psychotherapist,ECE,4th Year,6.83,2
Kenneth Hunter,wendy91@sanchez.com,Other,25,MCA,,IT,3rd Year,8.23,1
Jennifer Mccarty,jamesjames@garcia-thompson.com,Other,30,M.Sc,,IT,Completed,8.24,
Christina White,fosterlisa@brown-miller.biz,Female,26,M.Tech,,ECE,3rd Year,9.03,
Glenn Smith,danny66@yahoo.com,Other,29,M.Tech,,ECE,Completed,9.99,1
Brian Garner,sweeneydavid@ray-smith.biz,Male,29,M.Sc,,CSE,2nd Year,5.65,
Richard Brown,clarknoah@rich.net,Other,30,B.Tech,,Civil,2nd Year,7.51,1
Sara Chaney,jonesjennifer@gmail.com,Female,23,M.Tech,,Civil,3rd Year,7.83,3+
Jason Franklin,matthew80@mendoza.com,Other,21,B.E,,Mechanical,3rd Year,7.34,2
Jose Reyes,smithjohn@gmail.com,Female,23,B.Tech,,CSE,3rd Year,8.69,1
Jennifer Allison,michaelbishop@hotmail.com,Other,19,M.Sc,,ECE,Completed,9.58,2
Michelle Hill,lisa38@curtis.net,Other,18,M.Sc,,Mechanical,Completed,7.96,2
Richard Brown,clarknoah@rich.net,Other,30,B.Tech,,Civil,2nd Year,7.51,1
Alice Gonzalez,paullittle@zuniga.com,Other,26,M.Sc,,Civil,1st Year,5.02,
Ronald Monroe,morenotimothy@anderson.com,Other,18,B.E,,IT,1st Year,8.62,
Brittany Roberts,jacksonmary@odonnell-ferguson.com,Female,20,Other,Retail banker,ECE,3rd Year,9.45,
Justin Rodriguez,jonathan58@yahoo.com,Male,26,MCA,,Civil,2nd Year,9.4,
Bradley Burke,ysmith@yahoo.com,Other,24,B.E,,Civil,3rd Year,6.3,3+
Dr. Laura Spencer,caroline25@cunningham.com,Other,24,B.Tech,,IT,4th Year,9.98,3+
Joshua Rollins,morgan91@gmail.com,Male,21,MCA,,CSE,3rd Year,9.75,3+
Tracy Allen,ylopez@mcintyre.info,Male,25,B.Tech,,CSE,3rd Year,7.01,
David Smith,dwolfe@henderson.com,Male,22,Other,"Exhibitions officer, museum/gallery",Civil,2nd Year,5.46,
Morgan Cherry,blairxavier@yahoo.com,Female,27,B.Tech,,IT,1st Year,8.23,3+
Bryan King,sara20@gmail.com,Other,30,Other,Special educational needs teacher,Mechanical,2nd Year,6.47,1
Richard Garrett,ireed@gmail.com,Male,25,M.Tech,,Mechanical,2nd Year,8.95,1
Shannon Garcia,melissapratt@murillo.info,Male,20,B.Tech,,CSE,2nd Year,9.96,
Brian Hicks,medinaandrew@carter.org,Female,21,B.E,,ECE,Completed,8.81,3+
Alex Villanueva,walkerjasmine@wright.biz,Female,26,MCA,,Mechanical,1st Year,9.52,1
Gloria Lynn,sandralawrence@gmail.com,Other,21,Other,"Designer, furniture",IT,2nd Year,6.05,3+
Michael Sanders,josephedward@yahoo.com,Male,27,B.Sc,,IT,4th Year,7.67,
David Myers,sydneygonzalez@gmail.com,Female,26,Other,Nature conservation officer,IT,1st Year,6.31,3+
Victor Mcmahon,omorgan@yahoo.com,Other,25,B.Tech,,ECE,1st Year,9.05,3+
Yvonne Freeman,craig87@wilson.biz,Other,22,B.E,,Mechanical,4th Year,8.58,2
Charles Johnson,nmora@short-hernandez.com,Male,29,M.Tech,,Mechanical,3rd Year,8.18,1
Terrence Velasquez,jjohns@ramos.com,Other,28,Other,Control and instrumentation engineer,Mechanical,4th Year,9.77,
Amy Ingram,hartgerald@scott-murray.biz,Other,23,Other,International aid/development worker,IT,1st Year,6.67,2
Pamela Harrison,hallvirginia@yahoo.com,Male,29,B.E,,Mechanical,1st Year,7.98,
Gerald Campbell,davidsmith@yahoo.com,Female,19,B.Sc,,ECE,2nd Year,7.27,2
Adam Martin,heidistanley@howell.com,Other,24,M.Sc,,IT,2nd Year,8.22,2
Holly Grant,mary81@yahoo.com,Other,23,B.Sc,,Mechanical,1st Year,6.9,1
Lance Graham,david92@yahoo.com,Other,28,Other,Dance movement psychotherapist,ECE,4th Year,6.83,2
Adam Sutton,mark42@stevens.com,Male,23,B.E,,Mechanical,4th Year,8.89,1
Jennifer Lee,millerjeffrey@roberson.net,Female,20,Other,Petroleum engineer,Mechanical,Completed,6.88,3+
Matthew Yoder,qyoung@gmail.com,Female,26,B.E,,Civil,4th Year,9.77,3+
Joshua Allison,nicholasmiller@fowler.com,Female,26,M.Tech,,IT,2nd Year,7.18,2
Christian White,bowmantanya@randall.info,Male,20,B.Tech,,ECE,4th Year,8.73,
Michael Pacheco,ynorris@rosales-gilbert.com,Male,27,M.Sc,,CSE,2nd Year,7.45,
David Baker,tylerstevenson@hotmail.com,Male,30,M.Tech,,Mechanical,2nd Year,9.63,
Shannon Serrano,fwright@yahoo.com,Other,30,Other,Actuary,Mechanical,Completed,5.73,3+
Anthony Reese,kevin99@anthony-berry.com,Male,25,B.E,,Electrical,4th Year,5.83,3+
Emily Jones,jennifer94@gmail.com,Other,20,B.E,,IT,2nd Year,5.07,1
Shannon Sosa,gonzalezcatherine@gomez-davis.net,Other,26,M.Sc,,Mechanical,1st Year,9.79,
Mr. Zachary Green,cbrown@walters.com,Male,18,M.Tech,,Civil,4th Year,6.35,1
Donna Lewis,rodriguezsara@gonzalez.com,Female,27,Other,Metallurgist,Civil,3rd Year,5.84,1
Gabrielle Fields,joshua37@clark-nelson.com,Other,25,B.Sc,,Civil,1st Year,7.46,1
Matthew Grant,anthony87@valentine.com,Other,23,M.Sc,,ECE,2nd Year,9.53,3+
Jordan Miller,ckirk@gmail.com,Male,19,B.Sc,,Mechanical,4th Year,8.81,1
Karen Wallace,melissa33@murillo.com,Other,23,Other,General practice doctor,Mechanical,2nd Year,9.6,3+
Teresa Kemp,athompson@reynolds.com,Male,28,MCA,,IT,2nd Year,9.0,3+
Troy Erickson,bromero@watson.net,Male,25,B.Tech,,Electrical,3rd Year,5.67,2
Andrew Butler,gregoryharris@yahoo.com,Other,27,B.Tech,,IT,3rd Year,8.56,3+
Jamie Fernandez,eferguson@yahoo.com,Other,28,B.Tech,,Electrical,3rd Year,6.47,3+
Anthony Jimenez,emack@martin.com,Male,19,B.Sc,,Mechanical,4th Year,8.42,3+
Thomas Chaney,johnsondavid@cunningham.com,Female,26,Other,"Engineer, manufacturing systems",IT,1st Year,9.72,
Stephanie Schmidt,lynchamanda@clark.com,Other,26,M.Sc,,Electrical,2nd Year,8.85,
Larry Bowers,lori52@gmail.com,Other,24,M.Tech,,Electrical,4th Year,6.06,3+
Jerry Barnes,debbie05@cook.com,Male,18,MCA,,Civil,3rd Year,7.38,
Wayne Marshall,patrickgriffith@boyd.com,Other,30,M.Tech,,Electrical,3rd Year,6.44,3+
Jeffrey Peterson,crossbrittany@duncan-jackson.com,Female,18,Other,Systems analyst,IT,2nd Year,8.78,1
John Porter,petersonlogan@hotmail.com,Other,23,Other,"Designer, fashion/clothing",Civil,3rd Year,6.71,2
Nicole Johnson,qnewton@hotmail.com,Male,30,Other,Press sub,IT,2nd Year,7.24,
Jason Ayala,kim99@huynh-jacobs.com,Female,21,B.Sc,,Mechanical,4th Year,5.23,1
John Solomon,dmitchell@hotmail.com,Male,29,B.E,,IT,2nd Year,6.27,1
Jason Franklin,matthew80@mendoza.com,Other,21,B.E,,Mechanical,3rd Year,7.34,2
Courtney Grant,amoore@bell.net,Female,26,M.Sc,,CSE,2nd Year,8.57,3+
Joseph Morse,agarcia@hotmail.com,Other,30,B.E,,ECE,1st Year,5.69,
Charles Roberts,pbutler@gmail.com,Male,21,M.Tech,,CSE,3rd Year,8.11,
James Perkins,jasminesantos@davis.info,Male,18,B.Tech,,IT,4th Year,6.51,1
Rebecca Mckinney,johncaldwell@schmitt.com,Female,25,B.Tech,,Electrical,Completed,8.59,3+
Catherine Kline DDS,gillcandace@gmail.com,Female,26,BCA,,Civil,1st Year,6.64,
Erika Gross,carlos09@hotmail.com,Female,27,M.Sc,,CSE,4th Year,8.43,3+
Samuel Gilmore,erin65@hotmail.com,Other,18,M.Tech,,CSE,1st Year,5.41,1
Laura Moran,dtran@hotmail.com,Other,29,MCA,,CSE,1st Year,9.2,2
Brandon Davis,terri58@williams.biz,Male,24,M.Sc,,Civil,Completed,5.71,3+
Matthew Yoder,qyoung@gmail.com,Female,26,B.E,,Civil,4th Year,9.77,3+
Kevin Hampton,michael96@johnson-li.info,Other,28,B.Sc,,Mechanical,Completed,6.18,1
Justin Humphrey,zdavis@newton.com,Male,24,Other,Seismic interpreter,CSE,4th Year,6.45,
Laura Crane,tallen@arnold.com,Male,23,M.Tech,,ECE,2nd Year,8.81,2
Lee Jones,stevewilliams@pierce-kane.com,Other,25,B.Tech,,Mechanical,2nd Year,5.87,1
Todd Orr,gmontgomery@yahoo.com,Female,27,M.Tech,,CSE,4th Year,9.33,2
Dustin Cohen,kevinharrison@garcia-erickson.com,Male,18,Other,"Research officer, government",Civil,1st Year,5.55,3+
Christine Wise,thomaskaren@garrison-miller.org,Male,22,B.Sc,,Civil,3rd Year,8.0,1
Shelby Mendoza,ianowens@anderson.org,Male,21,MCA,,CSE,3rd Year,7.7,1
Megan Norman,xjordan@grant-martinez.com,Other,25,M.Tech,,Mechanical,3rd Year,9.63,2
Ariana Moore,carteranthony@hotmail.com,Other,23,BCA,,Civil,4th Year,9.86,2
Dustin Jones,kathleen27@gmail.com,Other,22,M.Tech,,ECE,Completed,8.8,2
Steven Miranda,matthewponce@hotmail.com,Other,21,B.E,,Electrical,3rd Year,6.22,3+
Anthony Jimenez,emack@martin.com,Male,19,B.Sc,,Mechanical,4th Year,8.42,3+
Paige White,sandra12@yahoo.com,Other,18,BCA,,Civil,2nd Year,7.66,
Katherine Sanchez,vdecker@hotmail.com,Other,24,M.Sc,,IT,4th Year,8.16,3+
Victoria Green,reneeparker@gmail.com,Female,23,M.Sc,,Civil,3rd Year,6.4,3+
Denise Smith,pdunn@yahoo.com,Other,19,B.E,,IT,1st Year,8.47,2
Laura Crane,tallen@arnold.com,Male,23,M.Tech,,ECE,2nd Year,8.81,2
Carlos Schaefer,george42@maxwell.biz,Male,21,M.Sc,,Civil,Completed,6.55,2
Kimberly Hampton,hking@sullivan.com,Other,29,BCA,,Electrical,1st Year,7.31,2
Erik Matthews,anthonyandrew@white.info,Other,22,MCA,,Mechanical,Completed,6.88,2
Kent Cole,fernandezkimberly@gmail.com,Male,22,MCA,,CSE,4th Year,8.62,2
Joe Johnson,ysmith@hotmail.com,Male,20,M.Sc,,ECE,Completed,8.13,
Kathryn Freeman,alexanderlambert@martin.net,Other,22,M.Sc,,ECE,2nd Year,5.22,
Monica Blevins,randytanner@gmail.com,Other,22,BCA,,Mechanical,1st Year,7.37,2
Sarah Daniel,carrjennifer@yahoo.com,Other,21,B.Tech,,CSE,1st Year,8.61,2
Dustin Jones,kathleen27@gmail.com,Other,22,M.Tech,,ECE,Completed,8.8,2
Cindy Holland,houstonmary@mcdonald.com,Other,21,M.Sc,,Civil,1st Year,6.1,3+
Terry Mercado,amberdowns@nunez-washington.net,Other,30,MCA,,Mechanical,4th Year,8.06,
Erica Brooks,kyle93@gomez.net,Other,21,B.Tech,,CSE,4th Year,8.59,3+
Kyle Escobar,ericksonstacey@wagner.com,Other,27,MCA,,ECE,3rd Year,5.37,2
Pamela Harrison,hallvirginia@yahoo.com,Male,29,B.E,,Mechanical,1st Year,7.98,
Mark Williams,odelgado@taylor-colon.com,Female,26,B.E,,ECE,Completed,6.49,3+
Brian Garner,sweeneydavid@ray-smith.biz,Male,29,M.Sc,,CSE,2nd Year,5.65,
Carolyn Smith,athomas@yahoo.com,Other,25,B.Tech,,Civil,Completed,7.41,3+
Emma Robinson,tgonzalez@gregory.net,Female,19,B.E,,Civil,2nd Year,8.74,
Cynthia Parker,pattongary@kelly.com,Female,25,B.E,,Mechanical,1st Year,8.59,3+
Deborah Cortez,hardinkayla@gmail.com,Male,21,BCA,,Mechanical,3rd Year,7.1,
Maria Gill,deborahnoble@hotmail.com,Male,27,B.Tech,,Electrical,Completed,9.3,3+
Justin Walker,oneillemily@hall.org,Male,28,M.Sc,,ECE,Completed,5.87,3+
Kevin Flores,halljason@gutierrez.biz,Female,30,B.E,,Electrical,3rd Year,5.51,2
Mary Cohen,armstrongjill@hotmail.com,Other,18,B.Sc,,ECE,1st Year,6.57,1
Isaac Vargas,xgonzalez@yahoo.com,Other,29,B.Tech,,CSE,2nd Year,6.93,
Ariana Moore,carteranthony@hotmail.com,Other,23,BCA,,Civil,4th Year,9.86,2
Antonio Wood,joshua80@maxwell.com,Other,26,B.Tech,,Civil,3rd Year,9.68,1
Michael Gibbs,stephen62@gmail.com,Male,23,B.Tech,,ECE,2nd Year,5.63,
Jennifer Glass,james72@gmail.com,Male,22,BCA,,Mechanical,4th Year,9.1,
Russell Martin,raymondreyes@gmail.com,Other,21,M.Tech,,Mechanical,2nd Year,9.83,
Adam Beck,elarson@owens-mitchell.com,Male,25,M.Tech,,IT,Completed,5.72,2
Robert Johnson,yhernandez@harper.com,Male,26,B.Sc,,CSE,1st Year,8.42,2
Alyssa Oneal,xtaylor@cobb-johnson.com,Female,25,BCA,,CSE,Completed,6.56,3+
Jacob Christian,ythomas@gmail.com,Female,18,M.Sc,,IT,4th Year,9.54,
Pamela Harrison,hallvirginia@yahoo.com,Male,29,B.E,,Mechanical,1st Year,7.98,
David Hernandez,watersjames@gmail.com,Other,22,B.Tech,,Civil,2nd Year,6.8,
Emily Jones,jennifer94@gmail.com,Other,20,B.E,,IT,2nd Year,5.07,1
Kenneth Huynh,shawnbrown@yahoo.com,Other,28,B.Tech,,Electrical,1st Year,9.73,2
Rebecca Martinez,jessicahill@stephens-lara.com,Male,30,B.E,,ECE,4th Year,6.87,1
Brandon Chen,kyleharvey@yahoo.com,Female,25,BCA,,Civil,2nd Year,9.95,2
Michelle Garcia,lambellen@rodgers-cervantes.com,Other,28,BCA,,Civil,Completed,8.07,3+
Samantha Morgan,ferrellgregory@ray.com,Male,20,B.E,,Mechanical,1st Year,6.74,
Tracy Miller,fhaley@hotmail.com,Female,30,B.Sc,,Electrical,3rd Year,6.47,3+
Jesse Young,carolyn85@yahoo.com,Other,27,B.Sc,,CSE,1st Year,6.52,
Michael Carey,billygarza@brown.com,Other,23,B.Tech,,CSE,3rd Year,7.43,3+
Tonya Velez,jzimmerman@gmail.com,Male,22,B.E,,Mechanical,1st Year,7.6,
David Baker,tylerstevenson@hotmail.com,Male,30,M.Tech,,Mechanical,2nd Year,9.63,
Mary Schneider,jasonsmith@hotmail.com,Female,26,BCA,,Electrical,Completed,7.22,
Courtney Thompson,rebeccaclay@gmail.com,Female,30,B.Tech,,IT,4th Year,5.98,1
Michael Thomas,brownjoseph@yahoo.com,Other,27,B.Tech,,CSE,1st Year,8.7,1
Hunter Atkins,schwartzwendy@massey.com,Female,22,Other,"Nurse, adult",Mechanical,Completed,9.12,
Paul Rogers,anthony86@williams.biz,Female,22,M.Sc,,CSE,1st Year,6.07,2
Donna Mcintyre,athomas@wright.org,Female,28,M.Tech,,IT,4th Year,6.75,2
Bruce Mayo,dstevens@gmail.com,Male,29,B.Tech,,Mechanical,3rd Year,8.5,1
Garrett Blackwell,craigfrancis@gmail.com,Other,29,B.Tech,,Civil,Completed,7.97,2
Ana Montgomery,mariagay@benson-ortiz.biz,Female,30,M.Sc,,IT,1st Year,7.01,1
Laura Lewis,sherrymyers@jones.com,Female,29,BCA,,Civil,3rd Year,5.32,3+
Renee Baker,crich@white.biz,Male,29,B.Sc,,CSE,Completed,5.95,2
Deborah Lewis,warrenjacob@yahoo.com,Female,20,M.Sc,,Electrical,Completed,8.78,1
Nicole Sharp,omiranda@rush.com,Other,24,BCA,,Mechanical,2nd Year,9.78,1
Michele Conway,hardychristina@gmail.com,Male,22,B.Sc,,Civil,1st Year,8.63,
Jennifer Allison,michaelbishop@hotmail.com,Other,19,M.Sc,,ECE,Completed,9.58,2
Andrew Hall,hmatthews@gmail.com,Female,19,M.Sc,,Mechanical,4th Year,5.75,
Paul Rogers,anthony86@williams.biz,Female,22,M.Sc,,CSE,1st Year,6.07,2
Sarah Daniel,carrjennifer@yahoo.com,Other,21,B.Tech,,CSE,1st Year,8.61,2
Garrett Blackwell,craigfrancis@gmail.com,Other,29,B.Tech,,Civil,Completed,7.97,2
Natalie Lara,nthompson@morris-miller.net,Other,29,B.Sc,,IT,3rd Year,5.04,1
David Williams,chall@wise-barton.biz,Female,23,B.E,,IT,2nd Year,8.03,1
Brianna Oliver,jon65@robinson.info,Other,24,M.Tech,,CSE,Completed,9.99,
Debra Shaw,connieharris@levy.com,Female,26,MCA,,ECE,2nd Year,9.85,
Kevin Garcia,sarahgonzalez@gmail.com,Other,27,BCA,,Electrical,3rd Year,7.66,
Andrew Butler,gregoryharris@yahoo.com,Other,27,B.Tech,,IT,3rd Year,8.56,3+
Lisa Phillips,hallcynthia@miller.org,Male,28,MCA,,IT,3rd Year,8.38,3+
Dr. Betty Cunningham,pwilliams@hotmail.com,Other,19,BCA,,IT,3rd Year,9.28,2
Alexandria Townsend,uprince@lopez.net,Male,19,B.Tech,,Electrical,3rd Year,9.94,1
Joshua Allison,nicholasmiller@fowler.com,Female,26,M.Tech,,IT,2nd Year,7.18,2
Anna Baker,ricardo09@gomez.com,Female,26,M.Tech,,Mechanical,3rd Year,9.26,
Lindsay Anderson,michael08@gmail.com,Female,30,B.E,,Mechanical,3rd Year,6.21,2
Lauren Bates,jonsantos@jordan.net,Male,22,M.Tech,,Mechanical,4th Year,6.22,3+
Mary Valenzuela,michael69@yahoo.com,Female,23,BCA,,Mechanical,Completed,7.33,1
Dalton Williams,matthew16@cunningham-powell.org,Female,28,B.E,,Electrical,Completed,9.92,1
Richard Hunt,walterbrandon@owens-lewis.com,Male,28,BCA,,Civil,Completed,6.33,3+
Thomas Donovan,wgill@yahoo.com,Male,22,B.Sc,,Electrical,Completed,8.43,
Jennifer Waters,fharvey@miller.org,Male,23,BCA,,IT,2nd Year,7.59,
Gloria Lynn,sandralawrence@gmail.com,Other,21,Other,"Designer, furniture",IT,2nd Year,6.05,3+
John Reid,ajames@moore-smith.com,Female,25,B.Sc,,IT,3rd Year,5.83,3+
Richard Garrett,ireed@gmail.com,Male,25,M.Tech,,Mechanical,2nd Year,8.95,1
Michael Thomas,brownjoseph@yahoo.com,Other,27,B.Tech,,CSE,1st Year,8.7,1
Joseph Morse,agarcia@hotmail.com,Other,30,B.E,,ECE,1st Year,5.69,
Stephanie Schmidt,lynchamanda@clark.com,Other,26,M.Sc,,Electrical,2nd Year,8.85,
Jack Lopez,michellemoore@hotmail.com,Other,23,BCA,,Civil,1st Year,6.73,
Nancy Gillespie,john47@allen-santana.info,Female,20,Other,"Surveyor, building",Civil,3rd Year,8.67,
Jose Walls,aaronpeterson@shelton.com,Female,30,Other,Lobbyist,IT,4th Year,5.06,3+
Paul Spencer,christinamurphy@crawford.org,Male,18,B.E,,Civil,3rd Year,8.84,1
Vanessa Parker,vargasbenjamin@davis.net,Female,22,B.Tech,,IT,Completed,5.68,3+
Gerald Campbell,davidsmith@yahoo.com,Female,19,B.Sc,,ECE,2nd Year,7.27,2
Cindy Watson,ricky53@yahoo.com,Female,25,B.Tech,,IT,Completed,5.63,2
Christina Martinez,perryregina@gmail.com,Other,22,B.Sc,,Civil,1st Year,6.96,
Michael Hester,kgarcia@hernandez.info,Other,29,Other,Cytogeneticist,ECE,4th Year,6.63,2
Jennifer Davis,nruiz@hotmail.com,Male,24,BCA,,Civil,Completed,9.67,1
Daniel Collins,watkinsjanet@yahoo.com,Female,27,B.Tech,,ECE,1st Year,8.86,2
Matthew Yoder,qyoung@gmail.com,Female,26,B.E,,Civil,4th Year,9.77,3+
Victoria Green,reneeparker@gmail.com,Female,23,M.Sc,,Civil,3rd Year,6.4,3+
Allison Rodgers,lbenjamin@contreras-english.com,Male,22,B.Sc,,Mechanical,3rd Year,9.48,2
Jonathan Ramirez,catherinewalker@hotmail.com,Male,20,M.Tech,,Electrical,2nd Year,9.64,1
Kristen Jefferson,vasquezrobert@bell.com,Other,21,MCA,,CSE,3rd Year,6.54,1
Jennifer Rosales,brockdavid@yahoo.com,Other,24,B.E,,CSE,1st Year,8.08,3+
James Howell,anna05@gmail.com,Female,30,BCA,,Mechanical,4th Year,7.52,2
Cassidy Wilson,gregory70@gmail.com,Male,23,B.E,,IT,1st Year,9.79,3+
Michelle Valdez,richardstafford@yahoo.com,Male,23,B.Sc,,ECE,4th Year,8.75,
Desiree Steele,andersonkristina@wade.biz,Other,26,M.Sc,,Mechanical,3rd Year,9.22,3+
Daniel Tucker,william63@yahoo.com,Female,28,Other,"Nurse, adult",Civil,Completed,5.4,
Troy Carter PhD,charlesmichael@murray-osborne.com,Other,21,M.Tech,,ECE,Completed,5.51,3+
Robert Bowers,urodriguez@yahoo.com,Male,22,Other,Education administrator,Mechanical,4th Year,8.97,2
Timothy Richards,sototimothy@day-reed.com,Other,19,B.E,,Mechanical,2nd Year,5.69,1
Mary Carter,melvin83@barnes.net,Female,23,M.Tech,,Electrical,Completed,5.01,2
Toni Brennan,claudia98@yahoo.com,Female,23,MCA,,Civil,3rd Year,8.48,3+
Adrian Hunt,mortonandrew@wallace-coleman.org,Other,30,M.Tech,,ECE,4th Year,7.27,3+
Paul Ramos,sherry92@bennett.com,Male,24,M.Tech,,Electrical,2nd Year,8.6,1
Ariana Moore,carteranthony@hotmail.com,Other,23,BCA,,Civil,4th Year,9.86,2
Carrie Bishop,zolsen@gaines.com,Female,26,B.Sc,,CSE,1st Year,7.44,3+
Nicole Mills,phamlucas@yahoo.com,Female,21,B.E,,CSE,1st Year,8.62,1
Maria Villegas,patricia53@martin.biz,Male,19,Other,Records manager,CSE,4th Year,8.29,3+
Courtney Thompson,rebeccaclay@gmail.com,Female,30,B.Tech,,IT,4th Year,5.98,1
Cynthia Green,debbie63@miller-pearson.com,Female,28,M.Sc,,Mechanical,1st Year,6.47,2
David Garcia,contreraskatie@gmail.com,Male,21,Other,Product manager,IT,4th Year,9.1,2
Elaine Smith,jasmine11@hotmail.com,Female,28,BCA,,Mechanical,1st Year,6.13,3+
Charles Mooney,brian43@mccormick.com,Male,29,Other,Ceramics designer,IT,2nd Year,8.18,
Felicia Thomas,blakeboyd@yahoo.com,Female,18,M.Tech,,CSE,1st Year,9.85,
Jason Ayala,kim99@huynh-jacobs.com,Female,21,B.Sc,,Mechanical,4th Year,5.23,1
Randy Weber,vincent92@gmail.com,Female,18,Other,Midwife,Mechanical,Completed,6.76,2
Pamela Osborne,shannon70@williams.com,Other,30,M.Sc,,Civil,1st Year,7.15,3+
Travis Jennings,smithkelly@yahoo.com,Male,29,B.E,,IT,3rd Year,5.5,
Christina White,fosterlisa@brown-miller.biz,Female,26,M.Tech,,ECE,3rd Year,9.03,
Michael Goodwin,yphillips@hotmail.com,Other,26,B.E,,CSE,3rd Year,8.64,1
Robin Evans,richardyoung@lewis-maynard.com,Male,22,B.E,,CSE,1st Year,6.57,1
Tracy Allen,ylopez@mcintyre.info,Male,25,B.Tech,,CSE,3rd Year,7.01,
Kenneth Hill,snguyen@hotmail.com,Female,29,MCA,,CSE,1st Year,9.73,3+
Tricia Meadows,pfisher@hotmail.com,Other,30,M.Tech,,Electrical,2nd Year,8.97,
William Molina,randymedina@yahoo.com,Male,25,B.E,,Civil,4th Year,8.49,3+
Alex Villanueva,walkerjasmine@wright.biz,Female,26,MCA,,Mechanical,1st Year,9.52,1
James Olson,erin30@barrera-guzman.net,Male,21,B.E,,Mechanical,Completed,8.89,3+
James Davenport,dwarren@yahoo.com,Other,19,BCA,,CSE,Completed,5.99,2
Edward Estrada,kathymccall@pham.com,Other,21,BCA,,Electrical,1st Year,8.22,2
James Schmidt,dylan26@yahoo.com,Other,26,B.Tech,,ECE,4th Year,9.81,
Jennifer Davis,nruiz@hotmail.com,Male,24,BCA,,Civil,Completed,9.67,1
Mark Oconnor,rogersbrandon@johnson-bradley.com,Female,27,M.Tech,,Civil,3rd Year,8.5,
Kathleen Vazquez,mwilson@gmail.com,Male,27,M.Tech,,ECE,2nd Year,6.01,
Raymond Peck,solomonpatricia@monroe.net,Male,21,MCA,,ECE,2nd Year,9.84,
Kevin Green,bradmurphy@bishop.biz,Female,21,B.E,,Mechanical,3rd Year,5.46,3+
Holly Young,xmiller@yahoo.com,Male,28,M.Sc,,CSE,1st Year,6.61,1
Bradley Whitehead,hevans@gregory.com,Other,23,BCA,,ECE,4th Year,5.64,
Elizabeth Rogers,justintaylor@gmail.com,Male,24,Other,"Surveyor, building control",ECE,Completed,9.91,3+
William Cardenas,harrisrandy@hotmail.com,Other,28,B.E,,IT,1st Year,7.46,1
Elizabeth Ryan,chuerta@gordon.com,Female,21,B.Tech,,Electrical,1st Year,8.77,1
Kimberly Pace,kimberly34@yahoo.com,Female,20,B.E,,CSE,2nd Year,5.15,1
Katherine Bowers,gmaxwell@hotmail.com,Other,18,B.Sc,,CSE,1st Year,7.72,3+
Mark Williams,odelgado@taylor-colon.com,Female,26,B.E,,ECE,Completed,6.49,3+
Monica Taylor,ruth88@gmail.com,Other,23,B.Sc,,Mechanical,2nd Year,6.0,2
Katherine Sanchez,vdecker@hotmail.com,Other,24,M.Sc,,IT,4th Year,8.16,3+
Rachel Sanchez DDS,hday@yahoo.com,Other,23,MCA,,IT,1st Year,8.22,2
Rebecca Summers,chrisbraun@yahoo.com,Female,26,B.Tech,,Electrical,3rd Year,8.88,3+
Christine Harris,reesetimothy@blackwell.biz,Male,25,B.Sc,,Civil,2nd Year,9.15,1
Brittany Cooper,kevinsmith@burnett-bishop.com,Other,25,M.Tech,,Mechanical,2nd Year,5.2,2
Gail Brown,heather61@taylor-norris.biz,Other,30,BCA,,Electrical,3rd Year,7.41,
Jessica Merritt,zcollins@edwards.com,Male,27,M.Sc,,ECE,2nd Year,8.21,3+
Paul Mcdonald,roblesjames@yahoo.com,Male,21,B.E,,Mechanical,3rd Year,6.83,1
Lindsey Alexander,hallnancy@smith.org,Male,29,M.Tech,,Mechanical,2nd Year,9.77,
Logan Brown,ureyes@gmail.com,Male,19,MCA,,ECE,Completed,5.64,2
Heather Cruz,vangmonique@jones.info,Male,19,B.E,,Electrical,1st Year,5.26,1
Troy Merritt,nguyenjoshua@hotmail.com,Other,27,Other,Jewellery designer,Electrical,2nd Year,8.92,
Donald Jennings,sgarza@hanson.org,Male,28,B.Sc,,CSE,2nd Year,9.64,3+
Chloe Hill,owheeler@gmail.com,Female,24,MCA,,Civil,Completed,6.89,
Emily Moore,katelyn66@hotmail.com,Female,24,B.E,,Electrical,4th Year,9.74,3+
Thomas Gonzales,ychung@yahoo.com,Male,26,Other,Mining engineer,Mechanical,Completed,9.25,
Anthony Jimenez,emack@martin.com,Male,19,B.Sc,,Mechanical,4th Year,8.42,3+
Chelsea Collins,thopkins@long.com,Other,25,B.Sc,,Electrical,2nd Year,5.57,3+
Michael Sanders,josephedward@yahoo.com,Male,27,B.Sc,,IT,4th Year,7.67,
Michael Adams,katie76@gmail.com,Female,20,M.Tech,,Mechanical,4th Year,8.9,3+
Clayton Turner,victorgibbs@roberts.biz,Female,22,B.E,,CSE,1st Year,6.0,3+
Kimberly Pace,kimberly34@yahoo.com,Female,20,B.E,,CSE,2nd Year,5.15,1
Tracy Allen,ylopez@mcintyre.info,Male,25,B.Tech,,CSE,3rd Year,7.01,
John Porter,petersonlogan@hotmail.com,Other,23,Other,"Designer, fashion/clothing",Civil,3rd Year,6.71,2
Eric Davis,kimberlyyoung@gmail.com,Male,24,M.Sc,,Civil,1st Year,8.4,2
Angel Bailey,cramirez@abbott.com,Male,30,BCA,,Electrical,3rd Year,9.64,3+
Katherine Bowers,gmaxwell@hotmail.com,Other,18,B.Sc,,CSE,1st Year,7.72,3+
Robert Rocha,johnanderson@farley.com,Female,21,Other,Air broker,Electrical,Completed,8.69,1
Alexander Booker,njackson@hotmail.com,Female,28,BCA,,IT,3rd Year,7.55,3+
Justin Rodriguez,jonathan58@yahoo.com,Male,26,MCA,,Civil,2nd Year,9.4,
Lisa Davis,mistyanderson@sanders.com,Female,21,M.Tech,,CSE,1st Year,5.39,2
Kenneth Hill,snguyen@hotmail.com,Female,29,MCA,,CSE,1st Year,9.73,3+
Matthew Mitchell,umartin@tran.com,Other,30,Other,Learning disability nurse,IT,1st Year,9.38,3+
Kimberly Vazquez,amanda97@herman.com,Male,25,MCA,,Civil,2nd Year,9.93,3+
Christopher Kim,sherry76@alexander.info,Other,21,Other,Consulting civil engineer,ECE,4th Year,9.38,
Anna Huang,blackburndanielle@yahoo.com,Female,19,B.E,,Civil,2nd Year,8.39,3+
Joseph Sellers,ewarren@davis.org,Female,28,B.Tech,,Civil,4th Year,6.91,1
Brian Hicks,medinaandrew@carter.org,Female,21,B.E,,ECE,Completed,8.81,3+
Andrew Hampton,carl06@logan.com,Other,23,M.Sc,,Civil,3rd Year,8.53,2
Vanessa Horn,thompsonmary@hotmail.com,Other,26,B.Sc,,ECE,1st Year,9.33,2
Gary House,earl32@hotmail.com,Other,18,B.E,,IT,Completed,9.0,1
Tammy Reynolds,adampowers@martinez.com,Male,29,BCA,,Mechanical,3rd Year,6.83,3+
Monica Blevins,randytanner@gmail.com,Other,22,BCA,,Mechanical,1st Year,7.37,2
Cynthia Santos,melissaskinner@gmail.com,Male,27,BCA,,Electrical,1st Year,6.68,2
Amy Beck,anne86@hotmail.com,Male,19,BCA,,Electrical,4th Year,7.26,1
Christian White,bowmantanya@randall.info,Male,20,B.Tech,,ECE,4th Year,8.73,
Joshua Hall,bruce72@gmail.com,Other,28,MCA,,Electrical,Completed,6.19,1
Deanna Shepherd,crosszachary@hotmail.com,Male,19,BCA,,Electrical,4th Year,9.83,1
Jenna Hopkins,fherring@rogers.info,Female,21,B.Sc,,Mechanical,2nd Year,9.04,1
Edgar Evans,glenpearson@hotmail.com,Male,23,BCA,,CSE,3rd Year,9.6,1
Clayton Turner,victorgibbs@roberts.biz,Female,22,B.E,,CSE,1st Year,6.0,3+
Laura Keller,barbara07@schroeder.com,Male,28,Other,Customer service manager,Electrical,Completed,7.37,1
Brendan Bush,llong@yahoo.com,Other,20,BCA,,Civil,2nd Year,6.01,3+
Stephanie Davis,kenneth21@brown-sanders.org,Other,25,MCA,,Civil,2nd Year,5.41,
Richard Gutierrez,calebsmith@hotmail.com,Other,23,M.Tech,,Civil,1st Year,9.99,
Susan Le,ojackson@smith.com,Other,26,B.Tech,,Mechanical,2nd Year,8.27,1
Benjamin Davis,tina40@lowery.com,Male,22,M.Sc,,IT,3rd Year,8.17,3+
Jennifer Lopez,rodriguezmatthew@lee.net,Female,27,MCA,,Mechanical,1st Year,9.94,1
Vernon Ochoa,tracyjackson@gmail.com,Other,26,B.Tech,,IT,2nd Year,7.79,
Cynthia Santos,melissaskinner@gmail.com,Male,27,BCA,,Electrical,1st Year,6.68,2
Sarah Daniel,carrjennifer@yahoo.com,Other,21,B.Tech,,CSE,1st Year,8.61,2
Jessica Allen,martinluna@hall-jacobs.biz,Other,27,Other,Civil Service administrator,CSE,3rd Year,7.29,3+
Amy Brown,rachelcook@hotmail.com,Male,26,B.E,,ECE,4th Year,8.14,3+
Alec Rosario,diana86@gmail.com,Other,26,M.Sc,,IT,3rd Year,8.7,1
Elizabeth Thomas,doyleanthony@gilbert.com,Female,23,B.Sc,,ECE,2nd Year,8.93,2
Janet Thomas,michael31@gmail.com,Other,29,B.Tech,,IT,4th Year,6.02,
Elizabeth Thomas,laurajones@hotmail.com,Other,29,Other,Insurance claims handler,Electrical,3rd Year,5.79,1
Jennifer Mccarty,jamesjames@garcia-thompson.com,Other,30,M.Sc,,IT,Completed,8.24,
Kelly Luna,allisonsmith@bell.com,Male,22,MCA,,Civil,3rd Year,9.52,
Kristina Hart,kristabishop@willis.com,Female,30,BCA,,Civil,4th Year,7.97,1
Cheyenne Scott,wmurray@yahoo.com,Female,27,Other,"Production assistant, television",IT,Completed,7.01,2
Jessica Trevino,nlyons@gmail.com,Other,27,M.Tech,,CSE,3rd Year,9.48,3+
Emily Jones,jennifer94@gmail.com,Other,20,B.E,,IT,2nd Year,5.07,1
Michael Rodriguez,mwise@hotmail.com,Male,29,B.Sc,,Electrical,1st Year,5.47,1
Michael Sanders,josephedward@yahoo.com,Male,27,B.Sc,,IT,4th Year,7.67,
James Watson,jamesyoung@jackson.biz,Female,24,BCA,,Electrical,2nd Year,7.75,
Terrence Velasquez,jjohns@ramos.com,Other,28,Other,Control and instrumentation engineer,Mechanical,4th Year,9.77,
Victor Mcmahon,omorgan@yahoo.com,Other,25,B.Tech,,ECE,1st Year,9.05,3+
Kyle Lewis,lisamccall@gmail.com,Other,18,B.Tech,,Electrical,1st Year,5.28,3+
William Dominguez,christopherthomas@pennington.net,Female,23,B.E,,IT,Completed,8.1,
Alejandra Campbell,megan21@hotmail.com,Female,18,M.Sc,,Mechanical,3rd Year,6.01,3+
Samantha Morgan,ferrellgregory@ray.com,Male,20,B.E,,Mechanical,1st Year,6.74,
Andrea Flores,shannon99@long-gonzalez.com,Other,30,MCA,,CSE,3rd Year,8.13,2
Jonathan Smith,kristinagarza@yahoo.com,Male,18,Other,Retail banker,IT,Completed,5.17,3+
Charles Allen,scott40@gmail.com,Other,18,B.Tech,,ECE,2nd Year,7.25,3+
Lance Cooke,vcampbell@yahoo.com,Male,25,B.E,,Electrical,Completed,8.36,
Kristi Williams,craneamanda@petty.com,Other,24,B.Sc,,CSE,3rd Year,9.96,3+
Karen Hogan,cwilliams@rodriguez.com,Male,24,M.Sc,,IT,4th Year,8.84,
Paul Rogers,anthony86@williams.biz,Female,22,M.Sc,,CSE,1st Year,6.07,2
Michelle Hill,lisa38@curtis.net,Other,18,M.Sc,,Mechanical,Completed,7.96,2
Kevin Hampton,michael96@johnson-li.info,Other,28,B.Sc,,Mechanical,Completed,6.18,1
Troy Merritt,nguyenjoshua@hotmail.com,Other,27,Other,Jewellery designer,Electrical,2nd Year,8.92,
Daniel Hawkins,francisco47@gmail.com,Female,23,Other,Leisure centre manager,IT,1st Year,6.36,1
Laura Pierce,jamesrussell@gmail.com,Other,23,M.Sc,,CSE,2nd Year,7.41,3+
Stephanie Boyer,danachandler@gmail.com,Other,25,MCA,,Civil,2nd Year,9.35,3+
Elizabeth Arnold,nrice@woods-morris.info,Female,30,B.Tech,,IT,3rd Year,6.15,
Holly Price,fosterkelly@norman.biz,Other,25,B.Sc,,Mechanical,4th Year,7.1,
Paul Ramos,sherry92@bennett.com,Male,24,M.Tech,,Electrical,2nd Year,8.6,1
Jason Thomas,gponce@anderson.com,Male,21,M.Sc,,Electrical,2nd Year,9.88,
Joe Johnson,ysmith@hotmail.com,Male,20,M.Sc,,ECE,Completed,8.13,
Lindsay Liu,gregoryspence@yahoo.com,Male,21,BCA,,Mechanical,Completed,9.2,
David Bowen MD,hdavis@beard.com,Other,18,B.Tech,,Mechanical,4th Year,5.56,3+
Jerry Barnes,debbie05@cook.com,Male,18,MCA,,Civil,3rd Year,7.38,
Cindy Watson,ricky53@yahoo.com,Female,25,B.Tech,,IT,Completed,5.63,2
Carlos Schaefer,george42@maxwell.biz,Male,21,M.Sc,,Civil,Completed,6.55,2
Sara Chaney,jonesjennifer@gmail.com,Female,23,M.Tech,,Civil,3rd Year,7.83,3+
Edward Williamson,xboyle@hurst.com,Male,19,B.E,,IT,Completed,8.94,3+
Gregory Jones,denise54@holland.net,Male,23,B.Tech,,Civil,2nd Year,8.02,
Nicole Bolton,weverett@phillips-edwards.com,Other,18,MCA,,Mechanical,4th Year,5.72,
Heather Cruz,vangmonique@jones.info,Male,19,B.E,,Electrical,1st Year,5.26,1
Carlos Hoover,thomascarpenter@matthews.com,Female,20,BCA,,CSE,2nd Year,6.05,
Amanda Fisher,charles61@yahoo.com,Other,19,M.Tech,,Electrical,2nd Year,6.84,2
Dustin Cohen,kevinharrison@garcia-erickson.com,Male,18,Other,"Research officer, government",Civil,1st Year,5.55,3+
Tara Allen,russellstafford@hotmail.com,Other,29,M.Tech,,CSE,1st Year,7.94,2
Matthew Abbott,andersenashley@johnson.biz,Other,22,M.Sc,,IT,4th Year,6.53,2
Victor Mcmahon,omorgan@yahoo.com,Other,25,B.Tech,,ECE,1st Year,9.05,3+
Kimberly Vazquez,amanda97@herman.com,Male,25,MCA,,Civil,2nd Year,9.93,3+
Roberta James,schwartzmeredith@hotmail.com,Other,27,MCA,,CSE,Completed,5.27,3+
Timothy Medina,xroth@gmail.com,Male,29,BCA,,IT,3rd Year,8.69,
Willie Alvarez,tmcneil@ferguson.com,Male,18,B.E,,Mechanical,2nd Year,9.4,3+
Catherine Kline DDS,gillcandace@gmail.com,Female,26,BCA,,Civil,1st Year,6.64,
Richard Brown,clarknoah@rich.net,Other,30,B.Tech,,Civil,2nd Year,7.51,1
Alexander Booker,njackson@hotmail.com,Female,28,BCA,,IT,3rd Year,7.55,3+
Justin Humphrey,zdavis@newton.com,Male,24,Other,Seismic interpreter,CSE,4th Year,6.45,
Alexis Bush,dscott@villa.biz,Other,28,B.Tech,,IT,Completed,5.31,1
Stephanie Schmidt,lynchamanda@clark.com,Other,26,M.Sc,,Electrical,2nd Year,8.85,
Michael Sanchez,michael64@davis-hoffman.com,Female,19,B.Tech,,Civil,1st Year,9.24,3+
Rhonda Chambers,johnsullivan@hotmail.com,Other,22,M.Tech,,ECE,Completed,7.32,3+
Thomas Donovan,wgill@yahoo.com,Male,22,B.Sc,,Electrical,Completed,8.43,
Eric Hayes,lowejeffrey@gmail.com,Other,20,B.Sc,,ECE,4th Year,6.69,
George Joseph,zachary42@gmail.com,Male,20,M.Sc,,IT,4th Year,8.02,
Cynthia Parker,pattongary@kelly.com,Female,25,B.E,,Mechanical,1st Year,8.59,3+
Angela Johnson,yhunt@hotmail.com,Other,28,B.Sc,,Civil,4th Year,7.93,
Anthony Cummings,hayespatrick@yahoo.com,Female,23,Other,Homeopath,Electrical,1st Year,6.09,1
John Mack,lorettafleming@gmail.com,Male,28,M.Tech,,CSE,Completed,9.3,
Casey Nguyen,ndyer@turner-leon.com,Other,26,B.E,,Civil,1st Year,7.8,
Bobby Choi,allisonwilson@sosa.org,Other,24,M.Tech,,IT,3rd Year,6.68,
Adam Martin,heidistanley@howell.com,Other,24,M.Sc,,IT,2nd Year,8.22,2
Krystal Clark,bonniecunningham@yahoo.com,Other,30,Other,Recruitment consultant,Electrical,Completed,6.83,2
Erika Gross,carlos09@hotmail.com,Female,27,M.Sc,,CSE,4th Year,8.43,3+
Sydney Roberts,elizabetherickson@hall.net,Female,24,B.Tech,,IT,1st Year,6.96,2
Joseph Lee,csanchez@alvarez-potter.net,Male,19,B.E,,Electrical,Completed,9.92,1
Kimberly Vazquez,amanda97@herman.com,Male,25,MCA,,Civil,2nd Year,9.93,3+
Michelle Valdez,richardstafford@yahoo.com,Male,23,B.Sc,,ECE,4th Year,8.75,
Tiffany Williams,meyerjulian@quinn-kelley.com,Male,26,B.Tech,,Electrical,Completed,7.82,1
Kristen Jefferson,vasquezrobert@bell.com,Other,21,MCA,,CSE,3rd Year,6.54,1
Kellie Turner,howardjennifer@koch.com,Male,30,B.Sc,,Civil,2nd Year,6.61,3+
Cynthia Green,debbie63@miller-pearson.com,Female,28,M.Sc,,Mechanical,1st Year,6.47,2
Kelly Torres,kyle61@smith.com,Male,28,M.Sc,,CSE,3rd Year,8.99,2
Kevin Flores,halljason@gutierrez.biz,Female,30,B.E,,Electrical,3rd Year,5.51,2
Debra Ruiz,hernandezlauren@hotmail.com,Male,28,Other,Community arts worker,CSE,4th Year,8.58,1
Brandon Grant,cynthiahernandez@gmail.com,Other,20,M.Tech,,Electrical,Completed,8.57,3+
Amber Winters,fwilliams@hotmail.com,Female,27,B.Tech,,Mechanical,3rd Year,7.72,1
Bobby Howell,kimashlee@matthews.info,Male,26,M.Tech,,CSE,1st Year,5.08,3+
Nathaniel Herrera,seanhayden@yahoo.com,Female,22,M.Sc,,ECE,2nd Year,5.52,1
Donna Lewis,rodriguezsara@gonzalez.com,Female,27,Other,Metallurgist,Civil,3rd Year,5.84,1
Kevin Ho,ernestbailey@gmail.com,Male,24,M.Tech,,CSE,1st Year,7.86,2
Kimberly Pace,kimberly34@yahoo.com,Female,20,B.E,,CSE,2nd Year,5.15,1
Joshua Soto,lorismith@hotmail.com,Male,21,M.Tech,,ECE,4th Year,8.95,3+
Joshua Smith,jessica64@ochoa-holmes.org,Other,28,Other,Race relations officer,IT,Completed,8.25,1
Jacob Anderson,julielewis@ferguson.com,Female,18,BCA,,CSE,2nd Year,6.57,3+
Todd Orr,gmontgomery@yahoo.com,Female,27,M.Tech,,CSE,4th Year,9.33,2
Charlotte Armstrong,marysilva@gmail.com,Female,25,BCA,,CSE,3rd Year,5.75,1
Wayne Marshall,patrickgriffith@boyd.com,Other,30,M.Tech,,Electrical,3rd Year,6.44,3+
Jessica Weber,michellerandall@hotmail.com,Female,23,B.Tech,,CSE,1st Year,7.24,2
Ellen Martinez,morganreginald@maldonado.com,Female,28,B.Sc,,Civil,3rd Year,8.0,2
Laura Keller,barbara07@schroeder.com,Male,28,Other,Customer service manager,Electrical,Completed,7.37,1
Kathy Walker,kimberly97@gmail.com,Male,21,BCA,,ECE,Completed,8.46,3+
Katrina Frye,morrisamanda@ramos.com,Other,19,M.Tech,,IT,Completed,6.2,3+
Vernon Ochoa,tracyjackson@gmail.com,Other,26,B.Tech,,IT,2nd Year,7.79,
Alicia Ayala,teresa43@gmail.com,Other,18,B.E,,Electrical,2nd Year,5.45,3+
Diane Sims,jeffery45@brown.com,Other,19,M.Sc,,CSE,Completed,7.65,1
Rebecca Olson,weisskeith@murillo.info,Male,29,M.Tech,,Mechanical,3rd Year,5.75,
Margaret Freeman,jasonpearson@gmail.com,Female,20,MCA,,Mechanical,2nd Year,5.84,2
Paul Spencer,christinamurphy@crawford.org,Male,18,B.E,,Civil,3rd Year,8.84,1
Ana Montgomery,mariagay@benson-ortiz.biz,Female,30,M.Sc,,IT,1st Year,7.01,1
Jeffrey Ramirez,obooth@bishop.com,Other,27,MCA,,ECE,2nd Year,7.23,2
Joseph Serrano,charleswest@turner-cole.com,Female,20,M.Tech,,ECE,4th Year,5.77,
Jennifer Lopez,rodriguezmatthew@lee.net,Female,27,MCA,,Mechanical,1st Year,9.94,1
Lisa Ferguson,qbriggs@wilson.net,Other,23,B.Sc,,Mechanical,4th Year,5.42,3+
Michael Rodriguez,mwise@hotmail.com,Male,29,B.Sc,,Electrical,1st Year,5.47,1
Cynthia Santos,melissaskinner@gmail.com,Male,27,BCA,,Electrical,1st Year,6.68,2
Donna Wallace,tracychen@cardenas.com,Female,27,B.Tech,,CSE,4th Year,8.11,
Jeremy Bell,timothy93@evans.com,Other,30,M.Tech,,Mechanical,1st Year,9.87,2
David Williams,chall@wise-barton.biz,Female,23,B.E,,IT,2nd Year,8.03,1
Susan Le,daniel91@carr.org,Female,29,M.Sc,,Electrical,4th Year,6.62,2
Robert Collier,kimberlyblankenship@kim.com,Male,28,B.Sc,,CSE,4th Year,8.61,1
Gary House,earl32@hotmail.com,Other,18,B.E,,IT,Completed,9.0,1
Billy Mcclain,johnjohnson@hotmail.com,Male,29,Other,Hospital pharmacist,IT,4th Year,6.15,1
Karen Wallace,melissa33@murillo.com,Other,23,Other,General practice doctor,Mechanical,2nd Year,9.6,3+
Jay Lee,tbowman@graham.org,Male,26,B.Sc,,CSE,1st Year,7.96,2
Dr. John Galvan,wmartin@davis-aguilar.com,Other,23,MCA,,IT,3rd Year,9.54,1
David Smith,dwolfe@henderson.com,Male,22,Other,"Exhibitions officer, museum/gallery",Civil,2nd Year,5.46,
Rhonda Chambers,johnsullivan@hotmail.com,Other,22,M.Tech,,ECE,Completed,7.32,3+
Alison Hall,johnsonmatthew@brown.com,Male,18,M.Sc,,CSE,1st Year,5.97,3+
Kimberly Pace,kimberly34@yahoo.com,Female,20,B.E,,CSE,2nd Year,5.15,1
Jennifer Glass,james72@gmail.com,Male,22,BCA,,Mechanical,4th Year,9.1,
Sarah Gardner,xwilliams@wells.org,Male,25,BCA,,Electrical,3rd Year,9.43,2
Kylie Fields,waterslouis@rich-lawson.info,Male,22,B.Sc,,Electrical,Completed,5.42,1
Carolyn Smith,athomas@yahoo.com,Other,25,B.Tech,,Civil,Completed,7.41,3+
Michael Johnson,jessicachen@richards.com,Other,24,MCA,,CSE,2nd Year,5.44,3+
Douglas Barrera,kevinmyers@williams-davis.com,Female,26,Other,"Engineer, energy",Mechanical,1st Year,7.3,
Lawrence Moore,katelyn09@green-faulkner.info,Male,21,M.Tech,,Civil,2nd Year,5.65,2
Brandon Murphy,emily00@yahoo.com,Male,24,M.Tech,,Civil,Completed,9.03,1
Anna Baker,ricardo09@gomez.com,Female,26,M.Tech,,Mechanical,3rd Year,9.26,
Henry Murphy,todd88@lowe.org,Female,30,BCA,,IT,3rd Year,6.09,1
Daniel Clay,shawnmiles@hotmail.com,Female,20,M.Tech,,ECE,4th Year,5.4,2
Christopher Warner,upowell@carrillo-martin.biz,Male,30,M.Sc,,Civil,4th Year,9.37,3+
Christine Harris,reesetimothy@blackwell.biz,Male,25,B.Sc,,Civil,2nd Year,9.15,1
Matthew Giles,ikim@yahoo.com,Male,30,BCA,,IT,1st Year,9.54,2
Brandon Roberts,marymartinez@gmail.com,Female,25,M.Sc,,ECE,1st Year,9.01,2
Lawrence Moore,katelyn09@green-faulkner.info,Male,21,M.Tech,,Civil,2nd Year,5.65,2
Frank King,philipphillips@terrell.com,Male,23,BCA,,Electrical,2nd Year,8.42,3+
Rachel Smith,alyssaholland@yahoo.com,Female,22,MCA,,Civil,4th Year,5.11,
Dr. Matthew Henderson,jeffreymorgan@alexander-roberts.com,Male,28,MCA,,Mechanical,1st Year,5.97,2
Karen Hogan,cwilliams@rodriguez.com,Male,24,M.Sc,,IT,4th Year,8.84,
Michael Sanchez,michael64@davis-hoffman.com,Female,19,B.Tech,,Civil,1st Year,9.24,3+
Tracy Allen,ylopez@mcintyre.info,Male,25,B.Tech,,CSE,3rd Year,7.01,
Laurie Phillips,reginakirk@gmail.com,Other,19,M.Tech,,Electrical,4th Year,5.78,3+
Shannon Sosa,gonzalezcatherine@gomez-davis.net,Other,26,M.Sc,,Mechanical,1st Year,9.79,
Angela Curtis,brandtsally@hotmail.com,Other,19,B.Sc,,Electrical,2nd Year,9.55,
Nicholas Williams,hobbschristina@smith.org,Other,20,B.Sc,,Electrical,Completed,7.52,
Joshua Allison,nicholasmiller@fowler.com,Female,26,M.Tech,,IT,2nd Year,7.18,2
Raymond Peck,solomonpatricia@monroe.net,Male,21,MCA,,ECE,2nd Year,9.84,
Alexis Bush,dscott@villa.biz,Other,28,B.Tech,,IT,Completed,5.31,1
Michael Norman,juan00@gmail.com,Female,23,B.Sc,,Civil,1st Year,6.91,3+
Joshua Rollins,morgan91@gmail.com,Male,21,MCA,,CSE,3rd Year,9.75,3+
Kellie Turner,howardjennifer@koch.com,Male,30,B.Sc,,Civil,2nd Year,6.61,3+
Lindsay Thompson,romerogina@martinez.biz,Female,18,M.Sc,,IT,4th Year,9.6,1
Brianna Oliver,jon65@robinson.info,Other,24,M.Tech,,CSE,Completed,9.99,
Timothy White,dcarter@smith.com,Female,19,B.E,,Mechanical,1st Year,7.93,1
Jeffrey Yang,wanda78@gmail.com,Other,23,B.Sc,,Electrical,1st Year,5.43,2
Jesus Morgan,jeffreybaker@gmail.com,Other,27,M.Sc,,IT,2nd Year,7.19,2
Brian Peters,burnspeter@anderson.com,Male,23,Other,Warden/ranger,CSE,3rd Year,9.93,2
Shelby Mendoza,ianowens@anderson.org,Male,21,MCA,,CSE,3rd Year,7.7,1
Jeffrey Ramirez,obooth@bishop.com,Other,27,MCA,,ECE,2nd Year,7.23,2
Pamela Long,richard79@esparza.com,Female,23,BCA,,IT,Completed,5.73,2
Jason Gonzalez,leebarbara@edwards-haley.com,Female,30,B.Tech,,IT,1st Year,7.08,1
Eric Hayes,lowejeffrey@gmail.com,Other,20,B.Sc,,ECE,4th Year,6.69,
Philip Atkins,terry93@velazquez-dunn.com,Other,24,B.Sc,,Mechanical,2nd Year,6.12,1
Amanda Fisher,charles61@yahoo.com,Other,19,M.Tech,,Electrical,2nd Year,6.84,2
Justin Simpson,millernicholas@leon.com,Male,18,BCA,,ECE,Completed,8.14,3+
David Bowen MD,hdavis@beard.com,Other,18,B.Tech,,Mechanical,4th Year,5.56,3+
Steven Ramos,james35@hunt-king.org,Other,24,Other,Passenger transport manager,IT,1st Year,6.03,1
Scott Cole,jedwards@hansen-freeman.org,Other,24,M.Tech,,CSE,3rd Year,8.89,
Linda Stevens,thompsondanielle@hotmail.com,Other,23,B.Sc,,ECE,3rd Year,9.7,2
Jennifer Lee,chandlertoni@lucas-stephens.org,Female,23,Other,Passenger transport manager,Civil,3rd Year,6.21,2
Lisa Phillips,hallcynthia@miller.org,Male,28,MCA,,IT,3rd Year,8.38,3+
Krista Houston,uball@gmail.com,Male,28,BCA,,IT,3rd Year,6.48,2
Brian Garner,sweeneydavid@ray-smith.biz,Male,29,M.Sc,,CSE,2nd Year,5.65,
Christopher Blair,kleincameron@hotmail.com,Female,23,B.Sc,,CSE,2nd Year,9.76,
Andrea Coleman,triciaharris@gmail.com,Other,22,M.Tech,,Mechanical,Completed,7.21,3+
Larry Smith,molly46@mason.com,Female,26,BCA,,CSE,4th Year,7.53,2
David Bowen MD,hdavis@beard.com,Other,18,B.Tech,,Mechanical,4th Year,5.56,3+
Deborah Cortez,hardinkayla@gmail.com,Male,21,BCA,,Mechanical,3rd Year,7.1,
Alexis Bush,dscott@villa.biz,Other,28,B.Tech,,IT,Completed,5.31,1
Gerald Campbell,davidsmith@yahoo.com,Female,19,B.Sc,,ECE,2nd Year,7.27,2
Michael Sanders,josephedward@yahoo.com,Male,27,B.Sc,,IT,4th Year,7.67,
Sara Chaney,jonesjennifer@gmail.com,Female,23,M.Tech,,Civil,3rd Year,7.83,3+
Jennifer Glass,james72@gmail.com,Male,22,BCA,,Mechanical,4th Year,9.1,
Kevin Flores,halljason@gutierrez.biz,Female,30,B.E,,Electrical,3rd Year,5.51,2
Larry Lane,nicholas26@cook.com,Other,27,MCA,,Mechanical,4th Year,6.5,3+
Elizabeth Hunter,susanclark@reyes.com,Male,18,M.Tech,,ECE,Completed,6.17,3+
Charles Ware,coxedward@hotmail.com,Female,20,Other,Applications developer,Civil,2nd Year,6.25,3+
Amanda Williams,ewalker@sanders-wilson.biz,Other,20,MCA,,Mechanical,4th Year,7.33,
Joshua Combs,watsondeborah@gmail.com,Male,18,M.Tech,,Mechanical,3rd Year,5.39,2
Elizabeth Hunter,susanclark@reyes.com,Male,18,M.Tech,,ECE,Completed,6.17,3+
Richard Hunt,walterbrandon@owens-lewis.com,Male,28,BCA,,Civil,Completed,6.33,3+
Edward Walker,eric90@gmail.com,Male,23,M.Sc,,Electrical,4th Year,6.8,2
Kristina Ellis,elaine26@yahoo.com,Other,18,B.E,,Electrical,1st Year,9.22,2
Samantha Ramsey,kellyking@gmail.com,Male,22,B.Sc,,Civil,Completed,7.8,1
Jeffrey Yang,wanda78@gmail.com,Other,23,B.Sc,,Electrical,1st Year,5.43,2
Logan Brown,ureyes@gmail.com,Male,19,MCA,,ECE,Completed,5.64,2
Deborah Thompson DDS,jacksonheather@forbes-stone.com,Female,30,Other,Warden/ranger,Electrical,4th Year,6.51,1
Timothy Yates,brendacarter@cooper.net,Male,24,Other,Minerals surveyor,Civil,Completed,5.83,2
Timothy Kennedy,jessica94@nichols.com,Other,18,B.E,,CSE,4th Year,5.64,2
Carolyn Smith,athomas@yahoo.com,Other,25,B.Tech,,Civil,Completed,7.41,3+
Kent Cole,fernandezkimberly@gmail.com,Male,22,MCA,,CSE,4th Year,8.62,2
Michael Johnson,richardsandrea@hotmail.com,Male,21,B.E,,ECE,4th Year,6.74,
Michael Gibbs,stephen62@gmail.com,Male,23,B.Tech,,ECE,2nd Year,5.63,
Alan Robinson,eflynn@hotmail.com,Male,21,B.Tech,,Electrical,3rd Year,9.9,1
Jennifer Torres,michaelkim@spencer-hunter.com,Female,25,Other,Film/video editor,ECE,4th Year,6.11,1
Isaac Vargas,xgonzalez@yahoo.com,Other,29,B.Tech,,CSE,2nd Year,6.93,
Bradley Burke,ysmith@yahoo.com,Other,24,B.E,,Civil,3rd Year,6.3,3+
Angel Bailey,cramirez@abbott.com,Male,30,BCA,,Electrical,3rd Year,9.64,3+
Sara Chaney,jonesjennifer@gmail.com,Female,23,M.Tech,,Civil,3rd Year,7.83,3+
Kayla Jones,reginatucker@hotmail.com,Other,26,B.E,,Civil,Completed,7.13,1
Jimmy Crawford,qmiller@murphy.com,Other,28,B.E,,Civil,4th Year,8.55,1
Jon Nelson,carrillojack@vargas.com,Male,27,MCA,,CSE,4th Year,8.8,1
Kelly Luna,allisonsmith@bell.com,Male,22,MCA,,Civil,3rd Year,9.52,
Jacob Parker,megan33@sparks.com,Male,18,B.Sc,,CSE,1st Year,6.09,3+
Mr. Ryan Weber,jorgeingram@montgomery-lewis.info,Male,28,M.Sc,,Electrical,1st Year,7.65,3+
Erik Davis,hickstammy@hotmail.com,Female,25,Other,"Research officer, political party",ECE,4th Year,8.19,2
Steven Holland,fpadilla@nguyen-johnson.com,Other,18,BCA,,Electrical,3rd Year,9.56,2
Sydney Roberts,elizabetherickson@hall.net,Female,24,B.Tech,,IT,1st Year,6.96,2
Julie Green,jermainebrown@jones-davis.info,Other,30,Other,Chief Strategy Officer,ECE,2nd Year,7.05,
Lisa Zhang,kerri90@trevino.com,Female,22,Other,Politician's assistant,IT,1st Year,7.3,
Mr. James Gillespie,xparker@hotmail.com,Other,28,MCA,,Mechanical,1st Year,7.48,3+
Sheena Webb,smithconnie@gmail.com,Female,20,BCA,,Civil,1st Year,5.45,1
Andrea Flores,shannon99@long-gonzalez.com,Other,30,MCA,,CSE,3rd Year,8.13,2
Tracy Allen,ylopez@mcintyre.info,Male,25,B.Tech,,CSE,3rd Year,7.01,
Willie Alvarez,tmcneil@ferguson.com,Male,18,B.E,,Mechanical,2nd Year,9.4,3+
Michael Davila DVM,mcbridepatricia@hotmail.com,Other,22,B.Tech,,CSE,2nd Year,9.73,1
Catherine Kline DDS,gillcandace@gmail.com,Female,26,BCA,,Civil,1st Year,6.64,
Michele Conway,hardychristina@gmail.com,Male,22,B.Sc,,Civil,1st Year,8.63,
Todd Orr,gmontgomery@yahoo.com,Female,27,M.Tech,,CSE,4th Year,9.33,2
Jonathan Smith,kristinagarza@yahoo.com,Male,18,Other,Retail banker,IT,Completed,5.17,3+
Joshua Combs,watsondeborah@gmail.com,Male,18,M.Tech,,Mechanical,3rd Year,5.39,2
Samuel Levine,williamallen@hotmail.com,Female,25,B.Tech,,Electrical,Completed,8.73,2
Kenneth Hunter,wendy91@sanchez.com,Other,25,MCA,,IT,3rd Year,8.23,1
Lisa Zhang,kerri90@trevino.com,Female,22,Other,Politician's assistant,IT,1st Year,7.3,
Kyle Lewis,lisamccall@gmail.com,Other,18,B.Tech,,Electrical,1st Year,5.28,3+
April Moran,lgreene@yahoo.com,Other,19,M.Tech,,Civil,2nd Year,8.46,3+
Erik Rogers,wbright@yahoo.com,Male,24,B.Sc,,Electrical,3rd Year,7.99,
James Olson,erin30@barrera-guzman.net,Male,21,B.E,,Mechanical,Completed,8.89,3+
Anna Huang,blackburndanielle@yahoo.com,Female,19,B.E,,Civil,2nd Year,8.39,3+
Joseph Serrano,charleswest@turner-cole.com,Female,20,M.Tech,,ECE,4th Year,5.77,
Kyle Thomas,allenbrian@yahoo.com,Male,22,BCA,,ECE,4th Year,8.89,3+
Andrew Munoz,cholloway@harrison-villarreal.org,Male,28,B.Tech,,CSE,4th Year,6.65,
Katrina Frye,morrisamanda@ramos.com,Other,19,M.Tech,,IT,Completed,6.2,3+
Dr. Jessica Rivera PhD,tracy39@hotmail.com,Female,29,M.Tech,,ECE,Completed,9.41,3+
Madison Walters,ronaldlittle@rodriguez.biz,Female,21,M.Tech,,CSE,1st Year,6.34,2
Kathy White,james99@hotmail.com,Female,20,B.Sc,,CSE,4th Year,9.2,1
Larry Bowers,lori52@gmail.com,Other,24,M.Tech,,Electrical,4th Year,6.06,3+
Kristi Williams,craneamanda@petty.com,Other,24,B.Sc,,CSE,3rd Year,9.96,3+
Mary Barnes,taylorfrancis@hotmail.com,Male,22,BCA,,CSE,3rd Year,6.47,2
Jacqueline David,meganmendoza@gmail.com,Other,28,B.Sc,,IT,4th Year,6.44,
Pamela Long,richard79@esparza.com,Female,23,BCA,,IT,Completed,5.73,2
Heidi Brooks,mayrobert@jones-allen.com,Male,28,BCA,,Civil,2nd Year,6.31,2
Michelle Valdez,richardstafford@yahoo.com,Male,23,B.Sc,,ECE,4th Year,8.75,
Ariel Davis,wrightcraig@yahoo.com,Female,19,BCA,,ECE,4th Year,6.4,
James Olson,erin30@barrera-guzman.net,Male,21,B.E,,Mechanical,Completed,8.89,3+
Christian White,bowmantanya@randall.info,Male,20,B.Tech,,ECE,4th Year,8.73,
Glenn Smith,danny66@yahoo.com,Other,29,M.Tech,,ECE,Completed,9.99,1
Thomas Chaney,johnsondavid@cunningham.com,Female,26,Other,"Engineer, manufacturing systems",IT,1st Year,9.72,
Jillian Stokes,paul88@weber.com,Male,23,M.Sc,,Mechanical,4th Year,7.18,
Mark Oconnor,rogersbrandon@johnson-bradley.com,Female,27,M.Tech,,Civil,3rd Year,8.5,
Amber Arias,wanda25@phillips.com,Other,18,MCA,,Civil,2nd Year,8.38,
Joshua Rollins,morgan91@gmail.com,Male,21,MCA,,CSE,3rd Year,9.75,3+
Christopher Brown,kellycampos@gmail.com,Female,20,M.Tech,,Mechanical,3rd Year,7.52,1
Jason Davis,tammy09@gross.com,Female,27,B.Sc,,IT,Completed,7.37,3+
Cody Bowman,coleflores@brooks-hall.com,Other,18,B.Tech,,ECE,4th Year,9.99,3+
Mary Valenzuela,michael69@yahoo.com,Female,23,BCA,,Mechanical,Completed,7.33,1
Margaret Freeman,jasonpearson@gmail.com,Female,20,MCA,,Mechanical,2nd Year,5.84,2
Kimberly Pace,kimberly34@yahoo.com,Female,20,B.E,,CSE,2nd Year,5.15,1
Kent Cole,fernandezkimberly@gmail.com,Male,22,MCA,,CSE,4th Year,8.62,2
Brittany Cooper,kevinsmith@burnett-bishop.com,Other,25,M.Tech,,Mechanical,2nd Year,5.2,2
John Curry,thomasscott@silva-bowen.com,Other,25,MCA,,IT,1st Year,9.59,
Kathleen Livingston,malik81@kramer.com,Male,26,MCA,,Mechanical,4th Year,6.07,1
Anthony Reed,murphyedward@brown-williams.com,Female,23,B.E,,Mechanical,3rd Year,8.59,
Jillian Stokes,paul88@weber.com,Male,23,M.Sc,,Mechanical,4th Year,7.18,
Curtis Vasquez,williamselizabeth@hotmail.com,Other,20,B.Sc,,CSE,4th Year,6.21,3+
Deborah Cortez,hardinkayla@gmail.com,Male,21,BCA,,Mechanical,3rd Year,7.1,
Henry Murphy,todd88@lowe.org,Female,30,BCA,,IT,3rd Year,6.09,1
Heather Tapia,april02@hartman.com,Male,26,B.E,,Electrical,2nd Year,5.97,2
Nicole Morales,garnerwilliam@robinson-murray.net,Other,20,Other,Risk manager,CSE,1st Year,8.02,2
Todd Schneider,rdean@yahoo.com,Other,27,BCA,,Civil,1st Year,9.4,2
April Moran,lgreene@yahoo.com,Other,19,M.Tech,,Civil,2nd Year,8.46,3+
Kristina Hernandez,unelson@gmail.com,Female,21,BCA,,Electrical,Completed,5.17,3+
Brandon Grant,cynthiahernandez@gmail.com,Other,20,M.Tech,,Electrical,Completed,8.57,3+
Michael Johnson,richardsandrea@hotmail.com,Male,21,B.E,,ECE,4th Year,6.74,
Samantha Francis,peggyferguson@mcdaniel-adams.org,Other,27,Other,Photographer,CSE,2nd Year,8.33,
David Bowen MD,hdavis@beard.com,Other,18,B.Tech,,Mechanical,4th Year,5.56,3+
Joseph Sellers,ewarren@davis.org,Female,28,B.Tech,,Civil,4th Year,6.91,1
Krista Houston,uball@gmail.com,Male,28,BCA,,IT,3rd Year,6.48,2
Vanessa Parker,vargasbenjamin@davis.net,Female,22,B.Tech,,IT,Completed,5.68,3+
Dr. Linda Beck,samuellarson@williams.net,Other,29,B.Sc,,Civil,4th Year,9.2,2
Ellen Martinez,morganreginald@maldonado.com,Female,28,B.Sc,,Civil,3rd Year,8.0,2
Andrew Brown,frank15@hubbard-chapman.com,Female,19,M.Sc,,ECE,1st Year,9.09,2
Ryan Garrison,gpowell@moore.com,Other,22,M.Tech,,ECE,Completed,7.33,1
Allison Rodgers,lbenjamin@contreras-english.com,Male,22,B.Sc,,Mechanical,3rd Year,9.48,2
Anthony Griffin,jessica36@jackson-fox.com,Other,20,BCA,,IT,1st Year,7.4,
Clayton Turner,victorgibbs@roberts.biz,Female,22,B.E,,CSE,1st Year,6.0,3+
Alison Wong,ramirezcaitlin@harris-walker.com,Male,18,B.E,,Electrical,Completed,5.65,3+
Stephanie Green,whitakerkaren@good.com,Other,24,MCA,,Electrical,Completed,6.27,3+
Maria Gill,deborahnoble@hotmail.com,Male,27,B.Tech,,Electrical,Completed,9.3,3+
Theresa Nunez,jamesyoder@castillo.info,Male,18,Other,Public affairs consultant,Mechanical,3rd Year,8.77,3+
Taylor Brandt,zacharydixon@gmail.com,Other,19,MCA,,Civil,4th Year,7.55,3+
Michelle Garcia,lambellen@rodgers-cervantes.com,Other,28,BCA,,Civil,Completed,8.07,3+
Theresa Green,maldonadotroy@hill.com,Female,18,MCA,,ECE,Completed,5.35,1
Kelli Jones,alexander19@mercado.com,Female,20,Other,Chartered accountant,Civil,1st Year,8.19,
Amy Welch,dweber@yahoo.com,Male,26,B.E,,Civil,4th Year,5.95,
Jeffrey Yang,wanda78@gmail.com,Other,23,B.Sc,,Electrical,1st Year,5.43,2
Patrick Chambers,pbowen@lee-olson.com,Other,28,B.E,,Civil,3rd Year,7.32,2
Linda Wolf,jilllopez@salas.net,Female,30,MCA,,CSE,Completed,9.96,
Steven Ramos,james35@hunt-king.org,Other,24,Other,Passenger transport manager,IT,1st Year,6.03,1
Brittany Cooper,kevinsmith@burnett-bishop.com,Other,25,M.Tech,,Mechanical,2nd Year,5.2,2
Todd Harris MD,mzuniga@hill.com,Female,19,B.E,,Civil,3rd Year,8.83,1
Xavier Mccann,rhampton@yahoo.com,Male,24,Other,Social worker,Mechanical,4th Year,6.6,1
Wayne Marshall,patrickgriffith@boyd.com,Other,30,M.Tech,,Electrical,3rd Year,6.44,3+
Robin Evans,richardyoung@lewis-maynard.com,Male,22,B.E,,CSE,1st Year,6.57,1
Julie Wilkerson,kristinmoore@cervantes.com,Female,21,BCA,,CSE,Completed,8.98,2
Erika Gross,carlos09@hotmail.com,Female,27,M.Sc,,CSE,4th Year,8.43,3+
James Olson,erin30@barrera-guzman.net,Male,21,B.E,,Mechanical,Completed,8.89,3+
Alexandria Townsend,uprince@lopez.net,Male,19,B.Tech,,Electrical,3rd Year,9.94,1
Susan Murphy,brandylynch@thomas-hughes.info,Male,23,M.Tech,,Civil,3rd Year,8.13,2
Mr. Ryan Weber,jorgeingram@montgomery-lewis.info,Male,28,M.Sc,,Electrical,1st Year,7.65,3+
Sandra Smith,youngmallory@gmail.com,Female,22,B.E,,IT,1st Year,5.11,1
Lauren Bates,jonsantos@jordan.net,Male,22,M.Tech,,Mechanical,4th Year,6.22,3+
Jennifer Lee,chandlertoni@lucas-stephens.org,Female,23,Other,Passenger transport manager,Civil,3rd Year,6.21,2
Brian Leonard,srichards@evans.com,Female,30,B.Tech,,Mechanical,1st Year,6.36,3+
Nancy Horton,catherine75@patterson.com,Male,22,M.Tech,,Mechanical,Completed,8.96,2
Jeffrey Peterson,crossbrittany@duncan-jackson.com,Female,18,Other,Systems analyst,IT,2nd Year,8.78,1
Warren White,mariapugh@yahoo.com,Female,18,B.Tech,,IT,3rd Year,9.38,1
Lisa Velazquez,toddchung@henry-lane.com,Male,27,B.E,,CSE,1st Year,7.72,1
James Charles,christophermathis@fernandez-thompson.com,Male,29,M.Tech,,Civil,4th Year,8.16,1
Christina Jackson,johnanderson@gmail.com,Male,18,M.Sc,,Civil,2nd Year,9.71,
Dr. John Galvan,wmartin@davis-aguilar.com,Other,23,MCA,,IT,3rd Year,9.54,1
Patricia Lewis,kristenchurch@hotmail.com,Other,19,M.Tech,,CSE,1st Year,6.41,3+
Patrick Davis,kaylarobertson@hotmail.com,Other,29,Other,Herbalist,ECE,4th Year,5.61,
Brandy Jones,berrytaylor@mccann.com,Male,29,M.Sc,,IT,1st Year,5.27,1
Patricia Lewis,kristenchurch@hotmail.com,Other,19,M.Tech,,CSE,1st Year,6.41,3+
Holly Young,xmiller@yahoo.com,Male,28,M.Sc,,CSE,1st Year,6.61,1
Tracy Miller,fhaley@hotmail.com,Female,30,B.Sc,,Electrical,3rd Year,6.47,3+
Xavier Mccann,rhampton@yahoo.com,Male,24,Other,Social worker,Mechanical,4th Year,6.6,1
April Brock,frios@hotmail.com,Female,23,M.Tech,,ECE,Completed,7.24,3+
Philip Perez,beardtanya@wolf-obrien.com,Male,26,Other,Art therapist,ECE,2nd Year,7.03,
Kevin Flores,halljason@gutierrez.biz,Female,30,B.E,,Electrical,3rd Year,5.51,2
Brianna Oliver,jon65@robinson.info,Other,24,M.Tech,,CSE,Completed,9.99,
Rachel Sanchez DDS,hday@yahoo.com,Other,23,MCA,,IT,1st Year,8.22,2
Tammy Nguyen,houstonnicholas@yahoo.com,Male,23,B.Tech,,CSE,3rd Year,7.16,
Theresa Nunez,jamesyoder@castillo.info,Male,18,Other,Public affairs consultant,Mechanical,3rd Year,8.77,3+
Gina Burns,williamsjessica@hodge.com,Other,19,MCA,,IT,1st Year,5.86,2
Xavier Mccann,rhampton@yahoo.com,Male,24,Other,Social worker,Mechanical,4th Year,6.6,1
John Mack,lorettafleming@gmail.com,Male,28,M.Tech,,CSE,Completed,9.3,
Xavier Mccann,rhampton@yahoo.com,Male,24,Other,Social worker,Mechanical,4th Year,6.6,1
Amber Riley,rushchristopher@hotmail.com,Female,25,B.Tech,,Civil,1st Year,8.11,3+
Patricia Lewis,kristenchurch@hotmail.com,Other,19,M.Tech,,CSE,1st Year,6.41,3+
Brendan Bush,llong@yahoo.com,Other,20,BCA,,Civil,2nd Year,6.01,3+
Elizabeth Arnold,nrice@woods-morris.info,Female,30,B.Tech,,IT,3rd Year,6.15,
Sydney Williams,wattsgina@lewis-hodges.info,Other,28,Other,Curator,ECE,3rd Year,5.05,1
Brandon Grant,cynthiahernandez@gmail.com,Other,20,M.Tech,,Electrical,Completed,8.57,3+
Timothy Richards,sototimothy@day-reed.com,Other,19,B.E,,Mechanical,2nd Year,5.69,1
Kristopher Gonzalez,harveynathan@kline.com,Other,25,M.Tech,,CSE,3rd Year,8.18,3+
Edgar Evans,glenpearson@hotmail.com,Male,23,BCA,,CSE,3rd Year,9.6,1
James Jackson,whendrix@yahoo.com,Female,21,M.Sc,,ECE,1st Year,9.58,1
David Jenkins,wallacemichael@butler-wright.com,Female,19,M.Sc,,Civil,1st Year,6.75,
Katrina Frye,morrisamanda@ramos.com,Other,19,M.Tech,,IT,Completed,6.2,3+
Katrina Frye,morrisamanda@ramos.com,Other,19,M.Tech,,IT,Completed,6.2,3+
Bryan Peterson,hfrench@yahoo.com,Female,26,M.Tech,,Electrical,Completed,7.48,3+
Brenda Nguyen,joseph14@hotmail.com,Other,24,M.Sc,,CSE,2nd Year,7.78,1
Krista Houston,uball@gmail.com,Male,28,BCA,,IT,3rd Year,6.48,2
Jennifer Mccarty,jamesjames@garcia-thompson.com,Other,30,M.Sc,,IT,Completed,8.24,
Nathan Reynolds,moralesashley@yahoo.com,Male,21,Other,Merchant navy officer,ECE,1st Year,7.33,1
Melody Boyd,bhunt@hotmail.com,Female,28,B.E,,CSE,Completed,9.32,1
Cheyenne Scott,wmurray@yahoo.com,Female,27,Other,"Production assistant, television",IT,Completed,7.01,2
Steven Ramos,james35@hunt-king.org,Other,24,Other,Passenger transport manager,IT,1st Year,6.03,1
Justin Rodriguez,jonathan58@yahoo.com,Male,26,MCA,,Civil,2nd Year,9.4,
Victoria Solomon,laurahunt@williams-holland.org,Female,20,BCA,,Electrical,4th Year,6.2,
Carmen Tapia,joseph82@gmail.com,Other,30,B.Tech,,Mechanical,2nd Year,5.55,
Olivia Hernandez,deborah08@hotmail.com,Other,22,BCA,,Civil,2nd Year,10.0,2
Carrie Bishop,zolsen@gaines.com,Female,26,B.Sc,,CSE,1st Year,7.44,3+
Cassidy Wilson,gregory70@gmail.com,Male,23,B.E,,IT,1st Year,9.79,3+
Dr. Laura Spencer,caroline25@cunningham.com,Other,24,B.Tech,,IT,4th Year,9.98,3+
Marissa Willis,cstewart@hotmail.com,Female,27,M.Tech,,ECE,2nd Year,7.63,1
Nathan Reynolds,moralesashley@yahoo.com,Male,21,Other,Merchant navy officer,ECE,1st Year,7.33,1
Brandi Davis,fernandowhitney@gmail.com,Female,28,M.Tech,,IT,3rd Year,6.23,1
Dalton Williams,matthew16@cunningham-powell.org,Female,28,B.E,,Electrical,Completed,9.92,1
Elizabeth Willis,sarajohnson@clark.net,Other,29,MCA,,IT,4th Year,6.42,3+
Matthew Goodman,katie04@clarke-kelley.net,Other,19,B.Sc,,Mechanical,2nd Year,8.89,2
Jason Gonzalez,leebarbara@edwards-haley.com,Female,30,B.Tech,,IT,1st Year,7.08,1
Mark Hudson,vswanson@miller.com,Other,29,M.Tech,,IT,Completed,9.32,1
Todd Cherry,sarah93@gmail.com,Female,25,BCA,,ECE,4th Year,9.83,2
Jennifer Mccarty,jamesjames@garcia-thompson.com,Other,30,M.Sc,,IT,Completed,8.24,
Ashley Brooks,cbrewer@gmail.com,Male,25,M.Sc,,CSE,2nd Year,6.35,
Isaac Vargas,xgonzalez@yahoo.com,Other,29,B.Tech,,CSE,2nd Year,6.93,
Alyssa Cameron,jacksonjose@sanchez.com,Female,18,B.Tech,,IT,2nd Year,7.07,2
Patrick Bennett,uheath@hotmail.com,Other,24,B.Tech,,IT,2nd Year,5.52,3+
Nicole Mills,phamlucas@yahoo.com,Female,21,B.E,,CSE,1st Year,8.62,1
Justin Rodriguez,jonathan58@yahoo.com,Male,26,MCA,,Civil,2nd Year,9.4,
Amy Moreno,georgealvarez@krause.biz,Female,26,MCA,,IT,4th Year,6.22,2
Jessica Jarvis,jonshea@jones-williams.com,Other,23,B.Sc,,Civil,Completed,6.85,1
Misty Phillips,griffinlaurie@hill.com,Other,30,M.Sc,,CSE,1st Year,6.65,2
James Jones,arthur77@hotmail.com,Female,27,Other,Advertising copywriter,ECE,3rd Year,7.36,1
Casey Nguyen,ndyer@turner-leon.com,Other,26,B.E,,Civil,1st Year,7.8,
Lauren Davis,zhall@diaz-small.info,Female,25,MCA,,Electrical,2nd Year,5.76,2
Jessica Merritt,zcollins@edwards.com,Male,27,M.Sc,,ECE,2nd Year,8.21,3+
Philip Perez,beardtanya@wolf-obrien.com,Male,26,Other,Art therapist,ECE,2nd Year,7.03,
Dr. Chelsea Rodriguez,villanuevamatthew@levy-lawson.com,Female,28,MCA,,Electrical,1st Year,7.23,2
Nicole Flowers,mdavis@craig.com,Male,20,B.Tech,,Mechanical,4th Year,7.55,2
Carmen Tapia,joseph82@gmail.com,Other,30,B.Tech,,Mechanical,2nd Year,5.55,
Samantha Morgan,ferrellgregory@ray.com,Male,20,B.E,,Mechanical,1st Year,6.74,
David Lane,qmartin@yahoo.com,Female,30,Other,Radio producer,Civil,Completed,6.14,2
Kimberly Vazquez,amanda97@herman.com,Male,25,MCA,,Civil,2nd Year,9.93,3+
Terry Mercado,amberdowns@nunez-washington.net,Other,30,MCA,,Mechanical,4th Year,8.06,
Kylie Fields,waterslouis@rich-lawson.info,Male,22,B.Sc,,Electrical,Completed,5.42,1
John Mack,lorettafleming@gmail.com,Male,28,M.Tech,,CSE,Completed,9.3,
Carrie Bishop,zolsen@gaines.com,Female,26,B.Sc,,CSE,1st Year,7.44,3+
Kaitlyn Wright,tracitownsend@short.org,Other,27,M.Tech,,Electrical,2nd Year,7.79,3+
Christine Wise,thomaskaren@garrison-miller.org,Male,22,B.Sc,,Civil,3rd Year,8.0,1
Gregory Jones,denise54@holland.net,Male,23,B.Tech,,Civil,2nd Year,8.02,
Joseph Pierce,savannah49@gmail.com,Female,26,BCA,,ECE,1st Year,7.17,3+
Stephanie Murphy,mitchellkaitlin@hotmail.com,Female,22,M.Sc,,IT,2nd Year,9.69,
Lindsay Liu,gregoryspence@yahoo.com,Male,21,BCA,,Mechanical,Completed,9.2,
Linda Stevens,thompsondanielle@hotmail.com,Other,23,B.Sc,,ECE,3rd Year,9.7,2
Richard Gutierrez,calebsmith@hotmail.com,Other,23,M.Tech,,Civil,1st Year,9.99,
Erica Crawford,williamlawson@massey-taylor.com,Male,22,B.Sc,,CSE,1st Year,9.27,1
David Lane,qmartin@yahoo.com,Female,30,Other,Radio producer,Civil,Completed,6.14,2
Philip Perez,beardtanya@wolf-obrien.com,Male,26,Other,Art therapist,ECE,2nd Year,7.03,
Lisa Powell,rhonda85@yahoo.com,Male,22,M.Sc,,ECE,4th Year,7.62,
David Baker,tylerstevenson@hotmail.com,Male,30,M.Tech,,Mechanical,2nd Year,9.63,
Monica Gray,tjohnson@smith.net,Other,27,B.E,,Electrical,3rd Year,9.53,
Kevin Webb,kevinmcneil@miller-morton.com,Male,30,B.Sc,,Electrical,4th Year,6.55,2
Robert Collier,kimberlyblankenship@kim.com,Male,28,B.Sc,,CSE,4th Year,8.61,1
Jesse Young,carolyn85@yahoo.com,Other,27,B.Sc,,CSE,1st Year,6.52,
James Charles,christophermathis@fernandez-thompson.com,Male,29,M.Tech,,Civil,4th Year,8.16,1
James Jones,arthur77@hotmail.com,Female,27,Other,Advertising copywriter,ECE,3rd Year,7.36,1
Donald Jennings,sgarza@hanson.org,Male,28,B.Sc,,CSE,2nd Year,9.64,3+
Jackie Carter,shortrichard@dawson.com,Other,22,M.Tech,,IT,3rd Year,8.38,2
Elaine Smith,jasmine11@hotmail.com,Female,28,BCA,,Mechanical,1st Year,6.13,3+
Sarah Rivera,charleslopez@hotmail.com,Male,23,Other,Advertising copywriter,Mechanical,1st Year,5.03,1
Stephanie Reid,audrey67@rodriguez.org,Female,28,M.Sc,,Electrical,3rd Year,6.01,
Carlos Baker,ramirezdaniel@parker-duke.com,Female,30,MCA,,Civil,1st Year,7.79,
Bradley Burke,ysmith@yahoo.com,Other,24,B.E,,Civil,3rd Year,6.3,3+
Jenna Hopkins,fherring@rogers.info,Female,21,B.Sc,,Mechanical,2nd Year,9.04,1
Debra Henry,cathy63@zamora.net,Male,24,B.Sc,,IT,1st Year,8.15,
Kimberly Vazquez,amanda97@herman.com,Male,25,MCA,,Civil,2nd Year,9.93,3+
Casey Nguyen,ndyer@turner-leon.com,Other,26,B.E,,Civil,1st Year,7.8,
Anthony Cabrera,melissa53@yahoo.com,Other,20,B.Tech,,Electrical,1st Year,7.62,1
Jennifer Lopez,rodriguezmatthew@lee.net,Female,27,MCA,,Mechanical,1st Year,9.94,1
Susan Le,ojackson@smith.com,Other,26,B.Tech,,Mechanical,2nd Year,8.27,1
Angel West,gclark@hotmail.com,Male,29,B.E,,CSE,Completed,7.81,1
Kelly Luna,allisonsmith@bell.com,Male,22,MCA,,Civil,3rd Year,9.52,
Robert Goodwin,billyfritz@gmail.com,Female,19,B.Tech,,Mechanical,2nd Year,5.68,2
Cheryl Terrell,shannon51@hoover-butler.com,Male,26,B.Tech,,CSE,2nd Year,9.55,1
Vanessa Parker,vargasbenjamin@davis.net,Female,22,B.Tech,,IT,Completed,5.68,3+
Jason Franklin,matthew80@mendoza.com,Other,21,B.E,,Mechanical,3rd Year,7.34,2
James Williams,davisrichard@hotmail.com,Female,29,Other,"Engineer, communications",Mechanical,1st Year,8.99,3+
Robert West,meganmassey@yahoo.com,Other,27,M.Tech,,Mechanical,4th Year,7.76,1
Lindsay Martin,christinawilliams@mcgee.com,Male,23,B.Tech,,Civil,1st Year,8.47,3+
Jessica Cummings,erinhoward@cook.com,Female,21,B.E,,Electrical,4th Year,5.4,3+
Ariana Moore,carteranthony@hotmail.com,Other,23,BCA,,Civil,4th Year,9.86,2
Matthew Jones,cameron30@gmail.com,Other,28,M.Tech,,IT,Completed,9.52,3+
Alejandra Campbell,megan21@hotmail.com,Female,18,M.Sc,,Mechanical,3rd Year,6.01,3+
Laura Moran,dtran@hotmail.com,Other,29,MCA,,CSE,1st Year,9.2,2
Lance Cooke,vcampbell@yahoo.com,Male,25,B.E,,Electrical,Completed,8.36,
Aaron Mccormick,robertgraham@price-camacho.com,Female,30,MCA,,Electrical,3rd Year,5.85,3+
Toni Brennan,claudia98@yahoo.com,Female,23,MCA,,Civil,3rd Year,8.48,3+
Brittany Roberts,jacksonmary@odonnell-ferguson.com,Female,20,Other,Retail banker,ECE,3rd Year,9.45,
Cassidy Wilson,gregory70@gmail.com,Male,23,B.E,,IT,1st Year,9.79,3+
Michael Sanders,josephedward@yahoo.com,Male,27,B.Sc,,IT,4th Year,7.67,
James Mccarty,gbates@yahoo.com,Female,18,B.Tech,,CSE,3rd Year,7.47,
Mark Robinson,svance@gmail.com,Female,21,B.E,,IT,3rd Year,6.03,2
Deanna Shepherd,crosszachary@hotmail.com,Male,19,BCA,,Electrical,4th Year,9.83,1
Bradley Anthony,timothy42@hammond.biz,Female,21,B.Tech,,ECE,2nd Year,5.71,2
Shirley Gonzalez,wwood@yahoo.com,Other,23,Other,Ceramics designer,Electrical,1st Year,7.92,3+
Victoria Sutton,julie41@austin.com,Other,27,B.Tech,,ECE,2nd Year,8.26,1
Tonya Velez,jzimmerman@gmail.com,Male,22,B.E,,Mechanical,1st Year,7.6,
Eric Jones,roycarter@gmail.com,Other,29,MCA,,Mechanical,2nd Year,8.28,1
Taylor Craig,jacob60@white.org,Male,18,MCA,,CSE,Completed,7.87,3+
Joshua Allison,nicholasmiller@fowler.com,Female,26,M.Tech,,IT,2nd Year,7.18,2
Rebecca Olson,weisskeith@murillo.info,Male,29,M.Tech,,Mechanical,3rd Year,5.75,
Nicole Bolton,weverett@phillips-edwards.com,Other,18,MCA,,Mechanical,4th Year,5.72,
Kristen Clements,marshallmolly@gmail.com,Female,22,B.Tech,,Electrical,4th Year,7.73,3+
Patrick Chambers,pbowen@lee-olson.com,Other,28,B.E,,Civil,3rd Year,7.32,2
Ariana Moore,carteranthony@hotmail.com,Other,23,BCA,,Civil,4th Year,9.86,2
Lindsay Thompson,romerogina@martinez.biz,Female,18,M.Sc,,IT,4th Year,9.6,1
Lauren Willis,david02@gmail.com,Female,22,M.Tech,,CSE,3rd Year,7.51,3+
John Curry,thomasscott@silva-bowen.com,Other,25,MCA,,IT,1st Year,9.59,
Jesus Morgan,jeffreybaker@gmail.com,Other,27,M.Sc,,IT,2nd Year,7.19,2
Alicia Ayala,teresa43@gmail.com,Other,18,B.E,,Electrical,2nd Year,5.45,3+
Alexis Bush,dscott@villa.biz,Other,28,B.Tech,,IT,Completed,5.31,1
Harold Obrien,gonzalezjames@romero-flores.info,Female,25,Other,Ceramics designer,CSE,2nd Year,6.71,3+
Cody Sims,jerrygreen@foley-cox.com,Female,25,B.E,,IT,2nd Year,6.4,2
Kathryn Cole,snyderstephanie@reese.info,Male,26,MCA,,Civil,4th Year,6.69,3+
Mary Roberts,harrischristian@hotmail.com,Other,21,B.Sc,,Mechanical,3rd Year,8.88,2
John Porter,petersonlogan@hotmail.com,Other,23,Other,"Designer, fashion/clothing",Civil,3rd Year,6.71,2
Michele Robles,joannsmith@yahoo.com,Other,24,B.Tech,,IT,Completed,9.3,
Garrett Blackwell,craigfrancis@gmail.com,Other,29,B.Tech,,Civil,Completed,7.97,2
Janet Thomas,michael31@gmail.com,Other,29,B.Tech,,IT,4th Year,6.02,
Jessica Cummings,erinhoward@cook.com,Female,21,B.E,,Electrical,4th Year,5.4,3+
Christopher Cummings DDS,vwallace@hotmail.com,Female,26,M.Sc,,ECE,4th Year,7.55,
Kimberly Hampton,hking@sullivan.com,Other,29,BCA,,Electrical,1st Year,7.31,2
Robert Goodwin,billyfritz@gmail.com,Female,19,B.Tech,,Mechanical,2nd Year,5.68,2
Eric Jones,roycarter@gmail.com,Other,29,MCA,,Mechanical,2nd Year,8.28,1
Jeffrey Gonzalez,jacquelinepetersen@jackson.com,Other,21,BCA,,Civil,3rd Year,9.87,
Randy Weber,vincent92@gmail.com,Female,18,Other,Midwife,Mechanical,Completed,6.76,2
Carlos Schaefer,george42@maxwell.biz,Male,21,M.Sc,,Civil,Completed,6.55,2
Corey Salinas,xlam@bautista.com,Female,21,Other,"Research officer, political party",IT,1st Year,6.75,3+
Elizabeth Hunter,susanclark@reyes.com,Male,18,M.Tech,,ECE,Completed,6.17,3+
Joshua Combs,watsondeborah@gmail.com,Male,18,M.Tech,,Mechanical,3rd Year,5.39,2
Richard Garrett,ireed@gmail.com,Male,25,M.Tech,,Mechanical,2nd Year,8.95,1
James Jones,arthur77@hotmail.com,Female,27,Other,Advertising copywriter,ECE,3rd Year,7.36,1
Monique Burns,tammystephens@hotmail.com,Male,25,B.Sc,,CSE,2nd Year,9.3,2
Suzanne Diaz,calvingriffin@ortiz.info,Other,18,MCA,,Mechanical,Completed,6.32,1
Jacob Anderson,julielewis@ferguson.com,Female,18,BCA,,CSE,2nd Year,6.57,3+
Todd Salas,brianreese@thomas.com,Other,22,B.Sc,,IT,2nd Year,7.94,1
Erika Gross,carlos09@hotmail.com,Female,27,M.Sc,,CSE,4th Year,8.43,3+
Kimberly Hampton,hking@sullivan.com,Other,29,BCA,,Electrical,1st Year,7.31,2
Christopher Brown,kellycampos@gmail.com,Female,20,M.Tech,,Mechanical,3rd Year,7.52,1
Cynthia Hopkins,tgreen@ryan-roy.org,Male,27,M.Sc,,CSE,1st Year,5.31,2
Phillip Huerta,joseph85@cruz.net,Female,19,M.Sc,,IT,3rd Year,6.51,2
Hannah Anderson,kathrynbrown@yahoo.com,Male,18,M.Tech,,Electrical,Completed,9.21,
Timothy Rose,amandarivera@gmail.com,Female,29,MCA,,CSE,1st Year,9.96,1
Edward Williamson,xboyle@hurst.com,Male,19,B.E,,IT,Completed,8.94,3+
Mary Martinez,lewisjulia@lucas.biz,Female,25,M.Tech,,ECE,1st Year,9.95,3+
Taylor Craig,jacob60@white.org,Male,18,MCA,,CSE,Completed,7.87,3+
Michael Lee,evankim@hotmail.com,Female,25,Other,"Sales professional, IT",Electrical,1st Year,7.49,1
Kenneth Hill,snguyen@hotmail.com,Female,29,MCA,,CSE,1st Year,9.73,3+
Michael Norman,juan00@gmail.com,Female,23,B.Sc,,Civil,1st Year,6.91,3+
Nicole Sharp,omiranda@rush.com,Other,24,BCA,,Mechanical,2nd Year,9.78,1
Joseph Lee,csanchez@alvarez-potter.net,Male,19,B.E,,Electrical,Completed,9.92,1
Donald Perry,ronald27@berry.com,Female,30,B.Sc,,IT,1st Year,9.03,
Frank Douglas,autumn17@wells.info,Male,29,Other,Conference centre manager,Civil,3rd Year,8.25,1
Andrew Stanley,vmolina@reyes.info,Other,19,MCA,,Electrical,4th Year,5.82,1
Christine Cain,pattontimothy@gmail.com,Other,25,Other,Hospital doctor,Electrical,1st Year,7.83,2
Casey Nguyen,ndyer@turner-leon.com,Other,26,B.E,,Civil,1st Year,7.8,
Kristin Burton,catherine21@todd-mejia.com,Other,27,B.Sc,,Mechanical,4th Year,6.38,
Harold Obrien,gonzalezjames@romero-flores.info,Female,25,Other,Ceramics designer,CSE,2nd Year,6.71,3+
William Kane,larry24@gmail.com,Other,20,M.Tech,,Civil,3rd Year,6.41,2
Tommy Montoya,ramosamanda@gmail.com,Female,29,MCA,,CSE,2nd Year,8.02,1
Jeffrey Gonzalez,jacquelinepetersen@jackson.com,Other,21,BCA,,Civil,3rd Year,9.87,
Dr. Jessica Rivera PhD,tracy39@hotmail.com,Female,29,M.Tech,,ECE,Completed,9.41,3+
Robert Roberts,johnpennington@rodriguez.info,Other,21,M.Sc,,CSE,1st Year,9.99,3+
Kristen Clements,marshallmolly@gmail.com,Female,22,B.Tech,,Electrical,4th Year,7.73,3+
Jose Reyes,smithjohn@gmail.com,Female,23,B.Tech,,CSE,3rd Year,8.69,1
Janet Brown,omorris@moyer.info,Male,25,MCA,,IT,3rd Year,5.62,
Leslie Davis,tyates@gmail.com,Female,30,M.Tech,,IT,2nd Year,6.45,2
Jordan Miller,ckirk@gmail.com,Male,19,B.Sc,,Mechanical,4th Year,8.81,1
Penny Mitchell,patricksimpson@sandoval.com,Other,29,M.Sc,,Electrical,1st Year,7.46,1
William Travis,megan66@christensen.com,Male,29,Other,"Surveyor, rural practice",IT,Completed,9.39,1
Amy Beck,anne86@hotmail.com,Male,19,BCA,,Electrical,4th Year,7.26,1
Brooke White,csmith@jones.biz,Female,27,B.E,,Mechanical,1st Year,9.98,3+
Marissa Flores,bradleylinda@gmail.com,Male,19,MCA,,Mechanical,Completed,5.25,
Holly Robinson,klewis@white-cruz.com,Male,25,M.Sc,,IT,3rd Year,9.13,
Timothy Rose,amandarivera@gmail.com,Female,29,MCA,,CSE,1st Year,9.96,1
Brianna Oliver,jon65@robinson.info,Other,24,M.Tech,,CSE,Completed,9.99,
Justin Oneal,michellerodgers@gamble.org,Other,21,BCA,,ECE,1st Year,5.71,1
Edward Estrada,kathymccall@pham.com,Other,21,BCA,,Electrical,1st Year,8.22,2
Cheyenne Scott,wmurray@yahoo.com,Female,27,Other,"Production assistant, television",IT,Completed,7.01,2
Mr. Alexander Moore DDS,frederick06@yahoo.com,Female,21,M.Tech,,Civil,3rd Year,7.82,1
Alice Gonzalez,paullittle@zuniga.com,Other,26,M.Sc,,Civil,1st Year,5.02,
Brian Hicks,medinaandrew@carter.org,Female,21,B.E,,ECE,Completed,8.81,3+
Jacqueline Long,raymondweber@yahoo.com,Female,30,B.Tech,,Mechanical,2nd Year,8.52,
Elaine Smith,jasmine11@hotmail.com,Female,28,BCA,,Mechanical,1st Year,6.13,3+
Alec Rosario,diana86@gmail.com,Other,26,M.Sc,,IT,3rd Year,8.7,1
Michael Norman,juan00@gmail.com,Female,23,B.Sc,,Civil,1st Year,6.91,3+
Anna Huang,blackburndanielle@yahoo.com,Female,19,B.E,,Civil,2nd Year,8.39,3+
William Molina,randymedina@yahoo.com,Male,25,B.E,,Civil,4th Year,8.49,3+
Mr. Kyle Lewis,paulgreen@hotmail.com,Male,28,B.Tech,,CSE,Completed,7.83,
Richard Gutierrez,calebsmith@hotmail.com,Other,23,M.Tech,,Civil,1st Year,9.99,
Christopher Warner,upowell@carrillo-martin.biz,Male,30,M.Sc,,Civil,4th Year,9.37,3+
Philip Atkins,terry93@velazquez-dunn.com,Other,24,B.Sc,,Mechanical,2nd Year,6.12,1
Jeffrey Lee,rachaelmartin@kirby.com,Male,18,B.Sc,,IT,4th Year,9.23,1
James Simpson,dwilliams@yahoo.com,Other,24,B.Tech,,ECE,4th Year,7.49,1
David Bennett,lewiscrystal@gmail.com,Female,25,M.Sc,,CSE,2nd Year,5.62,2
Brittany Cooper,kevinsmith@burnett-bishop.com,Other,25,M.Tech,,Mechanical,2nd Year,5.2,2
Michael Carey,billygarza@brown.com,Other,23,B.Tech,,CSE,3rd Year,7.43,3+
Jennifer Rosales,brockdavid@yahoo.com,Other,24,B.E,,CSE,1st Year,8.08,3+
Dana Robinson,leedrake@gilbert-keith.com,Other,22,M.Tech,,ECE,3rd Year,8.1,
David Baker,tylerstevenson@hotmail.com,Male,30,M.Tech,,Mechanical,2nd Year,9.63,
Charles Johnson,nmora@short-hernandez.com,Male,29,M.Tech,,Mechanical,3rd Year,8.18,1
Dustin Cohen,kevinharrison@garcia-erickson.com,Male,18,Other,"Research officer, government",Civil,1st Year,5.55,3+
Jamie Fernandez,eferguson@yahoo.com,Other,28,B.Tech,,Electrical,3rd Year,6.47,3+
Jason Ayala,kim99@huynh-jacobs.com,Female,21,B.Sc,,Mechanical,4th Year,5.23,1
Lisa Zhang,kerri90@trevino.com,Female,22,Other,Politician's assistant,IT,1st Year,7.3,
Dr. Jessica Rivera PhD,tracy39@hotmail.com,Female,29,M.Tech,,ECE,Completed,9.41,3+
Julie Wilkerson,kristinmoore@cervantes.com,Female,21,BCA,,CSE,Completed,8.98,2
Shelly Vang,gortega@gmail.com,Male,21,M.Sc,,IT,3rd Year,5.05,1
Bonnie Kelly,daviskimberly@baker-phillips.com,Male,28,B.E,,ECE,2nd Year,7.77,2
Monica Taylor,ruth88@gmail.com,Other,23,B.Sc,,Mechanical,2nd Year,6.0,2
John Roberts,nhendricks@yahoo.com,Female,23,B.E,,ECE,1st Year,9.66,1
Charles Collins,jchavez@smith.org,Female,21,M.Tech,,Civil,4th Year,5.73,1
Christopher Blair,kleincameron@hotmail.com,Female,23,B.Sc,,CSE,2nd Year,9.76,
Carolyn Smith,athomas@yahoo.com,Other,25,B.Tech,,Civil,Completed,7.41,3+
Jessica Robinson,thomasday@giles-richards.com,Other,23,Other,Insurance account manager,Civil,3rd Year,7.79,1
Lori Hill,wilsonsara@hotmail.com,Male,24,B.E,,CSE,2nd Year,9.56,1
Heidi Brooks,mayrobert@jones-allen.com,Male,28,BCA,,Civil,2nd Year,6.31,2
Christopher Perry,cathy60@yahoo.com,Female,26,B.E,,Mechanical,2nd Year,6.2,3+
Jennifer Wilson,imercado@york.info,Female,18,M.Sc,,Civil,Completed,8.35,1
Terry Navarro,chad95@ellis.com,Other,30,Other,Dramatherapist,CSE,2nd Year,7.51,2
Jennifer Rivera,melendezdale@gmail.com,Other,30,M.Sc,,ECE,3rd Year,6.95,
Kyle Lewis,lisamccall@gmail.com,Other,18,B.Tech,,Electrical,1st Year,5.28,3+
April Brock,frios@hotmail.com,Female,23,M.Tech,,ECE,Completed,7.24,3+
Virginia Friedman,bradleymichael@yahoo.com,Female,21,B.E,,IT,3rd Year,7.04,
Paul Hodge,nhall@gmail.com,Female,23,B.Tech,,ECE,4th Year,8.38,1
Anthony Cummings,hayespatrick@yahoo.com,Female,23,Other,Homeopath,Electrical,1st Year,6.09,1
Melissa Barron,taylorkelley@hotmail.com,Other,24,BCA,,Mechanical,1st Year,5.33,
William Mcgee,jill58@lowery-mcdowell.net,Female,26,M.Sc,,ECE,4th Year,6.4,3+
Terrence Velasquez,jjohns@ramos.com,Other,28,Other,Control and instrumentation engineer,Mechanical,4th Year,9.77,
Michele Wilson,meganmoreno@patterson-stevens.com,Female,29,B.E,,IT,2nd Year,9.42,3+
Mark Gutierrez,aodonnell@yahoo.com,Female,30,B.Tech,,CSE,2nd Year,7.54,
Nancy Gillespie,john47@allen-santana.info,Female,20,Other,"Surveyor, building",Civil,3rd Year,8.67,
William Ballard,fjohnson@hotmail.com,Other,24,B.E,,ECE,2nd Year,7.79,
Jennifer Lopez,rodriguezmatthew@lee.net,Female,27,MCA,,Mechanical,1st Year,9.94,1
Andrew Hampton,carl06@logan.com,Other,23,M.Sc,,Civil,3rd Year,8.53,2
Julie Green,jermainebrown@jones-davis.info,Other,30,Other,Chief Strategy Officer,ECE,2nd Year,7.05,
Nicole Flowers,mdavis@craig.com,Male,20,B.Tech,,Mechanical,4th Year,7.55,2
Todd Cherry,sarah93@gmail.com,Female,25,BCA,,ECE,4th Year,9.83,2
Todd Harris MD,mzuniga@hill.com,Female,19,B.E,,Civil,3rd Year,8.83,1
Debra Ruiz,hernandezlauren@hotmail.com,Male,28,Other,Community arts worker,CSE,4th Year,8.58,1
Kristi Williams,craneamanda@petty.com,Other,24,B.Sc,,CSE,3rd Year,9.96,3+
Donna Wallace,tracychen@cardenas.com,Female,27,B.Tech,,CSE,4th Year,8.11,
James Jackson,whendrix@yahoo.com,Female,21,M.Sc,,ECE,1st Year,9.58,1
Madison Walters,ronaldlittle@rodriguez.biz,Female,21,M.Tech,,CSE,1st Year,6.34,2
Daniel Tucker,william63@yahoo.com,Female,28,Other,"Nurse, adult",Civil,Completed,5.4,
Bradley Whitehead,hevans@gregory.com,Other,23,BCA,,ECE,4th Year,5.64,
Shannon Sosa,gonzalezcatherine@gomez-davis.net,Other,26,M.Sc,,Mechanical,1st Year,9.79,
Victoria Sutton,julie41@austin.com,Other,27,B.Tech,,ECE,2nd Year,8.26,1
Carlos Baker,ramirezdaniel@parker-duke.com,Female,30,MCA,,Civil,1st Year,7.79,
Jennifer Cook,anthony84@yahoo.com,Male,28,BCA,,Electrical,1st Year,8.15,1
Taylor Ross,brian56@barber.com,Female,21,BCA,,ECE,4th Year,6.11,1
Jonathan Lindsey,elittle@anderson-velez.com,Male,26,B.Tech,,Mechanical,2nd Year,7.54,1
Paul Hodge,nhall@gmail.com,Female,23,B.Tech,,ECE,4th Year,8.38,1
Julie Herrera,wadewendy@manning.com,Female,20,B.Sc,,CSE,1st Year,9.96,3+
Patricia Lewis,kristenchurch@hotmail.com,Other,19,M.Tech,,CSE,1st Year,6.41,3+
Samantha Ramsey,kellyking@gmail.com,Male,22,B.Sc,,Civil,Completed,7.8,1
Michael Smith,zfreeman@fields.org,Male,23,MCA,,Civil,Completed,7.72,
Misty Phillips,griffinlaurie@hill.com,Other,30,M.Sc,,CSE,1st Year,6.65,2
Mark Ramirez,aobrien@sanchez.com,Female,27,B.E,,ECE,1st Year,9.25,
Anthony Jimenez,emack@martin.com,Male,19,B.Sc,,Mechanical,4th Year,8.42,3+
Anthony Cabrera,melissa53@yahoo.com,Other,20,B.Tech,,Electrical,1st Year,7.62,1
Kimberly Powell,zjuarez@petersen-hughes.com,Female,18,BCA,,IT,Completed,5.55,3+
Rebecca Martinez,jessicahill@stephens-lara.com,Male,30,B.E,,ECE,4th Year,6.87,1
Terry Navarro,chad95@ellis.com,Other,30,Other,Dramatherapist,CSE,2nd Year,7.51,2
Donna Mcintyre,athomas@wright.org,Female,28,M.Tech,,IT,4th Year,6.75,2
Courtney Byrd MD,ellisonmarilyn@smith.com,Female,25,B.Tech,,Electrical,Completed,8.59,
Brooke White,csmith@jones.biz,Female,27,B.E,,Mechanical,1st Year,9.98,3+
Tammy Jackson,mercedescollins@taylor.biz,Other,21,M.Sc,,CSE,1st Year,7.53,3+
Jason Castillo,hutchinsonnatalie@yahoo.com,Other,25,M.Sc,,Civil,4th Year,5.0,1
Lisa Powell,rhonda85@yahoo.com,Male,22,M.Sc,,ECE,4th Year,7.62,
Bryan King,sara20@gmail.com,Other,30,Other,Special educational needs teacher,Mechanical,2nd Year,6.47,1
Cody Sims,jerrygreen@foley-cox.com,Female,25,B.E,,IT,2nd Year,6.4,2
Erica Strong,maxwellcassandra@yahoo.com,Male,27,MCA,,Mechanical,3rd Year,5.81,1
Antonio Wood,joshua80@maxwell.com,Other,26,B.Tech,,Civil,3rd Year,9.68,1
Dalton Potts,kelly62@yahoo.com,Male,20,B.Sc,,CSE,1st Year,5.93,3+
Elizabeth Campbell,hellis@joseph-nolan.org,Male,27,Other,Interpreter,Civil,Completed,6.03,1
Amanda Perry,bwalker@hotmail.com,Male,21,B.E,,IT,3rd Year,8.84,2
Ashley Lutz,iwhite@yahoo.com,Female,24,B.Tech,,IT,2nd Year,6.8,
Taylor Brandt,zacharydixon@gmail.com,Other,19,MCA,,Civil,4th Year,7.55,3+
Rachael Patterson,ashley16@carter-west.com,Female,30,B.E,,ECE,Completed,7.13,2
Robert Alexander,michael88@gmail.com,Other,23,B.Sc,,Mechanical,1st Year,9.93,1
Christopher Brown,kellycampos@gmail.com,Female,20,M.Tech,,Mechanical,3rd Year,7.52,1
Tara Allen,russellstafford@hotmail.com,Other,29,M.Tech,,CSE,1st Year,7.94,2
Logan Brown,ureyes@gmail.com,Male,19,MCA,,ECE,Completed,5.64,2
Kylie Fields,waterslouis@rich-lawson.info,Male,22,B.Sc,,Electrical,Completed,5.42,1
Andrea Coleman,triciaharris@gmail.com,Other,22,M.Tech,,Mechanical,Completed,7.21,3+
William Ballard,fjohnson@hotmail.com,Other,24,B.E,,ECE,2nd Year,7.79,
Megan Smith,huffmanjonathan@lowe-steele.com,Female,20,M.Sc,,ECE,Completed,9.22,2
Matthew Jones,cameron30@gmail.com,Other,28,M.Tech,,IT,Completed,9.52,3+
Michael Thomas,brownjoseph@yahoo.com,Other,27,B.Tech,,CSE,1st Year,8.7,1
David Smith,dwolfe@henderson.com,Male,22,Other,"Exhibitions officer, museum/gallery",Civil,2nd Year,5.46,
Nicole Morales,garnerwilliam@robinson-murray.net,Other,20,Other,Risk manager,CSE,1st Year,8.02,2
Thomas Freeman,pjohnson@fisher-casey.biz,Other,18,M.Tech,,ECE,3rd Year,7.11,
Kevin Flores,halljason@gutierrez.biz,Female,30,B.E,,Electrical,3rd Year,5.51,2
Kimberly Hampton,hking@sullivan.com,Other,29,BCA,,Electrical,1st Year,7.31,2
Kevin Flores,halljason@gutierrez.biz,Female,30,B.E,,Electrical,3rd Year,5.51,2
Jessica Carter,millerjennifer@gmail.com,Other,26,M.Tech,,Mechanical,1st Year,6.44,1
Jennifer Lee,chandlertoni@lucas-stephens.org,Female,23,Other,Passenger transport manager,Civil,3rd Year,6.21,2
Jason Rodriguez,christinapotts@hotmail.com,Female,25,BCA,,Mechanical,1st Year,9.15,2
Cassidy Wilson,gregory70@gmail.com,Male,23,B.E,,IT,1st Year,9.79,3+
Eric Jones,roycarter@gmail.com,Other,29,MCA,,Mechanical,2nd Year,8.28,1
Kimberly Hampton,hking@sullivan.com,Other,29,BCA,,Electrical,1st Year,7.31,2
Tommy Montoya,ramosamanda@gmail.com,Female,29,MCA,,CSE,2nd Year,8.02,1
Nathan Bowers,michaelsellers@trevino-ramirez.com,Male,18,Other,Lawyer,CSE,3rd Year,7.16,1
Kathleen Leonard,frenchjames@yahoo.com,Other,23,B.Tech,,Mechanical,2nd Year,8.02,1
James Acevedo,kroman@holden.biz,Female,28,MCA,,Mechanical,2nd Year,8.41,2
Robert Goodwin,billyfritz@gmail.com,Female,19,B.Tech,,Mechanical,2nd Year,5.68,2
Michael Williams,unelson@hotmail.com,Male,25,MCA,,ECE,Completed,9.13,
Justin Mckenzie,fritzjames@gray.com,Other,21,Other,Counselling psychologist,Civil,3rd Year,9.72,1
Joshua Green,pjordan@cooper-chavez.biz,Female,18,MCA,,Civil,1st Year,5.85,3+
Morgan Cherry,blairxavier@yahoo.com,Female,27,B.Tech,,IT,1st Year,8.23,3+
Christian Ellis,afowler@yahoo.com,Female,20,BCA,,IT,2nd Year,6.69,3+
Carrie Bishop,zolsen@gaines.com,Female,26,B.Sc,,CSE,1st Year,7.44,3+
Tammy Reynolds,adampowers@martinez.com,Male,29,BCA,,Mechanical,3rd Year,6.83,3+
Scott Grimes,sherriturner@hotmail.com,Other,20,Other,Metallurgist,CSE,2nd Year,7.51,
Elizabeth Campbell,hellis@joseph-nolan.org,Male,27,Other,Interpreter,Civil,Completed,6.03,1
James Howell,anna05@gmail.com,Female,30,BCA,,Mechanical,4th Year,7.52,2
Kelly Torres,kyle61@smith.com,Male,28,M.Sc,,CSE,3rd Year,8.99,2
Andrew Hall,hmatthews@gmail.com,Female,19,M.Sc,,Mechanical,4th Year,5.75,
Casey Nguyen,ndyer@turner-leon.com,Other,26,B.E,,Civil,1st Year,7.8,
David Cervantes,ypowell@vega-guzman.net,Other,22,B.E,,IT,2nd Year,10.0,2
Wayne Marshall,patrickgriffith@boyd.com,Other,30,M.Tech,,Electrical,3rd Year,6.44,3+
April Brock,frios@hotmail.com,Female,23,M.Tech,,ECE,Completed,7.24,3+
Jacqueline David,meganmendoza@gmail.com,Other,28,B.Sc,,IT,4th Year,6.44,
Tammy Jackson,mercedescollins@taylor.biz,Other,21,M.Sc,,CSE,1st Year,7.53,3+
Timothy Richards,sototimothy@day-reed.com,Other,19,B.E,,Mechanical,2nd Year,5.69,1
Anthony Reese,kevin99@anthony-berry.com,Male,25,B.E,,Electrical,4th Year,5.83,3+
Robert Ward,angela01@hotmail.com,Female,30,M.Sc,,IT,Completed,6.38,
Justin Rodriguez,jonathan58@yahoo.com,Male,26,MCA,,Civil,2nd Year,9.4,
Benjamin Davis,tina40@lowery.com,Male,22,M.Sc,,IT,3rd Year,8.17,3+
Diana Nguyen,noah56@hotmail.com,Male,24,M.Sc,,ECE,Completed,8.26,3+
Michelle Brown,lharmon@weaver.com,Male,22,M.Tech,,Electrical,Completed,5.38,2
Kenneth Davies,nicholasmartin@gmail.com,Female,27,MCA,,ECE,Completed,6.4,1
Jordan Miller,ckirk@gmail.com,Male,19,B.Sc,,Mechanical,4th Year,8.81,1
Nicole Allen,brookewilson@hall.com,Other,20,B.Tech,,Mechanical,3rd Year,5.41,
Paul Spencer,christinamurphy@crawford.org,Male,18,B.E,,Civil,3rd Year,8.84,1
Brian Velazquez,vandrews@gmail.com,Male,21,M.Sc,,Mechanical,4th Year,8.08,1
Matthew Watson,cmiller@hotmail.com,Other,18,M.Sc,,CSE,4th Year,8.14,3+
Sarah Gardner,xwilliams@wells.org,Male,25,BCA,,Electrical,3rd Year,9.43,2
Gary Ellis,haletanya@gmail.com,Other,25,MCA,,Electrical,2nd Year,7.31,
Warren White,mariapugh@yahoo.com,Female,18,B.Tech,,IT,3rd Year,9.38,1
Justin Walker,oneillemily@hall.org,Male,28,M.Sc,,ECE,Completed,5.87,3+
Steven Miranda,matthewponce@hotmail.com,Other,21,B.E,,Electrical,3rd Year,6.22,3+
Karen Bryan,davisoscar@hotmail.com,Male,29,B.Tech,,CSE,1st Year,9.58,2
Jamie Avila,jennifer60@anderson-williams.info,Female,21,BCA,,Mechanical,3rd Year,8.82,2
Stephanie Boyer,danachandler@gmail.com,Other,25,MCA,,Civil,2nd Year,9.35,3+
Michael Kaufman,stevenfrederick@wells.com,Male,23,M.Sc,,ECE,4th Year,6.44,3+
Elizabeth Ryan,chuerta@gordon.com,Female,21,B.Tech,,Electrical,1st Year,8.77,1
Bruce Mayo,dstevens@gmail.com,Male,29,B.Tech,,Mechanical,3rd Year,8.5,1
Jeremy Hansen,ashleyjones@gmail.com,Female,23,B.Sc,,IT,4th Year,7.01,2
Bradley Whitehead,hevans@gregory.com,Other,23,BCA,,ECE,4th Year,5.64,
Stacy Martinez,paulfranklin@yahoo.com,Female,30,BCA,,IT,2nd Year,5.94,2
Sandra Castro,johnhardin@espinoza.com,Other,23,B.E,,CSE,3rd Year,9.32,1
Ashley West,jasonmorgan@simpson.info,Other,18,M.Sc,,IT,2nd Year,7.67,3+
Deanna Richmond,danielle96@yahoo.com,Female,29,Other,Counselling psychologist,Mechanical,Completed,5.21,
Shannon Serrano,fwright@yahoo.com,Other,30,Other,Actuary,Mechanical,Completed,5.73,3+
Robert Vega,hdean@hotmail.com,Male,26,B.Tech,,Mechanical,4th Year,5.5,3+
Joshua Jensen,adam66@woods-small.com,Male,22,B.E,,ECE,1st Year,5.72,
David Jenkins,wallacemichael@butler-wright.com,Female,19,M.Sc,,Civil,1st Year,6.75,
John Solomon,dmitchell@hotmail.com,Male,29,B.E,,IT,2nd Year,6.27,1
Linda Wolf,jilllopez@salas.net,Female,30,MCA,,CSE,Completed,9.96,
Sydney Roberts,elizabetherickson@hall.net,Female,24,B.Tech,,IT,1st Year,6.96,2
Benjamin Fernandez,tsmith@turner-greer.com,Female,26,B.Tech,,ECE,1st Year,6.71,
Christopher Cochran,walshheather@rodriguez-martin.com,Female,25,B.Tech,,Civil,1st Year,8.96,2
Matthew Giles,ikim@yahoo.com,Male,30,BCA,,IT,1st Year,9.54,2
Michael Gomez,micheleliu@yahoo.com,Male,21,B.Tech,,Mechanical,2nd Year,5.46,
Joseph Lee,csanchez@alvarez-potter.net,Male,19,B.E,,Electrical,Completed,9.92,1
Gregory Bright,rowezachary@walker-white.info,Other,18,M.Tech,,ECE,Completed,7.68,3+
Regina Jimenez,wpatterson@hotmail.com,Male,21,B.Sc,,ECE,1st Year,8.57,2
Tracy Allen,ylopez@mcintyre.info,Male,25,B.Tech,,CSE,3rd Year,7.01,
Lindsay Thompson,romerogina@martinez.biz,Female,18,M.Sc,,IT,4th Year,9.6,1
Duane Reeves,sgarcia@richardson-peters.com,Male,19,M.Tech,,CSE,2nd Year,7.16,
Raymond Peck,solomonpatricia@monroe.net,Male,21,MCA,,ECE,2nd Year,9.84,
Corey Salinas,xlam@bautista.com,Female,21,Other,"Research officer, political party",IT,1st Year,6.75,3+
Michael Goodwin,yphillips@hotmail.com,Other,26,B.E,,CSE,3rd Year,8.64,1
Dana Robinson,leedrake@gilbert-keith.com,Other,22,M.Tech,,ECE,3rd Year,8.1,
Brandon Roberts,marymartinez@gmail.com,Female,25,M.Sc,,ECE,1st Year,9.01,2
Marissa Flores,bradleylinda@gmail.com,Male,19,MCA,,Mechanical,Completed,5.25,
Kent Cole,fernandezkimberly@gmail.com,Male,22,MCA,,CSE,4th Year,8.62,2
Tonya Velez,jzimmerman@gmail.com,Male,22,B.E,,Mechanical,1st Year,7.6,
Larry Smith,molly46@mason.com,Female,26,BCA,,CSE,4th Year,7.53,2
Stephanie Green,whitakerkaren@good.com,Other,24,MCA,,Electrical,Completed,6.27,3+
Jennifer Lee,millerjeffrey@roberson.net,Female,20,Other,Petroleum engineer,Mechanical,Completed,6.88,3+
Jeremy Bell,timothy93@evans.com,Other,30,M.Tech,,Mechanical,1st Year,9.87,2
Jamie Fernandez,eferguson@yahoo.com,Other,28,B.Tech,,Electrical,3rd Year,6.47,3+
John Mack,lorettafleming@gmail.com,Male,28,M.Tech,,CSE,Completed,9.3,
William Dominguez,christopherthomas@pennington.net,Female,23,B.E,,IT,Completed,8.1,
David Bennett,lewiscrystal@gmail.com,Female,25,M.Sc,,CSE,2nd Year,5.62,2
Amber Yates,adriana83@yahoo.com,Female,21,MCA,,CSE,1st Year,8.79,3+
Robert Collier,kimberlyblankenship@kim.com,Male,28,B.Sc,,CSE,4th Year,8.61,1
Joseph Morse,agarcia@hotmail.com,Other,30,B.E,,ECE,1st Year,5.69,
Brian Gutierrez,walterbarnes@dickson.info,Female,23,M.Sc,,CSE,1st Year,5.59,
Christopher Brown,kellycampos@gmail.com,Female,20,M.Tech,,Mechanical,3rd Year,7.52,1
Lauren Davis,zhall@diaz-small.info,Female,25,MCA,,Electrical,2nd Year,5.76,2
Michael Parker,peterskrista@gmail.com,Other,22,B.E,,IT,3rd Year,6.46,
Stacy Martinez,paulfranklin@yahoo.com,Female,30,BCA,,IT,2nd Year,5.94,2
Emily Jones,jennifer94@gmail.com,Other,20,B.E,,IT,2nd Year,5.07,1
Francisco Williams,wwright@yahoo.com,Other,25,MCA,,IT,1st Year,7.63,2
Morgan Patton,cooperanna@hotmail.com,Female,26,M.Tech,,ECE,2nd Year,9.43,2
Abigail Griffin,vanderson@rodriguez-ramirez.com,Male,30,B.Tech,,ECE,1st Year,8.98,
Laura Keller,barbara07@schroeder.com,Male,28,Other,Customer service manager,Electrical,Completed,7.37,1
Bruce Mayo,dstevens@gmail.com,Male,29,B.Tech,,Mechanical,3rd Year,8.5,1
Paul Mcdonald,roblesjames@yahoo.com,Male,21,B.E,,Mechanical,3rd Year,6.83,1
Michael Mccall,cheryl93@reynolds.com,Other,22,Other,Chief Operating Officer,Civil,1st Year,8.98,3+
Gail Brown,heather61@taylor-norris.biz,Other,30,BCA,,Electrical,3rd Year,7.41,
Monique Burns,tammystephens@hotmail.com,Male,25,B.Sc,,CSE,2nd Year,9.3,2
Mr. Zachary Green,cbrown@walters.com,Male,18,M.Tech,,Civil,4th Year,6.35,1
Jeanne Cohen,carolwagner@williams-wright.biz,Male,24,B.E,,Civil,2nd Year,8.26,3+
James Schmidt,dylan26@yahoo.com,Other,26,B.Tech,,ECE,4th Year,9.81,
Michael Rodriguez,mwise@hotmail.com,Male,29,B.Sc,,Electrical,1st Year,5.47,1
Penny Mitchell,patricksimpson@sandoval.com,Other,29,M.Sc,,Electrical,1st Year,7.46,1
Katrina Stephens,vatkins@hotmail.com,Male,27,B.Tech,,CSE,3rd Year,9.76,3+
Natalie Davis,david19@yahoo.com,Male,27,B.Sc,,ECE,2nd Year,8.22,3+
Angela Johnson,yhunt@hotmail.com,Other,28,B.Sc,,Civil,4th Year,7.93,
Vanessa Horn,thompsonmary@hotmail.com,Other,26,B.Sc,,ECE,1st Year,9.33,2
William Taylor,mckenziemelissa@hotmail.com,Other,20,B.Sc,,ECE,3rd Year,5.82,
Edward Estrada,kathymccall@pham.com,Other,21,BCA,,Electrical,1st Year,8.22,2
Christine Harris,reesetimothy@blackwell.biz,Male,25,B.Sc,,Civil,2nd Year,9.15,1
Michael Lopez,lsaunders@yahoo.com,Other,19,M.Tech,,Civil,4th Year,6.93,3+
Taylor Ross,brian56@barber.com,Female,21,BCA,,ECE,4th Year,6.11,1
Brandon Mendez,nicolaswang@yahoo.com,Male,29,BCA,,Electrical,3rd Year,7.64,1
Kayla Jones,reginatucker@hotmail.com,Other,26,B.E,,Civil,Completed,7.13,1
Jessica Jackson,carlosenglish@perez.com,Female,19,Other,Adult guidance worker,Civil,Completed,8.77,
Kenneth Hill,snguyen@hotmail.com,Female,29,MCA,,CSE,1st Year,9.73,3+
William Ballard,fjohnson@hotmail.com,Other,24,B.E,,ECE,2nd Year,7.79,
Kevin Flores,halljason@gutierrez.biz,Female,30,B.E,,Electrical,3rd Year,5.51,2
Brandon Chen,kyleharvey@yahoo.com,Female,25,BCA,,Civil,2nd Year,9.95,2
Alice Gonzalez,paullittle@zuniga.com,Other,26,M.Sc,,Civil,1st Year,5.02,
Toni Brennan,claudia98@yahoo.com,Female,23,MCA,,Civil,3rd Year,8.48,3+
Michelle Hill,lisa38@curtis.net,Other,18,M.Sc,,Mechanical,Completed,7.96,2
Scott Grimes,sherriturner@hotmail.com,Other,20,Other,Metallurgist,CSE,2nd Year,7.51,
Cindy Brown,williamsjessica@hotmail.com,Male,22,Other,Oceanographer,Electrical,1st Year,6.96,3+
Carlos Bell,tanyaalvarado@yahoo.com,Other,29,B.E,,ECE,3rd Year,6.59,
Jose Reyes,smithjohn@gmail.com,Female,23,B.Tech,,CSE,3rd Year,8.69,1
Kimberly Hampton,hking@sullivan.com,Other,29,BCA,,Electrical,1st Year,7.31,2
Janet Thomas,michael31@gmail.com,Other,29,B.Tech,,IT,4th Year,6.02,
Justin Hudson,morganeric@cohen.org,Other,24,M.Tech,,CSE,3rd Year,9.67,3+
Eric Davis,kimberlyyoung@gmail.com,Male,24,M.Sc,,Civil,1st Year,8.4,2
Kristina Hernandez,unelson@gmail.com,Female,21,BCA,,Electrical,Completed,5.17,3+
Deborah Cortez,hardinkayla@gmail.com,Male,21,BCA,,Mechanical,3rd Year,7.1,
Michael Hester,cwilliams@hotmail.com,Other,19,Other,Structural engineer,ECE,2nd Year,7.7,1
Heather Ross,grahamkyle@yahoo.com,Male,24,B.Tech,,Civil,1st Year,6.26,
Dean Greene,gordon05@george-christensen.biz,Male,29,B.Sc,,Civil,1st Year,9.48,1
Donald Perry,ronald27@berry.com,Female,30,B.Sc,,IT,1st Year,9.03,
Thomas Donovan,wgill@yahoo.com,Male,22,B.Sc,,Electrical,Completed,8.43,
Robin Evans,richardyoung@lewis-maynard.com,Male,22,B.E,,CSE,1st Year,6.57,1
Jesse Boyer,emilyandrews@stone-alvarado.com,Male,30,M.Tech,,Electrical,Completed,6.5,2
Robert Johnson,yhernandez@harper.com,Male,26,B.Sc,,CSE,1st Year,8.42,2
Brittany Roberts,jacksonmary@odonnell-ferguson.com,Female,20,Other,Retail banker,ECE,3rd Year,9.45,
Maria Gill,deborahnoble@hotmail.com,Male,27,B.Tech,,Electrical,Completed,9.3,3+
Alejandra Campbell,megan21@hotmail.com,Female,18,M.Sc,,Mechanical,3rd Year,6.01,3+
April Brock,frios@hotmail.com,Female,23,M.Tech,,ECE,Completed,7.24,3+
Lisa Ferguson,qbriggs@wilson.net,Other,23,B.Sc,,Mechanical,4th Year,5.42,3+
Suzanne Diaz,calvingriffin@ortiz.info,Other,18,MCA,,Mechanical,Completed,6.32,1
Joshua Hall,bruce72@gmail.com,Other,28,MCA,,Electrical,Completed,6.19,1
Julie Wilkerson,kristinmoore@cervantes.com,Female,21,BCA,,CSE,Completed,8.98,2
Jeffrey Cardenas,martinmelanie@hotmail.com,Female,21,BCA,,CSE,2nd Year,9.3,1
Randy Weber,vincent92@gmail.com,Female,18,Other,Midwife,Mechanical,Completed,6.76,2
Kathryn Freeman,alexanderlambert@martin.net,Other,22,M.Sc,,ECE,2nd Year,5.22,
Robert West,meganmassey@yahoo.com,Other,27,M.Tech,,Mechanical,4th Year,7.76,1
Debra Ruiz,hernandezlauren@hotmail.com,Male,28,Other,Community arts worker,CSE,4th Year,8.58,1
Mrs. Mariah Randall DDS,eric44@morgan.com,Female,26,Other,Agricultural engineer,Mechanical,1st Year,5.39,2
Leslie Davis,tyates@gmail.com,Female,30,M.Tech,,IT,2nd Year,6.45,2
Ana Montgomery,mariagay@benson-ortiz.biz,Female,30,M.Sc,,IT,1st Year,7.01,1
Tyler White,montgomeryjulia@hotmail.com,Other,26,BCA,,IT,4th Year,6.6,1
Benjamin Fernandez,tsmith@turner-greer.com,Female,26,B.Tech,,ECE,1st Year,6.71,
Erik Matthews,anthonyandrew@white.info,Other,22,MCA,,Mechanical,Completed,6.88,2
Mary Martinez,lewisjulia@lucas.biz,Female,25,M.Tech,,ECE,1st Year,9.95,3+
Dr. Laura Spencer,caroline25@cunningham.com,Other,24,B.Tech,,IT,4th Year,9.98,3+
Caleb Kennedy,sanchezmary@yahoo.com,Female,29,B.E,,Electrical,Completed,8.12,2
Bobby Howell,kimashlee@matthews.info,Male,26,M.Tech,,CSE,1st Year,5.08,3+
Ronald Monroe,morenotimothy@anderson.com,Other,18,B.E,,IT,1st Year,8.62,
Blake Adkins III,scottclay@yahoo.com,Other,22,B.Sc,,Mechanical,Completed,8.62,1
Jessica Brooks,qdurham@yahoo.com,Other,20,B.Sc,,IT,Completed,5.84,2
Andrew Butler,gregoryharris@yahoo.com,Other,27,B.Tech,,IT,3rd Year,8.56,3+
Elizabeth Thomas,doyleanthony@gilbert.com,Female,23,B.Sc,,ECE,2nd Year,8.93,2
Angel West,gclark@hotmail.com,Male,29,B.E,,CSE,Completed,7.81,1
Tammy Leblanc,bautistacharles@rodriguez.info,Female,26,B.Tech,,CSE,1st Year,8.37,
James Humphrey,davisedward@pierce.biz,Other,19,Other,Set designer,ECE,1st Year,6.65,1
Richard Wilson,zmathews@lopez.biz,Male,25,MCA,,ECE,2nd Year,7.8,2
Ariel Davis,wrightcraig@yahoo.com,Female,19,BCA,,ECE,4th Year,6.4,
Sandra Kramer,bethgutierrez@hotmail.com,Male,25,B.Tech,,Civil,3rd Year,6.04,1
Jessica Cummings,erinhoward@cook.com,Female,21,B.E,,Electrical,4th Year,5.4,3+
Michael Davila DVM,mcbridepatricia@hotmail.com,Other,22,B.Tech,,CSE,2nd Year,9.73,1
Diane Brown,sjames@henry-andrews.biz,Female,30,M.Sc,,IT,4th Year,5.83,2
Daniel Collins,watkinsjanet@yahoo.com,Female,27,B.Tech,,ECE,1st Year,8.86,2
Antonio Wood,joshua80@maxwell.com,Other,26,B.Tech,,Civil,3rd Year,9.68,1
Kellie Turner,howardjennifer@koch.com,Male,30,B.Sc,,Civil,2nd Year,6.61,3+
William Cardenas,harrisrandy@hotmail.com,Other,28,B.E,,IT,1st Year,7.46,1
Omar Greer,powellashley@hill.biz,Male,21,M.Tech,,ECE,1st Year,9.55,3+
Cory Alexander,grayautumn@sosa-soto.com,Female,21,BCA,,Electrical,4th Year,8.92,3+
Paige White,sandra12@yahoo.com,Other,18,BCA,,Civil,2nd Year,7.66,
Russell Lowe,keithwilliams@duncan.com,Male,26,Other,Regulatory affairs officer,Mechanical,Completed,5.69,
Rebecca Stout,john02@yahoo.com,Male,24,M.Sc,,Mechanical,1st Year,8.51,2
Rachael Patterson,ashley16@carter-west.com,Female,30,B.E,,ECE,Completed,7.13,2
Frank King,philipphillips@terrell.com,Male,23,BCA,,Electrical,2nd Year,8.42,3+
Jennifer Lee,chandlertoni@lucas-stephens.org,Female,23,Other,Passenger transport manager,Civil,3rd Year,6.21,2
Joseph Lee,csanchez@alvarez-potter.net,Male,19,B.E,,Electrical,Completed,9.92,1
Elaine Smith,jasmine11@hotmail.com,Female,28,BCA,,Mechanical,1st Year,6.13,3+
Katherine Sanchez,vdecker@hotmail.com,Other,24,M.Sc,,IT,4th Year,8.16,3+
Michael Lopez,lsaunders@yahoo.com,Other,19,M.Tech,,Civil,4th Year,6.93,3+
Craig Daniels,allenmallory@yahoo.com,Male,22,M.Sc,,Civil,1st Year,9.72,2
Matthew Grant,anthony87@valentine.com,Other,23,M.Sc,,ECE,2nd Year,9.53,3+
Debra Vasquez,newmanjason@gmail.com,Other,26,M.Tech,,IT,3rd Year,6.91,1
Kayla Jones,reginatucker@hotmail.com,Other,26,B.E,,Civil,Completed,7.13,1
Kathleen Livingston,malik81@kramer.com,Male,26,MCA,,Mechanical,4th Year,6.07,1
Tina Gregory,vcarter@yahoo.com,Other,22,BCA,,IT,2nd Year,8.64,
Kathryn Cole,snyderstephanie@reese.info,Male,26,MCA,,Civil,4th Year,6.69,3+
Michael Pacheco,ynorris@rosales-gilbert.com,Male,27,M.Sc,,CSE,2nd Year,7.45,
Travis Jennings,smithkelly@yahoo.com,Male,29,B.E,,IT,3rd Year,5.5,
Sandra Castro,johnhardin@espinoza.com,Other,23,B.E,,CSE,3rd Year,9.32,1
Andre Mills,powelljason@simon.com,Female,25,Other,Biomedical scientist,ECE,3rd Year,8.63,3+
Joshua Soto,lorismith@hotmail.com,Male,21,M.Tech,,ECE,4th Year,8.95,3+
Amanda Khan,jcarroll@curry-foster.com,Other,23,M.Tech,,IT,Completed,7.32,1
Elizabeth Ryan,chuerta@gordon.com,Female,21,B.Tech,,Electrical,1st Year,8.77,1
Jessica Jackson,carlosenglish@perez.com,Female,19,Other,Adult guidance worker,Civil,Completed,8.77,
Shelby Mendoza,ianowens@anderson.org,Male,21,MCA,,CSE,3rd Year,7.7,1
Mark Gutierrez,aodonnell@yahoo.com,Female,30,B.Tech,,CSE,2nd Year,7.54,
Mr. Kyle Lewis,paulgreen@hotmail.com,Male,28,B.Tech,,CSE,Completed,7.83,
Kelly Torres,kyle61@smith.com,Male,28,M.Sc,,CSE,3rd Year,8.99,2
Henry Murphy,todd88@lowe.org,Female,30,BCA,,IT,3rd Year,6.09,1
Caleb Kennedy,sanchezmary@yahoo.com,Female,29,B.E,,Electrical,Completed,8.12,2
Cheyenne Scott,wmurray@yahoo.com,Female,27,Other,"Production assistant, television",IT,Completed,7.01,2
Carlos Baker,ramirezdaniel@parker-duke.com,Female,30,MCA,,Civil,1st Year,7.79,
Brandon Grant,cynthiahernandez@gmail.com,Other,20,M.Tech,,Electrical,Completed,8.57,3+
Jennifer Lee,chandlertoni@lucas-stephens.org,Female,23,Other,Passenger transport manager,Civil,3rd Year,6.21,2
Deanna Martinez,dgardner@williams.info,Female,21,MCA,,Civil,3rd Year,5.7,1
Tammy Christian PhD,elizabethtrujillo@hotmail.com,Female,29,B.Sc,,ECE,1st Year,9.23,
Lisa Powell,rhonda85@yahoo.com,Male,22,M.Sc,,ECE,4th Year,7.62,
Timothy Medina,xroth@gmail.com,Male,29,BCA,,IT,3rd Year,8.69,
James Williams,davisrichard@hotmail.com,Female,29,Other,"Engineer, communications",Mechanical,1st Year,8.99,3+
Kathryn Cole,snyderstephanie@reese.info,Male,26,MCA,,Civil,4th Year,6.69,3+
Richard Houston,ygallagher@yahoo.com,Male,29,Other,"Designer, exhibition/display",Electrical,2nd Year,5.39,3+
Alexis Bush,dscott@villa.biz,Other,28,B.Tech,,IT,Completed,5.31,1
Kylie Fields,waterslouis@rich-lawson.info,Male,22,B.Sc,,Electrical,Completed,5.42,1
Duane Arnold,castillorandall@griffin-duran.com,Male,25,B.E,,ECE,4th Year,5.12,3+
Christopher Perry,cathy60@yahoo.com,Female,26,B.E,,Mechanical,2nd Year,6.2,3+
Jason Maldonado,youngmike@young-murray.org,Female,29,B.E,,Electrical,1st Year,9.92,
Natalie Lara,nthompson@morris-miller.net,Other,29,B.Sc,,IT,3rd Year,5.04,1
Lisa Ferguson,qbriggs@wilson.net,Other,23,B.Sc,,Mechanical,4th Year,5.42,3+
Erica Strong,maxwellcassandra@yahoo.com,Male,27,MCA,,Mechanical,3rd Year,5.81,1
Matthew Martinez,samanthalewis@gmail.com,Female,25,M.Sc,,Electrical,Completed,7.02,1
James Simpson,dwilliams@yahoo.com,Other,24,B.Tech,,ECE,4th Year,7.49,1
Troy Carter PhD,charlesmichael@murray-osborne.com,Other,21,M.Tech,,ECE,Completed,5.51,3+
Joshua Chan,ihunt@olson.com,Other,24,MCA,,CSE,4th Year,6.05,2
David Ramirez,mphillips@johnson.com,Female,27,M.Sc,,CSE,1st Year,7.89,
Dr. Matthew Henderson,jeffreymorgan@alexander-roberts.com,Male,28,MCA,,Mechanical,1st Year,5.97,2
Matthew Howard,vancewhitney@gmail.com,Other,20,Other,"Therapist, drama",Civil,4th Year,7.53,
Kristopher Gonzalez,harveynathan@kline.com,Other,25,M.Tech,,CSE,3rd Year,8.18,3+
Troy Holden,claire01@kerr.com,Male,30,BCA,,Mechanical,3rd Year,9.69,
Felicia Thomas,blakeboyd@yahoo.com,Female,18,M.Tech,,CSE,1st Year,9.85,
Michael Lee,evankim@hotmail.com,Female,25,Other,"Sales professional, IT",Electrical,1st Year,7.49,1
Brandon Mendez,nicolaswang@yahoo.com,Male,29,BCA,,Electrical,3rd Year,7.64,1
Debra Shaw,connieharris@levy.com,Female,26,MCA,,ECE,2nd Year,9.85,
James Young,gadams@campbell.net,Male,21,Other,Clinical research associate,CSE,3rd Year,5.41,3+
Heidi Fisher,vincentcruz@dudley-jenkins.net,Female,23,Other,Theatre stage manager,CSE,1st Year,6.96,
Bobby Howell,kimashlee@matthews.info,Male,26,M.Tech,,CSE,1st Year,5.08,3+
Mr. Calvin Waters,shaneryan@gmail.com,Male,30,M.Sc,,IT,3rd Year,5.51,2
Jamie Avila,jennifer60@anderson-williams.info,Female,21,BCA,,Mechanical,3rd Year,8.82,2
Jaime Johnson,carrie64@jones.org,Female,21,BCA,,CSE,4th Year,7.42,2
Jason Davis,tammy09@gross.com,Female,27,B.Sc,,IT,Completed,7.37,3+
Christopher Perry,cathy60@yahoo.com,Female,26,B.E,,Mechanical,2nd Year,6.2,3+
Donna Wallace,tracychen@cardenas.com,Female,27,B.Tech,,CSE,4th Year,8.11,
Kenneth Huynh,shawnbrown@yahoo.com,Other,28,B.Tech,,Electrical,1st Year,9.73,2
Thomas Gill,rachel05@allen.com,Other,26,MCA,,IT,Completed,6.46,2
Kenneth Miller,elizabeth15@yahoo.com,Male,23,M.Tech,,IT,4th Year,9.15,1
Justin Simpson,millernicholas@leon.com,Male,18,BCA,,ECE,Completed,8.14,3+
Travis Jennings,smithkelly@yahoo.com,Male,29,B.E,,IT,3rd Year,5.5,
Glenn Smith,danny66@yahoo.com,Other,29,M.Tech,,ECE,Completed,9.99,1
Jason Maldonado,youngmike@young-murray.org,Female,29,B.E,,Electrical,1st Year,9.92,
Mrs. Mariah Randall DDS,eric44@morgan.com,Female,26,Other,Agricultural engineer,Mechanical,1st Year,5.39,2
Linda Stevens,thompsondanielle@hotmail.com,Other,23,B.Sc,,ECE,3rd Year,9.7,2
Tracy Miller,fhaley@hotmail.com,Female,30,B.Sc,,Electrical,3rd Year,6.47,3+
James Howell,anna05@gmail.com,Female,30,BCA,,Mechanical,4th Year,7.52,2
Kristina Hernandez,unelson@gmail.com,Female,21,BCA,,Electrical,Completed,5.17,3+
Rebecca Olson,weisskeith@murillo.info,Male,29,M.Tech,,Mechanical,3rd Year,5.75,
Chad Thomas,huntjessica@spencer.com,Other,18,B.E,,Civil,Completed,5.21,3+
Suzanne Diaz,calvingriffin@ortiz.info,Other,18,MCA,,Mechanical,Completed,6.32,1
Charles Allen,scott40@gmail.com,Other,18,B.Tech,,ECE,2nd Year,7.25,3+
Erin Hammond,emilymontgomery@hotmail.com,Female,24,B.Tech,,CSE,Completed,6.02,
Andrew Hampton,carl06@logan.com,Other,23,M.Sc,,Civil,3rd Year,8.53,2
Joshua Bowen,williamsxavier@curtis.com,Female,19,B.E,,ECE,2nd Year,7.49,1
David Smith,dwolfe@henderson.com,Male,22,Other,"Exhibitions officer, museum/gallery",Civil,2nd Year,5.46,
Melody Boyd,bhunt@hotmail.com,Female,28,B.E,,CSE,Completed,9.32,1
Gerald Campbell,davidsmith@yahoo.com,Female,19,B.Sc,,ECE,2nd Year,7.27,2
Mr. James Gillespie,xparker@hotmail.com,Other,28,MCA,,Mechanical,1st Year,7.48,3+
Paul Hodge,nhall@gmail.com,Female,23,B.Tech,,ECE,4th Year,8.38,1
Michael Pacheco,ynorris@rosales-gilbert.com,Male,27,M.Sc,,CSE,2nd Year,7.45,
Timothy Richards,sototimothy@day-reed.com,Other,19,B.E,,Mechanical,2nd Year,5.69,1
Joshua Hall,bruce72@gmail.com,Other,28,MCA,,Electrical,Completed,6.19,1
Jacob Anderson,julielewis@ferguson.com,Female,18,BCA,,CSE,2nd Year,6.57,3+
Sean Chavez,alyssa39@yahoo.com,Female,27,B.Tech,,ECE,2nd Year,6.71,2
James Davenport,dwarren@yahoo.com,Other,19,BCA,,CSE,Completed,5.99,2
Maurice Cook,mturner@jones.com,Female,20,M.Sc,,ECE,2nd Year,6.59,3+
Laura Pierce,jamesrussell@gmail.com,Other,23,M.Sc,,CSE,2nd Year,7.41,3+
Erik Matthews,anthonyandrew@white.info,Other,22,MCA,,Mechanical,Completed,6.88,2
Jeffrey Peterson,crossbrittany@duncan-jackson.com,Female,18,Other,Systems analyst,IT,2nd Year,8.78,1
Sara Chaney,jonesjennifer@gmail.com,Female,23,M.Tech,,Civil,3rd Year,7.83,3+
John Hernandez,wwagner@cohen.com,Male,23,M.Sc,,Mechanical,2nd Year,9.0,3+
Jessica Merritt,zcollins@edwards.com,Male,27,M.Sc,,ECE,2nd Year,8.21,3+
Lindsay Martin,christinawilliams@mcgee.com,Male,23,B.Tech,,Civil,1st Year,8.47,3+
Gary Ellis,haletanya@gmail.com,Other,25,MCA,,Electrical,2nd Year,7.31,
Larry Bowers,lori52@gmail.com,Other,24,M.Tech,,Electrical,4th Year,6.06,3+
Erik Davis,hickstammy@hotmail.com,Female,25,Other,"Research officer, political party",ECE,4th Year,8.19,2
Shelby Mendoza,ianowens@anderson.org,Male,21,MCA,,CSE,3rd Year,7.7,1
Brenda Nguyen,joseph14@hotmail.com,Other,24,M.Sc,,CSE,2nd Year,7.78,1
Ellen Martinez,morganreginald@maldonado.com,Female,28,B.Sc,,Civil,3rd Year,8.0,2
Dr. John Galvan,wmartin@davis-aguilar.com,Other,23,MCA,,IT,3rd Year,9.54,1
Krista Houston,uball@gmail.com,Male,28,BCA,,IT,3rd Year,6.48,2
Erik Davis,hickstammy@hotmail.com,Female,25,Other,"Research officer, political party",ECE,4th Year,8.19,2
Amanda Khan,jcarroll@curry-foster.com,Other,23,M.Tech,,IT,Completed,7.32,1
Misty Phillips,griffinlaurie@hill.com,Other,30,M.Sc,,CSE,1st Year,6.65,2
Matthew Giles,ikim@yahoo.com,Male,30,BCA,,IT,1st Year,9.54,2
Alicia Ayala,teresa43@gmail.com,Other,18,B.E,,Electrical,2nd Year,5.45,3+
Elizabeth Campbell,hellis@joseph-nolan.org,Male,27,Other,Interpreter,Civil,Completed,6.03,1
Bradley Burke,ysmith@yahoo.com,Other,24,B.E,,Civil,3rd Year,6.3,3+
Clayton Turner,victorgibbs@roberts.biz,Female,22,B.E,,CSE,1st Year,6.0,3+
Toni Brennan,claudia98@yahoo.com,Female,23,MCA,,Civil,3rd Year,8.48,3+
Anthony Cummings,hayespatrick@yahoo.com,Female,23,Other,Homeopath,Electrical,1st Year,6.09,1
Emily Moore,katelyn66@hotmail.com,Female,24,B.E,,Electrical,4th Year,9.74,3+
Mary Schneider,jasonsmith@hotmail.com,Female,26,BCA,,Electrical,Completed,7.22,
Zachary Nichols,brittanyhawkins@robinson.com,Male,22,MCA,,CSE,Completed,6.34,3+
Alyssa Oneal,xtaylor@cobb-johnson.com,Female,25,BCA,,CSE,Completed,6.56,3+
Lisa Velazquez,toddchung@henry-lane.com,Male,27,B.E,,CSE,1st Year,7.72,1
Nicole Bolton,weverett@phillips-edwards.com,Other,18,MCA,,Mechanical,4th Year,5.72,
Sarah Gardner,xwilliams@wells.org,Male,25,BCA,,Electrical,3rd Year,9.43,2
Jesus Morgan,jeffreybaker@gmail.com,Other,27,M.Sc,,IT,2nd Year,7.19,2
Jonathan Holder,jasonalvarado@richardson.com,Male,20,B.E,,Civil,1st Year,5.65,1
Michele Rubio,murraytyler@gmail.com,Other,18,B.E,,CSE,3rd Year,7.51,2
Gregory Jones,denise54@holland.net,Male,23,B.Tech,,Civil,2nd Year,8.02,
Ashley Livingston,johnsonaudrey@pierce.org,Other,27,MCA,,IT,2nd Year,5.62,2
Roberta James,schwartzmeredith@hotmail.com,Other,27,MCA,,CSE,Completed,5.27,3+
Lisa Zhang,kerri90@trevino.com,Female,22,Other,Politician's assistant,IT,1st Year,7.3,
Elizabeth Thomas,laurajones@hotmail.com,Other,29,Other,Insurance claims handler,Electrical,3rd Year,5.79,1
Richard Gutierrez,calebsmith@hotmail.com,Other,23,M.Tech,,Civil,1st Year,9.99,
Chris Myers,donna53@hotmail.com,Female,30,B.Tech,,CSE,4th Year,5.32,
Christopher Cochran,walshheather@rodriguez-martin.com,Female,25,B.Tech,,Civil,1st Year,8.96,2
Kathy Walker,kimberly97@gmail.com,Male,21,BCA,,ECE,Completed,8.46,3+
Bradley Colon,owensrachel@hotmail.com,Male,18,BCA,,IT,1st Year,6.03,2
Daniel Gonzalez,brian40@gmail.com,Other,21,B.Sc,,ECE,2nd Year,5.39,2
Joseph Serrano,charleswest@turner-cole.com,Female,20,M.Tech,,ECE,4th Year,5.77,
Jason Castillo,hutchinsonnatalie@yahoo.com,Other,25,M.Sc,,Civil,4th Year,5.0,1
Melissa Harris,greenlori@gmail.com,Female,20,B.Tech,,Mechanical,2nd Year,6.95,2
Adrian Hunt,mortonandrew@wallace-coleman.org,Other,30,M.Tech,,ECE,4th Year,7.27,3+
Alice Gonzalez,paullittle@zuniga.com,Other,26,M.Sc,,Civil,1st Year,5.02,
Leslie Davis,tyates@gmail.com,Female,30,M.Tech,,IT,2nd Year,6.45,2
Mariah Glover,christina02@yahoo.com,Male,30,M.Sc,,CSE,1st Year,6.91,1
Melanie Johnson,crystalcastaneda@hotmail.com,Male,25,B.E,,Mechanical,2nd Year,5.28,3+
Antonio Wood,joshua80@maxwell.com,Other,26,B.Tech,,Civil,3rd Year,9.68,1
Mark Williams,odelgado@taylor-colon.com,Female,26,B.E,,ECE,Completed,6.49,3+
Kellie Turner,howardjennifer@koch.com,Male,30,B.Sc,,Civil,2nd Year,6.61,3+
Joshua Hernandez,marcus06@david.com,Male,29,B.Tech,,IT,4th Year,7.24,2
Edward Estrada,kathymccall@pham.com,Other,21,BCA,,Electrical,1st Year,8.22,2
Anthony Cummings,hayespatrick@yahoo.com,Female,23,Other,Homeopath,Electrical,1st Year,6.09,1
Angela Curtis,brandtsally@hotmail.com,Other,19,B.Sc,,Electrical,2nd Year,9.55,
Alison Wong,ramirezcaitlin@harris-walker.com,Male,18,B.E,,Electrical,Completed,5.65,3+
James Schmidt,dylan26@yahoo.com,Other,26,B.Tech,,ECE,4th Year,9.81,
Elizabeth Watson,sanderson@smith.com,Other,21,MCA,,ECE,1st Year,6.93,2
Adam Sutton,mark42@stevens.com,Male,23,B.E,,Mechanical,4th Year,8.89,1
Christopher Cummings DDS,vwallace@hotmail.com,Female,26,M.Sc,,ECE,4th Year,7.55,
Brenda Chapman,abowers@thomas.net,Other,23,MCA,,Civil,3rd Year,6.67,
Jessica Merritt,zcollins@edwards.com,Male,27,M.Sc,,ECE,2nd Year,8.21,3+
Heather Johnson,gary28@hotmail.com,Other,23,B.Tech,,ECE,3rd Year,6.87,
Michael Pacheco,markrodriguez@simmons-skinner.info,Male,18,B.E,,Electrical,3rd Year,6.77,2
Michael Johnson,richardsandrea@hotmail.com,Male,21,B.E,,ECE,4th Year,6.74,
Robert Bowers,urodriguez@yahoo.com,Male,22,Other,Education administrator,Mechanical,4th Year,8.97,2
Michael Rodriguez,mwise@hotmail.com,Male,29,B.Sc,,Electrical,1st Year,5.47,1
Lauren Bates,jonsantos@jordan.net,Male,22,M.Tech,,Mechanical,4th Year,6.22,3+
Bryan Peterson,hfrench@yahoo.com,Female,26,M.Tech,,Electrical,Completed,7.48,3+
Amanda Fisher,charles61@yahoo.com,Other,19,M.Tech,,Electrical,2nd Year,6.84,2
Lisa Velazquez,toddchung@henry-lane.com,Male,27,B.E,,CSE,1st Year,7.72,1
Jeremy Hansen,ashleyjones@gmail.com,Female,23,B.Sc,,IT,4th Year,7.01,2
Gary House,earl32@hotmail.com,Other,18,B.E,,IT,Completed,9.0,1
Kathy Palmer,patricia55@yahoo.com,Female,28,MCA,,Electrical,Completed,9.64,
Carlos Hoover,thomascarpenter@matthews.com,Female,20,BCA,,CSE,2nd Year,6.05,
Jimmy Crawford,qmiller@murphy.com,Other,28,B.E,,Civil,4th Year,8.55,1
Kelly Torres,kyle61@smith.com,Male,28,M.Sc,,CSE,3rd Year,8.99,2
Dr. Laura Spencer,caroline25@cunningham.com,Other,24,B.Tech,,IT,4th Year,9.98,3+
Lisa Powell,rhonda85@yahoo.com,Male,22,M.Sc,,ECE,4th Year,7.62,
Maurice Cook,mturner@jones.com,Female,20,M.Sc,,ECE,2nd Year,6.59,3+
Kayla Jones,reginatucker@hotmail.com,Other,26,B.E,,Civil,Completed,7.13,1
Mr. Ryan Weber,jorgeingram@montgomery-lewis.info,Male,28,M.Sc,,Electrical,1st Year,7.65,3+
Cynthia Mayo,urodriguez@yahoo.com,Male,30,Other,"Journalist, broadcasting",IT,1st Year,6.22,3+
David Bennett,lewiscrystal@gmail.com,Female,25,M.Sc,,CSE,2nd Year,5.62,2
Heather Farmer,destinyburgess@morgan.info,Male,19,B.E,,ECE,1st Year,7.79,3+
Brandon Mccormick,nhayes@hotmail.com,Female,21,B.E,,IT,4th Year,7.48,3+
Jennifer Rosales,brockdavid@yahoo.com,Other,24,B.E,,CSE,1st Year,8.08,3+
Theresa Simpson,samuelmoore@jenkins.net,Female,22,B.E,,CSE,Completed,8.71,2
Stephanie Murphy,mitchellkaitlin@hotmail.com,Female,22,M.Sc,,IT,2nd Year,9.69,
Gerald Campbell,davidsmith@yahoo.com,Female,19,B.Sc,,ECE,2nd Year,7.27,2
Rhonda Chambers,johnsullivan@hotmail.com,Other,22,M.Tech,,ECE,Completed,7.32,3+
Raymond Peck,solomonpatricia@monroe.net,Male,21,MCA,,ECE,2nd Year,9.84,
Deborah Cortez,hardinkayla@gmail.com,Male,21,BCA,,Mechanical,3rd Year,7.1,
Jason Maldonado,youngmike@young-murray.org,Female,29,B.E,,Electrical,1st Year,9.92,
Monique Burns,tammystephens@hotmail.com,Male,25,B.Sc,,CSE,2nd Year,9.3,2
Amy Ingram,hartgerald@scott-murray.biz,Other,23,Other,International aid/development worker,IT,1st Year,6.67,2
Ashley Newman,ashley62@gmail.com,Male,21,Other,Higher education lecturer,ECE,3rd Year,8.73,2
Kristopher Gonzalez,harveynathan@kline.com,Other,25,M.Tech,,CSE,3rd Year,8.18,3+
Cynthia Green,debbie63@miller-pearson.com,Female,28,M.Sc,,Mechanical,1st Year,6.47,2
Jamie Fernandez,eferguson@yahoo.com,Other,28,B.Tech,,Electrical,3rd Year,6.47,3+
Susan Murphy,brandylynch@thomas-hughes.info,Male,23,M.Tech,,Civil,3rd Year,8.13,2
Steven Holland,fpadilla@nguyen-johnson.com,Other,18,BCA,,Electrical,3rd Year,9.56,2
Andrew Stanley,vmolina@reyes.info,Other,19,MCA,,Electrical,4th Year,5.82,1
Antonio Garcia,petersana@gmail.com,Male,26,MCA,,ECE,Completed,5.08,2
Scott Rodriguez,robinrobinson@norton.info,Male,25,M.Tech,,CSE,Completed,8.7,
Gloria Lynn,sandralawrence@gmail.com,Other,21,Other,"Designer, furniture",IT,2nd Year,6.05,3+
Heather Farmer,destinyburgess@morgan.info,Male,19,B.E,,ECE,1st Year,7.79,3+
Bradley Burke,ysmith@yahoo.com,Other,24,B.E,,Civil,3rd Year,6.3,3+
Charles Collins,jchavez@smith.org,Female,21,M.Tech,,Civil,4th Year,5.73,1
Brian Garner,sweeneydavid@ray-smith.biz,Male,29,M.Sc,,CSE,2nd Year,5.65,
Timothy Calderon,reedgabriel@yahoo.com,Other,25,B.Tech,,CSE,1st Year,9.44,2
Kelly Terry,klee@vasquez-johnson.info,Female,27,BCA,,CSE,1st Year,8.05,3+
Thomas Gill,rachel05@allen.com,Other,26,MCA,,IT,Completed,6.46,2
Michael Lopez,lsaunders@yahoo.com,Other,19,M.Tech,,Civil,4th Year,6.93,3+
Dr. Linda Beck,samuellarson@williams.net,Other,29,B.Sc,,Civil,4th Year,9.2,2
Mr. James Gillespie,xparker@hotmail.com,Other,28,MCA,,Mechanical,1st Year,7.48,3+
Alexander Lewis,ricardoford@hotmail.com,Male,20,BCA,,Civil,2nd Year,7.2,
Kyle Thomas,allenbrian@yahoo.com,Male,22,BCA,,ECE,4th Year,8.89,3+
Emily Moore,katelyn66@hotmail.com,Female,24,B.E,,Electrical,4th Year,9.74,3+
Jeffrey Gonzalez,jacquelinepetersen@jackson.com,Other,21,BCA,,Civil,3rd Year,9.87,
Mr. Calvin Waters,shaneryan@gmail.com,Male,30,M.Sc,,IT,3rd Year,5.51,2
Jason Thomas,gponce@anderson.com,Male,21,M.Sc,,Electrical,2nd Year,9.88,
Paige White,sandra12@yahoo.com,Other,18,BCA,,Civil,2nd Year,7.66,
Joshua Hernandez,marcus06@david.com,Male,29,B.Tech,,IT,4th Year,7.24,2
Chad Thomas,huntjessica@spencer.com,Other,18,B.E,,Civil,Completed,5.21,3+
Adam Beck,elarson@owens-mitchell.com,Male,25,M.Tech,,IT,Completed,5.72,2
Bryan King,sara20@gmail.com,Other,30,Other,Special educational needs teacher,Mechanical,2nd Year,6.47,1
Jennifer Lee,millerjeffrey@roberson.net,Female,20,Other,Petroleum engineer,Mechanical,Completed,6.88,3+
Isaac Vargas,xgonzalez@yahoo.com,Other,29,B.Tech,,CSE,2nd Year,6.93,
Karen Padilla,gavin10@mcclure.net,Other,22,B.Tech,,IT,4th Year,6.43,3+
Taylor Ross,brian56@barber.com,Female,21,BCA,,ECE,4th Year,6.11,1
Todd Brewer,mrussell@griffin-martin.com,Other,26,B.Tech,,CSE,2nd Year,5.78,
Misty Phillips,griffinlaurie@hill.com,Other,30,M.Sc,,CSE,1st Year,6.65,2
Mary Schneider,jasonsmith@hotmail.com,Female,26,BCA,,Electrical,Completed,7.22,
Courtney Byrd MD,ellisonmarilyn@smith.com,Female,25,B.Tech,,Electrical,Completed,8.59,
Melody Boyd,bhunt@hotmail.com,Female,28,B.E,,CSE,Completed,9.32,1
Lauren Morales,zramirez@yahoo.com,Other,30,B.E,,Electrical,3rd Year,9.72,1
Eric Jones,roycarter@gmail.com,Other,29,MCA,,Mechanical,2nd Year,8.28,1
Jillian Collins,griffinjody@hotmail.com,Male,19,MCA,,Civil,2nd Year,5.62,1
Holly Atkinson,robynfisher@gonzalez-rodriguez.org,Female,27,B.E,,Electrical,2nd Year,9.98,
Eric Hayes,lowejeffrey@gmail.com,Other,20,B.Sc,,ECE,4th Year,6.69,
Erica Crawford,williamlawson@massey-taylor.com,Male,22,B.Sc,,CSE,1st Year,9.27,1
Alexis Bush,dscott@villa.biz,Other,28,B.Tech,,IT,Completed,5.31,1
David Cervantes,ypowell@vega-guzman.net,Other,22,B.E,,IT,2nd Year,10.0,2
Matthew Giles,ikim@yahoo.com,Male,30,BCA,,IT,1st Year,9.54,2
Aaron Williams,vanderson@hotmail.com,Female,25,M.Tech,,Electrical,1st Year,6.36,2
Robert Vega,hdean@hotmail.com,Male,26,B.Tech,,Mechanical,4th Year,5.5,3+
Stephanie Boyer,danachandler@gmail.com,Other,25,MCA,,Civil,2nd Year,9.35,3+
Lindsay Anderson,michael67@warren-vega.com,Female,23,M.Sc,,ECE,3rd Year,9.87,1
Michael Parker,peterskrista@gmail.com,Other,22,B.E,,IT,3rd Year,6.46,
Ashley West,jasonmorgan@simpson.info,Other,18,M.Sc,,IT,2nd Year,7.67,3+
William Taylor,mckenziemelissa@hotmail.com,Other,20,B.Sc,,ECE,3rd Year,5.82,
Maria Gill,deborahnoble@hotmail.com,Male,27,B.Tech,,Electrical,Completed,9.3,3+
Mathew Smith,grahamryan@montgomery-dawson.com,Other,26,M.Sc,,CSE,Completed,9.25,2
Kimberly Hampton,hking@sullivan.com,Other,29,BCA,,Electrical,1st Year,7.31,2
Michael Hester,kgarcia@hernandez.info,Other,29,Other,Cytogeneticist,ECE,4th Year,6.63,2
Angel West,gclark@hotmail.com,Male,29,B.E,,CSE,Completed,7.81,1
Desiree Steele,andersonkristina@wade.biz,Other,26,M.Sc,,Mechanical,3rd Year,9.22,3+
Elizabeth Thomas,laurajones@hotmail.com,Other,29,Other,Insurance claims handler,Electrical,3rd Year,5.79,1
Lance Murphy,ynelson@hotmail.com,Other,20,B.E,,Electrical,3rd Year,6.49,
George Joseph,zachary42@gmail.com,Male,20,M.Sc,,IT,4th Year,8.02,
Jennifer Torres,michaelkim@spencer-hunter.com,Female,25,Other,Film/video editor,ECE,4th Year,6.11,1
Benjamin Davis,tina40@lowery.com,Male,22,M.Sc,,IT,3rd Year,8.17,3+
Ian Powell,lori39@sanders.com,Male,23,MCA,,Electrical,Completed,9.19,3+
Andrea Elliott,twhite@salazar.info,Female,23,M.Tech,,Civil,1st Year,8.39,
Deborah Cortez,hardinkayla@gmail.com,Male,21,BCA,,Mechanical,3rd Year,7.1,
Brian Garner,sweeneydavid@ray-smith.biz,Male,29,M.Sc,,CSE,2nd Year,5.65,
Cody Sims,jerrygreen@foley-cox.com,Female,25,B.E,,IT,2nd Year,6.4,2
Anthony Cabrera,melissa53@yahoo.com,Other,20,B.Tech,,Electrical,1st Year,7.62,1
Daniel Lara,bryanholmes@hotmail.com,Female,24,M.Tech,,Electrical,3rd Year,7.81,
Adrian Ward,carol53@hotmail.com,Male,21,B.Tech,,ECE,4th Year,5.54,
Charles Johnson,nmora@short-hernandez.com,Male,29,M.Tech,,Mechanical,3rd Year,8.18,1
John Hernandez,wwagner@cohen.com,Male,23,M.Sc,,Mechanical,2nd Year,9.0,3+
Alex Villanueva,walkerjasmine@wright.biz,Female,26,MCA,,Mechanical,1st Year,9.52,1
Erica Moore,mary08@atkinson.com,Other,22,M.Sc,,IT,4th Year,5.47,3+
Brittany Cooper,kevinsmith@burnett-bishop.com,Other,25,M.Tech,,Mechanical,2nd Year,5.2,2
Heather Farmer,destinyburgess@morgan.info,Male,19,B.E,,ECE,1st Year,7.79,3+
Jeffrey Cardenas,martinmelanie@hotmail.com,Female,21,BCA,,CSE,2nd Year,9.3,1
Alexandria Townsend,uprince@lopez.net,Male,19,B.Tech,,Electrical,3rd Year,9.94,1
Brian Hicks,medinaandrew@carter.org,Female,21,B.E,,ECE,Completed,8.81,3+
Ellen Oliver,marilyn12@randolph.com,Female,24,B.Tech,,ECE,4th Year,9.85,2
Abigail Griffin,vanderson@rodriguez-ramirez.com,Male,30,B.Tech,,ECE,1st Year,8.98,
Danielle Walker,dustinperez@gmail.com,Male,26,M.Tech,,Civil,4th Year,8.35,3+
Dr. Jessica Rivera PhD,tracy39@hotmail.com,Female,29,M.Tech,,ECE,Completed,9.41,3+
Brandon Roberts,marymartinez@gmail.com,Female,25,M.Sc,,ECE,1st Year,9.01,2
Michael Obrien,christianwilliams@wade.com,Other,19,MCA,,IT,1st Year,6.3,3+
Denise Smith,pdunn@yahoo.com,Other,19,B.E,,IT,1st Year,8.47,2
Carlos Hoover,thomascarpenter@matthews.com,Female,20,BCA,,CSE,2nd Year,6.05,
Amber Riley,rushchristopher@hotmail.com,Female,25,B.Tech,,Civil,1st Year,8.11,3+
Kayla Jones,reginatucker@hotmail.com,Other,26,B.E,,Civil,Completed,7.13,1
Ryan Garrison,gpowell@moore.com,Other,22,M.Tech,,ECE,Completed,7.33,1
Eric Ryan,hinesrebecca@gilbert.com,Male,20,B.Sc,,Electrical,1st Year,6.4,
Kevin Hampton,michael96@johnson-li.info,Other,28,B.Sc,,Mechanical,Completed,6.18,1
Jeff Stephens,vmartinez@hotmail.com,Female,22,B.Tech,,Civil,4th Year,5.6,1
Joseph Jackson,matthew76@gmail.com,Male,29,M.Sc,,CSE,3rd Year,8.14,3+
Robert Roberts,johnpennington@rodriguez.info,Other,21,M.Sc,,CSE,1st Year,9.99,3+
Elizabeth Harris,dmadden@garner-taylor.com,Other,21,B.Sc,,IT,2nd Year,8.44,3+
Teresa Kemp,athompson@reynolds.com,Male,28,MCA,,IT,2nd Year,9.0,3+
Michael Hester,cwilliams@hotmail.com,Other,19,Other,Structural engineer,ECE,2nd Year,7.7,1
Angel Bailey,cramirez@abbott.com,Male,30,BCA,,Electrical,3rd Year,9.64,3+
Adrian Hunt,mortonandrew@wallace-coleman.org,Other,30,M.Tech,,ECE,4th Year,7.27,3+
Alejandra Campbell,megan21@hotmail.com,Female,18,M.Sc,,Mechanical,3rd Year,6.01,3+
Mrs. Mariah Randall DDS,eric44@morgan.com,Female,26,Other,Agricultural engineer,Mechanical,1st Year,5.39,2
Jennifer Allison,michaelbishop@hotmail.com,Other,19,M.Sc,,ECE,Completed,9.58,2
Sharon Campbell,icooper@yahoo.com,Male,21,M.Tech,,Electrical,4th Year,5.13,3+
Carlos Baker,ramirezdaniel@parker-duke.com,Female,30,MCA,,Civil,1st Year,7.79,
Raymond King,lindseyfrost@gmail.com,Male,27,B.Sc,,Civil,1st Year,8.84,1
Jessica Cummings,erinhoward@cook.com,Female,21,B.E,,Electrical,4th Year,5.4,3+
Erica Brooks,kyle93@gomez.net,Other,21,B.Tech,,CSE,4th Year,8.59,3+
Heather Richard,brianna30@chang-evans.net,Male,26,BCA,,CSE,3rd Year,6.02,
Eric Hayes,lowejeffrey@gmail.com,Other,20,B.Sc,,ECE,4th Year,6.69,
James Olson,erin30@barrera-guzman.net,Male,21,B.E,,Mechanical,Completed,8.89,3+
Daniel Tucker,william63@yahoo.com,Female,28,Other,"Nurse, adult",Civil,Completed,5.4,
Kenneth Davies,nicholasmartin@gmail.com,Female,27,MCA,,ECE,Completed,6.4,1
Donna Lewis,rodriguezsara@gonzalez.com,Female,27,Other,Metallurgist,Civil,3rd Year,5.84,1
Lauren Willis,david02@gmail.com,Female,22,M.Tech,,CSE,3rd Year,7.51,3+
Steven Miranda,matthewponce@hotmail.com,Other,21,B.E,,Electrical,3rd Year,6.22,3+
Jon Nelson,carrillojack@vargas.com,Male,27,MCA,,CSE,4th Year,8.8,1
Tracy Allen,ylopez@mcintyre.info,Male,25,B.Tech,,CSE,3rd Year,7.01,
Kathy Walker,kimberly97@gmail.com,Male,21,BCA,,ECE,Completed,8.46,3+
Heather Tapia,april02@hartman.com,Male,26,B.E,,Electrical,2nd Year,5.97,2
Michelle Garcia,lambellen@rodgers-cervantes.com,Other,28,BCA,,Civil,Completed,8.07,3+
Richard Gutierrez,calebsmith@hotmail.com,Other,23,M.Tech,,Civil,1st Year,9.99,
Samantha Francis,peggyferguson@mcdaniel-adams.org,Other,27,Other,Photographer,CSE,2nd Year,8.33,
Charles Mooney,brian43@mccormick.com,Male,29,Other,Ceramics designer,IT,2nd Year,8.18,
Michael Chapman,jeffreymejia@yahoo.com,Other,24,Other,"Designer, ceramics/pottery",ECE,4th Year,8.82,3+
Matthew Grant,anthony87@valentine.com,Other,23,M.Sc,,ECE,2nd Year,9.53,3+
David Hernandez,watersjames@gmail.com,Other,22,B.Tech,,Civil,2nd Year,6.8,
Breanna Cox,alison39@norris.com,Female,28,M.Sc,,Civil,4th Year,6.46,3+
Teresa Le,katherine43@austin.biz,Other,26,M.Tech,,Electrical,4th Year,6.65,
Mikayla Palmer,smithdiana@leach.com,Male,27,Other,"Teacher, English as a foreign language",ECE,4th Year,5.78,2
Ashley Jefferson,juliamorales@williams.info,Other,27,BCA,,Electrical,2nd Year,7.17,3+
Jeffrey Yang,wanda78@gmail.com,Other,23,B.Sc,,Electrical,1st Year,5.43,2
Ryan Roach,fmiller@butler-williams.org,Female,27,B.Tech,,CSE,Completed,5.81,
Jessica Robinson,thomasday@giles-richards.com,Other,23,Other,Insurance account manager,Civil,3rd Year,7.79,1
Stephanie Schmidt,lynchamanda@clark.com,Other,26,M.Sc,,Electrical,2nd Year,8.85,
Jillian Collins,griffinjody@hotmail.com,Male,19,MCA,,Civil,2nd Year,5.62,1
Kathleen Murphy,lynn98@hotmail.com,Other,22,MCA,,Civil,3rd Year,6.34,
Karen Padilla,gavin10@mcclure.net,Other,22,B.Tech,,IT,4th Year,6.43,3+
Dr. Betty Cunningham,pwilliams@hotmail.com,Other,19,BCA,,IT,3rd Year,9.28,2
Joseph Curry,robertsharp@tyler.org,Female,26,BCA,,Civil,3rd Year,5.79,2
Joshua Smith,jessica64@ochoa-holmes.org,Other,28,Other,Race relations officer,IT,Completed,8.25,1
Abigail Griffin,vanderson@rodriguez-ramirez.com,Male,30,B.Tech,,ECE,1st Year,8.98,
Elizabeth Harris,dmadden@garner-taylor.com,Other,21,B.Sc,,IT,2nd Year,8.44,3+
Thomas Chaney,johnsondavid@cunningham.com,Female,26,Other,"Engineer, manufacturing systems",IT,1st Year,9.72,
Jillian Stokes,paul88@weber.com,Male,23,M.Sc,,Mechanical,4th Year,7.18,
Eric Jones,roycarter@gmail.com,Other,29,MCA,,Mechanical,2nd Year,8.28,1
Kenneth Avery,coxdarren@hernandez.com,Female,26,MCA,,Civil,Completed,7.16,
Kevin Green,bradmurphy@bishop.biz,Female,21,B.E,,Mechanical,3rd Year,5.46,3+
Carrie Bishop,zolsen@gaines.com,Female,26,B.Sc,,CSE,1st Year,7.44,3+
Kenneth Hunter,wendy91@sanchez.com,Other,25,MCA,,IT,3rd Year,8.23,1
Jeff Stephens,vmartinez@hotmail.com,Female,22,B.Tech,,Civil,4th Year,5.6,1
Ryan Garrison,gpowell@moore.com,Other,22,M.Tech,,ECE,Completed,7.33,1
Glenn Smith,danny66@yahoo.com,Other,29,M.Tech,,ECE,Completed,9.99,1
Anthony Cummings,hayespatrick@yahoo.com,Female,23,Other,Homeopath,Electrical,1st Year,6.09,1
Joseph Curry,robertsharp@tyler.org,Female,26,BCA,,Civil,3rd Year,5.79,2
Paul Spencer,christinamurphy@crawford.org,Male,18,B.E,,Civil,3rd Year,8.84,1
Elizabeth Harris,dmadden@garner-taylor.com,Other,21,B.Sc,,IT,2nd Year,8.44,3+
Barbara Yang,joann68@yahoo.com,Male,22,M.Tech,,CSE,4th Year,7.96,2
Mathew Smith,grahamryan@montgomery-dawson.com,Other,26,M.Sc,,CSE,Completed,9.25,2
Charles Allen,scott40@gmail.com,Other,18,B.Tech,,ECE,2nd Year,7.25,3+
Shawn Wiggins,shannon66@yahoo.com,Male,28,B.Sc,,ECE,2nd Year,8.12,
David Jenkins,wallacemichael@butler-wright.com,Female,19,M.Sc,,Civil,1st Year,6.75,
Alejandra Campbell,megan21@hotmail.com,Female,18,M.Sc,,Mechanical,3rd Year,6.01,3+
Jacqueline Long,raymondweber@yahoo.com,Female,30,B.Tech,,Mechanical,2nd Year,8.52,
Tara Allen,russellstafford@hotmail.com,Other,29,M.Tech,,CSE,1st Year,7.94,2
Chad Thomas,huntjessica@spencer.com,Other,18,B.E,,Civil,Completed,5.21,3+
David Jenkins,wallacemichael@butler-wright.com,Female,19,M.Sc,,Civil,1st Year,6.75,
Deborah Cortez,hardinkayla@gmail.com,Male,21,BCA,,Mechanical,3rd Year,7.1,
Carla Page,gilbertjoanne@davidson.com,Other,22,M.Sc,,ECE,3rd Year,7.43,3+
Melissa Barron,taylorkelley@hotmail.com,Other,24,BCA,,Mechanical,1st Year,5.33,
Kenneth Avery,coxdarren@hernandez.com,Female,26,MCA,,Civil,Completed,7.16,
Debra Moore,joel02@hotmail.com,Female,26,M.Tech,,Electrical,2nd Year,9.33,2
Krista Houston,uball@gmail.com,Male,28,BCA,,IT,3rd Year,6.48,2
Erica Brooks,kyle93@gomez.net,Other,21,B.Tech,,CSE,4th Year,8.59,3+
Alice Gonzalez,paullittle@zuniga.com,Other,26,M.Sc,,Civil,1st Year,5.02,
Craig Daniels,allenmallory@yahoo.com,Male,22,M.Sc,,Civil,1st Year,9.72,2
Dana Robinson,leedrake@gilbert-keith.com,Other,22,M.Tech,,ECE,3rd Year,8.1,
Jason Davis,tammy09@gross.com,Female,27,B.Sc,,IT,Completed,7.37,3+
Erica Strong,maxwellcassandra@yahoo.com,Male,27,MCA,,Mechanical,3rd Year,5.81,1
Jeffrey Gonzalez,jacquelinepetersen@jackson.com,Other,21,BCA,,Civil,3rd Year,9.87,
Samantha Francis,peggyferguson@mcdaniel-adams.org,Other,27,Other,Photographer,CSE,2nd Year,8.33,
James Watson,jamesyoung@jackson.biz,Female,24,BCA,,Electrical,2nd Year,7.75,
Bobby Howell,kimashlee@matthews.info,Male,26,M.Tech,,CSE,1st Year,5.08,3+
Louis Santana,victoriaguzman@yahoo.com,Male,23,Other,"Producer, television/film/video",Electrical,4th Year,9.27,3+
Ryan Gomez,rogergoodman@chung.com,Other,23,B.Tech,,CSE,3rd Year,8.04,3+
Marissa Flores,bradleylinda@gmail.com,Male,19,MCA,,Mechanical,Completed,5.25,
Megan Fuentes,jennifer35@wright.com,Male,30,B.Tech,,Mechanical,3rd Year,7.17,
Matthew Watson,cmiller@hotmail.com,Other,18,M.Sc,,CSE,4th Year,8.14,3+
Toni Brennan,claudia98@yahoo.com,Female,23,MCA,,Civil,3rd Year,8.48,3+
Nancy Rodriguez,nicholas25@hotmail.com,Male,27,MCA,,CSE,4th Year,5.52,2
Amber Arias,wanda25@phillips.com,Other,18,MCA,,Civil,2nd Year,8.38,
Monica Blevins,randytanner@gmail.com,Other,22,BCA,,Mechanical,1st Year,7.37,2
Eric Davis,kimberlyyoung@gmail.com,Male,24,M.Sc,,Civil,1st Year,8.4,2
Janet Thomas,michael31@gmail.com,Other,29,B.Tech,,IT,4th Year,6.02,
Kimberly Pace,kimberly34@yahoo.com,Female,20,B.E,,CSE,2nd Year,5.15,1
George Joseph,zachary42@gmail.com,Male,20,M.Sc,,IT,4th Year,8.02,
Ryan Roach,fmiller@butler-williams.org,Female,27,B.Tech,,CSE,Completed,5.81,
Zachary Nichols,brittanyhawkins@robinson.com,Male,22,MCA,,CSE,Completed,6.34,3+
Rebecca Summers,chrisbraun@yahoo.com,Female,26,B.Tech,,Electrical,3rd Year,8.88,3+
Stephanie Schmidt,lynchamanda@clark.com,Other,26,M.Sc,,Electrical,2nd Year,8.85,
Lauren Thompson,cheryl99@riley-gutierrez.biz,Other,18,M.Sc,,Mechanical,2nd Year,6.34,
Pamela Osborne,shannon70@williams.com,Other,30,M.Sc,,Civil,1st Year,7.15,3+
Rebecca Ingram,ysanford@hotmail.com,Other,21,M.Tech,,IT,3rd Year,6.59,3+
Mark Ramirez,aobrien@sanchez.com,Female,27,B.E,,ECE,1st Year,9.25,
Michael Thomas,brownjoseph@yahoo.com,Other,27,B.Tech,,CSE,1st Year,8.7,1
Steven Miranda,matthewponce@hotmail.com,Other,21,B.E,,Electrical,3rd Year,6.22,3+
Matthew Watson,cmiller@hotmail.com,Other,18,M.Sc,,CSE,4th Year,8.14,3+
Chelsea Collins,thopkins@long.com,Other,25,B.Sc,,Electrical,2nd Year,5.57,3+
Paul Ramos,sherry92@bennett.com,Male,24,M.Tech,,Electrical,2nd Year,8.6,1
Hannah Anderson,kathrynbrown@yahoo.com,Male,18,M.Tech,,Electrical,Completed,9.21,
Erik Rogers,wbright@yahoo.com,Male,24,B.Sc,,Electrical,3rd Year,7.99,
Jennifer Glass,james72@gmail.com,Male,22,BCA,,Mechanical,4th Year,9.1,
Joshua Hall,bruce72@gmail.com,Other,28,MCA,,Electrical,Completed,6.19,1
Suzanne Diaz,calvingriffin@ortiz.info,Other,18,MCA,,Mechanical,Completed,6.32,1
Justin Simpson,millernicholas@leon.com,Male,18,BCA,,ECE,Completed,8.14,3+
Tommy Montoya,ramosamanda@gmail.com,Female,29,MCA,,CSE,2nd Year,8.02,1
Catherine Gonzalez,ocole@moody.com,Male,21,B.Sc,,IT,4th Year,7.19,2
Dylan Sutton,eugene71@hotmail.com,Male,26,M.Sc,,Civil,2nd Year,7.37,2
Isaac Vargas,xgonzalez@yahoo.com,Other,29,B.Tech,,CSE,2nd Year,6.93,
Ellen Oliver,marilyn12@randolph.com,Female,24,B.Tech,,ECE,4th Year,9.85,2
Paul Rogers,anthony86@williams.biz,Female,22,M.Sc,,CSE,1st Year,6.07,2
Christina Martinez,perryregina@gmail.com,Other,22,B.Sc,,Civil,1st Year,6.96,
Kelly Torres,kyle61@smith.com,Male,28,M.Sc,,CSE,3rd Year,8.99,2
Janet Brown,omorris@moyer.info,Male,25,MCA,,IT,3rd Year,5.62,
Shawna Boone,shelley13@foster-lopez.com,Male,30,Other,Writer,IT,Completed,5.27,1
Amanda Garrett,samuel97@lopez-johns.com,Male,19,MCA,,IT,4th Year,6.69,2
Chad Thomas,huntjessica@spencer.com,Other,18,B.E,,Civil,Completed,5.21,3+
Tammy Leblanc,bautistacharles@rodriguez.info,Female,26,B.Tech,,CSE,1st Year,8.37,
Joshua Green,pjordan@cooper-chavez.biz,Female,18,MCA,,Civil,1st Year,5.85,3+
Johnny Hunt,imarquez@gmail.com,Male,30,B.Sc,,ECE,4th Year,6.17,3+
Dawn Lawrence,malikunderwood@yahoo.com,Male,20,MCA,,ECE,Completed,7.45,3+
Paul Mcdonald,roblesjames@yahoo.com,Male,21,B.E,,Mechanical,3rd Year,6.83,1
Jonathan Holder,jasonalvarado@richardson.com,Male,20,B.E,,Civil,1st Year,5.65,1
Tammy Henson,carlos11@yahoo.com,Female,18,B.Sc,,Civil,3rd Year,7.86,2
Jennifer Kennedy,tammie62@carter-jones.com,Other,21,B.E,,CSE,3rd Year,9.22,3+
Crystal Nixon,davidconrad@yahoo.com,Other,27,MCA,,ECE,1st Year,5.65,3+
Kathryn Freeman,alexanderlambert@martin.net,Other,22,M.Sc,,ECE,2nd Year,5.22,
Jason Davis,tammy09@gross.com,Female,27,B.Sc,,IT,Completed,7.37,3+
Tammy Leblanc,bautistacharles@rodriguez.info,Female,26,B.Tech,,CSE,1st Year,8.37,
Dalton Potts,kelly62@yahoo.com,Male,20,B.Sc,,CSE,1st Year,5.93,3+
Pamela Carr,ujones@gmail.com,Other,20,BCA,,IT,Completed,5.47,
Raymond Peck,solomonpatricia@monroe.net,Male,21,MCA,,ECE,2nd Year,9.84,
Diane Proctor,michelle79@carr.info,Male,28,M.Tech,,Civil,3rd Year,6.34,3+
Ellen Oliver,marilyn12@randolph.com,Female,24,B.Tech,,ECE,4th Year,9.85,2
Russell Martin,raymondreyes@gmail.com,Other,21,M.Tech,,Mechanical,2nd Year,9.83,
James Watson,jamesyoung@jackson.biz,Female,24,BCA,,Electrical,2nd Year,7.75,
Kimberly Hampton,hking@sullivan.com,Other,29,BCA,,Electrical,1st Year,7.31,2
Gary Ellis,haletanya@gmail.com,Other,25,MCA,,Electrical,2nd Year,7.31,
Daniel Hawkins,francisco47@gmail.com,Female,23,Other,Leisure centre manager,IT,1st Year,6.36,1
James Howell,anna05@gmail.com,Female,30,BCA,,Mechanical,4th Year,7.52,2
Barbara Holmes,alexis16@gmail.com,Female,20,Other,Barrister's clerk,Mechanical,Completed,5.92,1
Justin Hudson,morganeric@cohen.org,Other,24,M.Tech,,CSE,3rd Year,9.67,3+
Garrett Blackwell,craigfrancis@gmail.com,Other,29,B.Tech,,Civil,Completed,7.97,2
Shelby Mendoza,ianowens@anderson.org,Male,21,MCA,,CSE,3rd Year,7.7,1
Brian Martinez,ihudson@hotmail.com,Female,29,M.Tech,,Electrical,3rd Year,9.03,3+
Brittany Roberts,jacksonmary@odonnell-ferguson.com,Female,20,Other,Retail banker,ECE,3rd Year,9.45,
Carrie Ayala,ariana57@cobb.com,Female,19,M.Sc,,ECE,1st Year,7.38,
Jennifer Davis,nruiz@hotmail.com,Male,24,BCA,,Civil,Completed,9.67,1
Patrick Chambers,pbowen@lee-olson.com,Other,28,B.E,,Civil,3rd Year,7.32,2
Teresa Le,katherine43@austin.biz,Other,26,M.Tech,,Electrical,4th Year,6.65,
Sean Chavez,alyssa39@yahoo.com,Female,27,B.Tech,,ECE,2nd Year,6.71,2
Antonio Garcia,petersana@gmail.com,Male,26,MCA,,ECE,Completed,5.08,2
Patrick Parker,josephwilkins@padilla.net,Female,30,M.Sc,,CSE,4th Year,7.69,
Amy Jensen,madams@walker.com,Other,25,BCA,,CSE,1st Year,5.84,
Tracy Miller,fhaley@hotmail.com,Female,30,B.Sc,,Electrical,3rd Year,6.47,3+
Brendan Bush,llong@yahoo.com,Other,20,BCA,,Civil,2nd Year,6.01,3+
Amber Yates,adriana83@yahoo.com,Female,21,MCA,,CSE,1st Year,8.79,3+
Erik Matthews,anthonyandrew@white.info,Other,22,MCA,,Mechanical,Completed,6.88,2
James Young,gadams@campbell.net,Male,21,Other,Clinical research associate,CSE,3rd Year,5.41,3+
Ryan Roach,fmiller@butler-williams.org,Female,27,B.Tech,,CSE,Completed,5.81,
Joshua Bowen,williamsxavier@curtis.com,Female,19,B.E,,ECE,2nd Year,7.49,1
Dalton Williams,matthew16@cunningham-powell.org,Female,28,B.E,,Electrical,Completed,9.92,1
Matthew Grant,anthony87@valentine.com,Other,23,M.Sc,,ECE,2nd Year,9.53,3+
Jesse Boyer,emilyandrews@stone-alvarado.com,Male,30,M.Tech,,Electrical,Completed,6.5,2
Veronica Stephens,icastro@fisher.biz,Other,20,B.E,,Civil,4th Year,9.32,1
Dr. Betty Cunningham,pwilliams@hotmail.com,Other,19,BCA,,IT,3rd Year,9.28,2
Lee Jones,stevewilliams@pierce-kane.com,Other,25,B.Tech,,Mechanical,2nd Year,5.87,1
Jessica Allen,martinluna@hall-jacobs.biz,Other,27,Other,Civil Service administrator,CSE,3rd Year,7.29,3+
Amy Ingram,hartgerald@scott-murray.biz,Other,23,Other,International aid/development worker,IT,1st Year,6.67,2
Anthony Jimenez,emack@martin.com,Male,19,B.Sc,,Mechanical,4th Year,8.42,3+
Jackie Carter,shortrichard@dawson.com,Other,22,M.Tech,,IT,3rd Year,8.38,2
Jessica Weber,michellerandall@hotmail.com,Female,23,B.Tech,,CSE,1st Year,7.24,2
Justin Simpson,millernicholas@leon.com,Male,18,BCA,,ECE,Completed,8.14,3+
Sydney Williams,wattsgina@lewis-hodges.info,Other,28,Other,Curator,ECE,3rd Year,5.05,1
Heather Tapia,april02@hartman.com,Male,26,B.E,,Electrical,2nd Year,5.97,2
Daniel Hawkins,francisco47@gmail.com,Female,23,Other,Leisure centre manager,IT,1st Year,6.36,1
Catherine Kline DDS,gillcandace@gmail.com,Female,26,BCA,,Civil,1st Year,6.64,
Jason Castillo,hutchinsonnatalie@yahoo.com,Other,25,M.Sc,,Civil,4th Year,5.0,1
Monica Blevins,randytanner@gmail.com,Other,22,BCA,,Mechanical,1st Year,7.37,2
Christina Jackson,johnanderson@gmail.com,Male,18,M.Sc,,Civil,2nd Year,9.71,
Tiffany Douglas,alikenneth@yahoo.com,Other,26,M.Tech,,IT,4th Year,8.4,3+
Jerry Barnes,debbie05@cook.com,Male,18,MCA,,Civil,3rd Year,7.38,
Henry Murphy,todd88@lowe.org,Female,30,BCA,,IT,3rd Year,6.09,1
Kelly Torres,kyle61@smith.com,Male,28,M.Sc,,CSE,3rd Year,8.99,2
Richard Hunt,walterbrandon@owens-lewis.com,Male,28,BCA,,Civil,Completed,6.33,3+
Erica Brooks,kyle93@gomez.net,Other,21,B.Tech,,CSE,4th Year,8.59,3+
Alexander Booker,njackson@hotmail.com,Female,28,BCA,,IT,3rd Year,7.55,3+
Michael Carey,billygarza@brown.com,Other,23,B.Tech,,CSE,3rd Year,7.43,3+
Sarah Gardner,xwilliams@wells.org,Male,25,BCA,,Electrical,3rd Year,9.43,2
Michael Gibbs,stephen62@gmail.com,Male,23,B.Tech,,ECE,2nd Year,5.63,
Stephanie Schmidt,lynchamanda@clark.com,Other,26,M.Sc,,Electrical,2nd Year,8.85,
Elizabeth Rogers,justintaylor@gmail.com,Male,24,Other,"Surveyor, building control",ECE,Completed,9.91,3+
Brandon Grant,cynthiahernandez@gmail.com,Other,20,M.Tech,,Electrical,Completed,8.57,3+
Isaac Vargas,xgonzalez@yahoo.com,Other,29,B.Tech,,CSE,2nd Year,6.93,
David Myers,sydneygonzalez@gmail.com,Female,26,Other,Nature conservation officer,IT,1st Year,6.31,3+
Jason Carter,dereklester@hotmail.com,Female,29,M.Tech,,Mechanical,4th Year,9.65,1
Megan Fuentes,jennifer35@wright.com,Male,30,B.Tech,,Mechanical,3rd Year,7.17,
Katherine Clay,denisecortez@smith.net,Other,21,MCA,,ECE,4th Year,7.42,2
Cassidy Wilson,gregory70@gmail.com,Male,23,B.E,,IT,1st Year,9.79,3+
Aaron Mccormick,robertgraham@price-camacho.com,Female,30,MCA,,Electrical,3rd Year,5.85,3+
Christine Harris,reesetimothy@blackwell.biz,Male,25,B.Sc,,Civil,2nd Year,9.15,1
Tara Allen,russellstafford@hotmail.com,Other,29,M.Tech,,CSE,1st Year,7.94,2
Steven Holland,fpadilla@nguyen-johnson.com,Other,18,BCA,,Electrical,3rd Year,9.56,2
Holly Grant,mary81@yahoo.com,Other,23,B.Sc,,Mechanical,1st Year,6.9,1
Joseph Pierce,savannah49@gmail.com,Female,26,BCA,,ECE,1st Year,7.17,3+
Amber Yates,adriana83@yahoo.com,Female,21,MCA,,CSE,1st Year,8.79,3+
Amber Riley,rushchristopher@hotmail.com,Female,25,B.Tech,,Civil,1st Year,8.11,3+
Janet Thomas,michael31@gmail.com,Other,29,B.Tech,,IT,4th Year,6.02,
Ian Nelson,imorrow@adams.biz,Other,30,MCA,,CSE,4th Year,5.15,3+
Jessica Weber,michellerandall@hotmail.com,Female,23,B.Tech,,CSE,1st Year,7.24,2
Mr. Kyle Lewis,paulgreen@hotmail.com,Male,28,B.Tech,,CSE,Completed,7.83,
Michael Mercer,smithmatthew@banks.com,Female,26,B.E,,Electrical,4th Year,8.78,
James Howell,anna05@gmail.com,Female,30,BCA,,Mechanical,4th Year,7.52,2
Patrick Cook,tmiles@cross-jackson.biz,Female,19,MCA,,ECE,4th Year,8.84,1
Kristina Ellis,elaine26@yahoo.com,Other,18,B.E,,Electrical,1st Year,9.22,2
Wayne Marshall,patrickgriffith@boyd.com,Other,30,M.Tech,,Electrical,3rd Year,6.44,3+
Jessica Merritt,zcollins@edwards.com,Male,27,M.Sc,,ECE,2nd Year,8.21,3+
Andrew Stanley,vmolina@reyes.info,Other,19,MCA,,Electrical,4th Year,5.82,1
Jeffery Lane,ashley72@yahoo.com,Female,22,B.E,,Electrical,Completed,9.02,2
Elizabeth Thomas,laurajones@hotmail.com,Other,29,Other,Insurance claims handler,Electrical,3rd Year,5.79,1
Elizabeth Arnold,nrice@woods-morris.info,Female,30,B.Tech,,IT,3rd Year,6.15,
Scott Phillips,jennifer69@gmail.com,Other,19,M.Sc,,Civil,2nd Year,5.17,
Christopher Fletcher,linda22@hotmail.com,Other,25,MCA,,Electrical,2nd Year,5.52,3+
Susan Le,daniel91@carr.org,Female,29,M.Sc,,Electrical,4th Year,6.62,2
Kevin Garcia,sarahgonzalez@gmail.com,Other,27,BCA,,Electrical,3rd Year,7.66,
Dr. Thomas Mckee Jr.,angelameza@guerrero-sullivan.com,Female,22,M.Tech,,Civil,3rd Year,8.19,2
Kristopher Gonzalez,harveynathan@kline.com,Other,25,M.Tech,,CSE,3rd Year,8.18,3+
Elizabeth Thomas,laurajones@hotmail.com,Other,29,Other,Insurance claims handler,Electrical,3rd Year,5.79,1
Lindsay Grimes,rfranklin@nguyen.com,Other,20,B.Sc,,IT,2nd Year,9.63,2
Toni Brennan,claudia98@yahoo.com,Female,23,MCA,,Civil,3rd Year,8.48,3+
Troy Erickson,bromero@watson.net,Male,25,B.Tech,,Electrical,3rd Year,5.67,2
Jacqueline Long,raymondweber@yahoo.com,Female,30,B.Tech,,Mechanical,2nd Year,8.52,
Heather Richard,brianna30@chang-evans.net,Male,26,BCA,,CSE,3rd Year,6.02,
Thomas Chaney,johnsondavid@cunningham.com,Female,26,Other,"Engineer, manufacturing systems",IT,1st Year,9.72,
Rachael Patterson,ashley16@carter-west.com,Female,30,B.E,,ECE,Completed,7.13,2
Justin Humphrey,zdavis@newton.com,Male,24,Other,Seismic interpreter,CSE,4th Year,6.45,
Ashley Mays,nclark@yahoo.com,Male,22,B.E,,Civil,Completed,8.89,
Jamie Fernandez,eferguson@yahoo.com,Other,28,B.Tech,,Electrical,3rd Year,6.47,3+
Nicole Bolton,weverett@phillips-edwards.com,Other,18,MCA,,Mechanical,4th Year,5.72,
William Mcgee,jill58@lowery-mcdowell.net,Female,26,M.Sc,,ECE,4th Year,6.4,3+
Melissa Harris,greenlori@gmail.com,Female,20,B.Tech,,Mechanical,2nd Year,6.95,2
Lisa Powell,rhonda85@yahoo.com,Male,22,M.Sc,,ECE,4th Year,7.62,
Mr. James Gillespie,xparker@hotmail.com,Other,28,MCA,,Mechanical,1st Year,7.48,3+
Wayne Marshall,patrickgriffith@boyd.com,Other,30,M.Tech,,Electrical,3rd Year,6.44,3+
Shirley Gonzalez,wwood@yahoo.com,Other,23,Other,Ceramics designer,Electrical,1st Year,7.92,3+
Ryan Garrison,gpowell@moore.com,Other,22,M.Tech,,ECE,Completed,7.33,1
Robert Solis,arianahernandez@yahoo.com,Female,28,BCA,,Electrical,1st Year,5.73,
Dana Robinson,leedrake@gilbert-keith.com,Other,22,M.Tech,,ECE,3rd Year,8.1,
Kelly Torres,kyle61@smith.com,Male,28,M.Sc,,CSE,3rd Year,8.99,2
Garrett Blackwell,craigfrancis@gmail.com,Other,29,B.Tech,,Civil,Completed,7.97,2
Katherine Bowers,gmaxwell@hotmail.com,Other,18,B.Sc,,CSE,1st Year,7.72,3+
Larry Smith,molly46@mason.com,Female,26,BCA,,CSE,4th Year,7.53,2
James Jackson,whendrix@yahoo.com,Female,21,M.Sc,,ECE,1st Year,9.58,1
Ashley Mays,nclark@yahoo.com,Male,22,B.E,,Civil,Completed,8.89,
Carolyn Mahoney,nichole84@gmail.com,Other,25,MCA,,Electrical,Completed,5.7,2
Tom Porter,jonesbrianna@gmail.com,Other,29,Other,"Librarian, public",Mechanical,1st Year,9.32,
Michael Goodwin,yphillips@hotmail.com,Other,26,B.E,,CSE,3rd Year,8.64,1
Karen Padilla,gavin10@mcclure.net,Other,22,B.Tech,,IT,4th Year,6.43,3+
James Jones,arthur77@hotmail.com,Female,27,Other,Advertising copywriter,ECE,3rd Year,7.36,1
Alice Gonzalez,paullittle@zuniga.com,Other,26,M.Sc,,Civil,1st Year,5.02,
Amy Herrera,david13@gmail.com,Other,19,BCA,,Civil,Completed,6.16,
Kathleen Leonard,frenchjames@yahoo.com,Other,23,B.Tech,,Mechanical,2nd Year,8.02,1
Todd Cherry,sarah93@gmail.com,Female,25,BCA,,ECE,4th Year,9.83,2
Kathy White,james99@hotmail.com,Female,20,B.Sc,,CSE,4th Year,9.2,1
Brandon Mccormick,nhayes@hotmail.com,Female,21,B.E,,IT,4th Year,7.48,3+
Ashley Jefferson,juliamorales@williams.info,Other,27,BCA,,Electrical,2nd Year,7.17,3+
Janet Thomas,michael31@gmail.com,Other,29,B.Tech,,IT,4th Year,6.02,
Robert Roberts,johnpennington@rodriguez.info,Other,21,M.Sc,,CSE,1st Year,9.99,3+
Amy Jensen,madams@walker.com,Other,25,BCA,,CSE,1st Year,5.84,
Lindsay Liu,gregoryspence@yahoo.com,Male,21,BCA,,Mechanical,Completed,9.2,
Joshua Hall,bruce72@gmail.com,Other,28,MCA,,Electrical,Completed,6.19,1
Jason Davis,tammy09@gross.com,Female,27,B.Sc,,IT,Completed,7.37,3+
Lindsay Liu,gregoryspence@yahoo.com,Male,21,BCA,,Mechanical,Completed,9.2,
Jonathan Alexander,duncantim@hotmail.com,Male,24,MCA,,Electrical,4th Year,7.46,2
Ana Montgomery,mariagay@benson-ortiz.biz,Female,30,M.Sc,,IT,1st Year,7.01,1
Melody Boyd,bhunt@hotmail.com,Female,28,B.E,,CSE,Completed,9.32,1
Craig Daniels,allenmallory@yahoo.com,Male,22,M.Sc,,Civil,1st Year,9.72,2
Corey Salinas,xlam@bautista.com,Female,21,Other,"Research officer, political party",IT,1st Year,6.75,3+
Terrence Velasquez,jjohns@ramos.com,Other,28,Other,Control and instrumentation engineer,Mechanical,4th Year,9.77,
Nicole Morales,garnerwilliam@robinson-murray.net,Other,20,Other,Risk manager,CSE,1st Year,8.02,2
Jeffery Lane,ashley72@yahoo.com,Female,22,B.E,,Electrical,Completed,9.02,2
Patrick Bennett,uheath@hotmail.com,Other,24,B.Tech,,IT,2nd Year,5.52,3+
Charles Davis,william22@yahoo.com,Other,19,B.E,,Electrical,2nd Year,5.73,3+
Todd Harris MD,mzuniga@hill.com,Female,19,B.E,,Civil,3rd Year,8.83,1
Martin Howard,paul29@young.com,Female,29,M.Sc,,Mechanical,1st Year,6.11,
Joshua Allison,nicholasmiller@fowler.com,Female,26,M.Tech,,IT,2nd Year,7.18,2
Katelyn Graham,ohampton@king.com,Female,18,B.Tech,,CSE,3rd Year,9.82,1
Alex Villanueva,walkerjasmine@wright.biz,Female,26,MCA,,Mechanical,1st Year,9.52,1
John Curry,thomasscott@silva-bowen.com,Other,25,MCA,,IT,1st Year,9.59,
James Watson,jamesyoung@jackson.biz,Female,24,BCA,,Electrical,2nd Year,7.75,
Andrew Brown,frank15@hubbard-chapman.com,Female,19,M.Sc,,ECE,1st Year,9.09,2
Paige White,sandra12@yahoo.com,Other,18,BCA,,Civil,2nd Year,7.66,
Shari Garcia,dustin21@yahoo.com,Other,30,MCA,,Electrical,3rd Year,9.92,3+
Emily Moore,katelyn66@hotmail.com,Female,24,B.E,,Electrical,4th Year,9.74,3+
Jay Lee,tbowman@graham.org,Male,26,B.Sc,,CSE,1st Year,7.96,2
Jillian Collins,griffinjody@hotmail.com,Male,19,MCA,,Civil,2nd Year,5.62,1
Amanda Peterson,melissajohnson@yahoo.com,Other,24,M.Sc,,Civil,3rd Year,8.16,1
Shawna Boone,shelley13@foster-lopez.com,Male,30,Other,Writer,IT,Completed,5.27,1
Maria Schneider,laurahoward@barry-estrada.info,Male,28,BCA,,ECE,2nd Year,8.1,1
John Reid,ajames@moore-smith.com,Female,25,B.Sc,,IT,3rd Year,5.83,3+
Michael Chan,xcollins@hotmail.com,Other,19,B.E,,IT,2nd Year,9.07,3+
Andrew Munoz,cholloway@harrison-villarreal.org,Male,28,B.Tech,,CSE,4th Year,6.65,
Daniel Clay,shawnmiles@hotmail.com,Female,20,M.Tech,,ECE,4th Year,5.4,2
Gail Brown,heather61@taylor-norris.biz,Other,30,BCA,,Electrical,3rd Year,7.41,
Jeffrey Davis,vmcneil@hotmail.com,Female,18,B.Tech,,Electrical,1st Year,7.13,
Tiffany Douglas,alikenneth@yahoo.com,Other,26,M.Tech,,IT,4th Year,8.4,3+
Logan Brown,ureyes@gmail.com,Male,19,MCA,,ECE,Completed,5.64,2
Michele Conway,hardychristina@gmail.com,Male,22,B.Sc,,Civil,1st Year,8.63,
Paula Blair,brandon34@hotmail.com,Male,20,B.E,,CSE,1st Year,8.14,
Kathy Palmer,patricia55@yahoo.com,Female,28,MCA,,Electrical,Completed,9.64,
Paula Blair,brandon34@hotmail.com,Male,20,B.E,,CSE,1st Year,8.14,
Jennifer Lee,millerjeffrey@roberson.net,Female,20,Other,Petroleum engineer,Mechanical,Completed,6.88,3+
Susan Murphy,brandylynch@thomas-hughes.info,Male,23,M.Tech,,Civil,3rd Year,8.13,2
Olivia Hernandez,deborah08@hotmail.com,Other,22,BCA,,Civil,2nd Year,10.0,2
Carlos Bell,tanyaalvarado@yahoo.com,Other,29,B.E,,ECE,3rd Year,6.59,
Nicole Morales,garnerwilliam@robinson-murray.net,Other,20,Other,Risk manager,CSE,1st Year,8.02,2
Dustin Jones,kathleen27@gmail.com,Other,22,M.Tech,,ECE,Completed,8.8,2
Joshua Soto,lorismith@hotmail.com,Male,21,M.Tech,,ECE,4th Year,8.95,3+
Kelly Duncan,romanelizabeth@yahoo.com,Male,26,Other,Financial manager,CSE,4th Year,6.22,1
David Whitaker,timothykelley@hotmail.com,Female,19,M.Tech,,Civil,2nd Year,9.38,
Paula Burns,samuelfowler@hotmail.com,Male,21,MCA,,Civil,2nd Year,5.33,
Patrick Cook,tmiles@cross-jackson.biz,Female,19,MCA,,ECE,4th Year,8.84,1
Heather Richard,brianna30@chang-evans.net,Male,26,BCA,,CSE,3rd Year,6.02,
Billy Mcclain,johnjohnson@hotmail.com,Male,29,Other,Hospital pharmacist,IT,4th Year,6.15,1
Michelle Clark,millerchristopher@macias.com,Male,26,Other,"Psychotherapist, child",IT,3rd Year,9.95,3+
James Jackson,whendrix@yahoo.com,Female,21,M.Sc,,ECE,1st Year,9.58,1
Timothy White,dcarter@smith.com,Female,19,B.E,,Mechanical,1st Year,7.93,1
Christine Harris,reesetimothy@blackwell.biz,Male,25,B.Sc,,Civil,2nd Year,9.15,1
Richard Gutierrez,calebsmith@hotmail.com,Other,23,M.Tech,,Civil,1st Year,9.99,
Shawn Wiggins,shannon66@yahoo.com,Male,28,B.Sc,,ECE,2nd Year,8.12,
Regina Peck,loganmoran@hawkins.org,Female,19,MCA,,IT,2nd Year,9.36,
Miss Joanna Matthews,christinehaley@yahoo.com,Female,21,B.Tech,,Mechanical,1st Year,9.82,
Mark Blankenship,jeffreypeterson@jackson-williams.com,Other,25,B.Sc,,Mechanical,3rd Year,7.23,3+
Nicholas Williams,hobbschristina@smith.org,Other,20,B.Sc,,Electrical,Completed,7.52,
Jason Ayala,kim99@huynh-jacobs.com,Female,21,B.Sc,,Mechanical,4th Year,5.23,1
Paula Burns,samuelfowler@hotmail.com,Male,21,MCA,,Civil,2nd Year,5.33,
Jenna Hopkins,fherring@rogers.info,Female,21,B.Sc,,Mechanical,2nd Year,9.04,1
Holly Grant,mary81@yahoo.com,Other,23,B.Sc,,Mechanical,1st Year,6.9,1
Morgan Patton,cooperanna@hotmail.com,Female,26,M.Tech,,ECE,2nd Year,9.43,2
Angelica Franklin,johnsonclaudia@montes.biz,Other,19,MCA,,IT,Completed,7.52,
William Travis,megan66@christensen.com,Male,29,Other,"Surveyor, rural practice",IT,Completed,9.39,1
Donna Lewis,rodriguezsara@gonzalez.com,Female,27,Other,Metallurgist,Civil,3rd Year,5.84,1
Michael Chapman,jeffreymejia@yahoo.com,Other,24,Other,"Designer, ceramics/pottery",ECE,4th Year,8.82,3+
Pamela Osborne,shannon70@williams.com,Other,30,M.Sc,,Civil,1st Year,7.15,3+
Brandi Davis,fernandowhitney@gmail.com,Female,28,M.Tech,,IT,3rd Year,6.23,1
Joshua Rollins,morgan91@gmail.com,Male,21,MCA,,CSE,3rd Year,9.75,3+
Charles Mueller,mooremelanie@black.net,Female,22,MCA,,Electrical,3rd Year,9.56,3+
Brian Leonard,srichards@evans.com,Female,30,B.Tech,,Mechanical,1st Year,6.36,3+
Bradley Colon,owensrachel@hotmail.com,Male,18,BCA,,IT,1st Year,6.03,2
John Young,agarza@hotmail.com,Male,27,B.Tech,,Mechanical,1st Year,8.93,1
Samantha Brown,zachary37@hotmail.com,Other,26,BCA,,CSE,2nd Year,6.92,2
Angela Curtis,brandtsally@hotmail.com,Other,19,B.Sc,,Electrical,2nd Year,9.55,
Carlos Baker,ramirezdaniel@parker-duke.com,Female,30,MCA,,Civil,1st Year,7.79,
Pamela Long,richard79@esparza.com,Female,23,BCA,,IT,Completed,5.73,2
Samantha Brown,zachary37@hotmail.com,Other,26,BCA,,CSE,2nd Year,6.92,2
Cheyenne Scott,wmurray@yahoo.com,Female,27,Other,"Production assistant, television",IT,Completed,7.01,2
Lori Hill,wilsonsara@hotmail.com,Male,24,B.E,,CSE,2nd Year,9.56,1
Michael Davila DVM,mcbridepatricia@hotmail.com,Other,22,B.Tech,,CSE,2nd Year,9.73,1
Robert Solis,arianahernandez@yahoo.com,Female,28,BCA,,Electrical,1st Year,5.73,
Todd Cherry,sarah93@gmail.com,Female,25,BCA,,ECE,4th Year,9.83,2
Scott Phillips,jennifer69@gmail.com,Other,19,M.Sc,,Civil,2nd Year,5.17,
Susan Hunt,johnsonyesenia@hotmail.com,Male,19,MCA,,Electrical,1st Year,9.97,2
Lawrence Moore,katelyn09@green-faulkner.info,Male,21,M.Tech,,Civil,2nd Year,5.65,2
Kellie Turner,howardjennifer@koch.com,Male,30,B.Sc,,Civil,2nd Year,6.61,3+
Carrie Bishop,zolsen@gaines.com,Female,26,B.Sc,,CSE,1st Year,7.44,3+
Julie Wilkerson,kristinmoore@cervantes.com,Female,21,BCA,,CSE,Completed,8.98,2
David Whitaker,timothykelley@hotmail.com,Female,19,M.Tech,,Civil,2nd Year,9.38,
Melissa Harris,greenlori@gmail.com,Female,20,B.Tech,,Mechanical,2nd Year,6.95,2
Matthew Howard,vancewhitney@gmail.com,Other,20,Other,"Therapist, drama",Civil,4th Year,7.53,
Patrick Cook,tmiles@cross-jackson.biz,Female,19,MCA,,ECE,4th Year,8.84,1
Nicholas Williams,hobbschristina@smith.org,Other,20,B.Sc,,Electrical,Completed,7.52,
Gary House,earl32@hotmail.com,Other,18,B.E,,IT,Completed,9.0,1
Michael Rodriguez,mwise@hotmail.com,Male,29,B.Sc,,Electrical,1st Year,5.47,1
Mark Blankenship,jeffreypeterson@jackson-williams.com,Other,25,B.Sc,,Mechanical,3rd Year,7.23,3+
Debra Moore,joel02@hotmail.com,Female,26,M.Tech,,Electrical,2nd Year,9.33,2
Scott Cole,jedwards@hansen-freeman.org,Other,24,M.Tech,,CSE,3rd Year,8.89,
Kyle Thomas,allenbrian@yahoo.com,Male,22,BCA,,ECE,4th Year,8.89,3+
Mary Carter,melvin83@barnes.net,Female,23,M.Tech,,Electrical,Completed,5.01,2
Maria Schneider,laurahoward@barry-estrada.info,Male,28,BCA,,ECE,2nd Year,8.1,1
Sarah Gardner,xwilliams@wells.org,Male,25,BCA,,Electrical,3rd Year,9.43,2
Charles Allen,scott40@gmail.com,Other,18,B.Tech,,ECE,2nd Year,7.25,3+
Lance Cooke,vcampbell@yahoo.com,Male,25,B.E,,Electrical,Completed,8.36,
Julie Herrera,wadewendy@manning.com,Female,20,B.Sc,,CSE,1st Year,9.96,3+
Michelle Brown,lharmon@weaver.com,Male,22,M.Tech,,Electrical,Completed,5.38,2
Troy Erickson,bromero@watson.net,Male,25,B.Tech,,Electrical,3rd Year,5.67,2
Hunter Atkins,schwartzwendy@massey.com,Female,22,Other,"Nurse, adult",Mechanical,Completed,9.12,
Olivia Hernandez,deborah08@hotmail.com,Other,22,BCA,,Civil,2nd Year,10.0,2
Joseph Curry,robertsharp@tyler.org,Female,26,BCA,,Civil,3rd Year,5.79,2
Monique Burns,tammystephens@hotmail.com,Male,25,B.Sc,,CSE,2nd Year,9.3,2
Joseph Curry,robertsharp@tyler.org,Female,26,BCA,,Civil,3rd Year,5.79,2
Jesus Morgan,jeffreybaker@gmail.com,Other,27,M.Sc,,IT,2nd Year,7.19,2
Susan Mccall,katherinekelly@hotmail.com,Other,25,M.Tech,,ECE,4th Year,6.62,2
Ashley Diaz,dawnsheppard@davis.com,Other,25,B.E,,Electrical,1st Year,5.88,1
Debra Henry,cathy63@zamora.net,Male,24,B.Sc,,IT,1st Year,8.15,
Kimberly Vazquez,amanda97@herman.com,Male,25,MCA,,Civil,2nd Year,9.93,3+
Vanessa Parker,vargasbenjamin@davis.net,Female,22,B.Tech,,IT,Completed,5.68,3+
Lisa Rivas,vlopez@yahoo.com,Other,23,M.Tech,,Civil,4th Year,7.64,
Melissa Barron,taylorkelley@hotmail.com,Other,24,BCA,,Mechanical,1st Year,5.33,
Heidi Fisher,vincentcruz@dudley-jenkins.net,Female,23,Other,Theatre stage manager,CSE,1st Year,6.96,
Janet Thomas,michael31@gmail.com,Other,29,B.Tech,,IT,4th Year,6.02,
Kevin Webb,kevinmcneil@miller-morton.com,Male,30,B.Sc,,Electrical,4th Year,6.55,2
Tony Smith,mary67@yahoo.com,Male,18,B.Sc,,CSE,Completed,8.74,1
Michael Sanders,josephedward@yahoo.com,Male,27,B.Sc,,IT,4th Year,7.67,
Steven Thomas,lisa53@hotmail.com,Other,29,Other,Clinical cytogeneticist,Civil,2nd Year,9.53,2
Jeffrey Cardenas,martinmelanie@hotmail.com,Female,21,BCA,,CSE,2nd Year,9.3,1
Carlos Baker,ramirezdaniel@parker-duke.com,Female,30,MCA,,Civil,1st Year,7.79,
Brandi Davis,fernandowhitney@gmail.com,Female,28,M.Tech,,IT,3rd Year,6.23,1
Dana Robinson,leedrake@gilbert-keith.com,Other,22,M.Tech,,ECE,3rd Year,8.1,
Rachel Gomez,brandon01@gmail.com,Other,21,B.E,,IT,4th Year,5.48,2
Charles Collins,jchavez@smith.org,Female,21,M.Tech,,Civil,4th Year,5.73,1
James Humphrey,davisedward@pierce.biz,Other,19,Other,Set designer,ECE,1st Year,6.65,1
Scott Rodriguez,robinrobinson@norton.info,Male,25,M.Tech,,CSE,Completed,8.7,
Lisa Phillips,hallcynthia@miller.org,Male,28,MCA,,IT,3rd Year,8.38,3+
Thomas Gill,rachel05@allen.com,Other,26,MCA,,IT,Completed,6.46,2
Bobby Howell,kimashlee@matthews.info,Male,26,M.Tech,,CSE,1st Year,5.08,3+
Erika Gross,carlos09@hotmail.com,Female,27,M.Sc,,CSE,4th Year,8.43,3+
Charles Johnson,nmora@short-hernandez.com,Male,29,M.Tech,,Mechanical,3rd Year,8.18,1
Charlotte Armstrong,marysilva@gmail.com,Female,25,BCA,,CSE,3rd Year,5.75,1
Todd Brewer,mrussell@griffin-martin.com,Other,26,B.Tech,,CSE,2nd Year,5.78,
Shirley Gonzalez,wwood@yahoo.com,Other,23,Other,Ceramics designer,Electrical,1st Year,7.92,3+
Stephen Reynolds,phyllisnelson@smith.org,Female,28,M.Sc,,Civil,3rd Year,5.78,1
Dana Robinson,leedrake@gilbert-keith.com,Other,22,M.Tech,,ECE,3rd Year,8.1,
Benjamin Stone,richardcooper@hotmail.com,Other,20,M.Tech,,Mechanical,1st Year,9.17,
Christine Wise,thomaskaren@garrison-miller.org,Male,22,B.Sc,,Civil,3rd Year,8.0,1
Robert Solis,arianahernandez@yahoo.com,Female,28,BCA,,Electrical,1st Year,5.73,
Lindsay Liu,gregoryspence@yahoo.com,Male,21,BCA,,Mechanical,Completed,9.2,
Raymond King,lindseyfrost@gmail.com,Male,27,B.Sc,,Civil,1st Year,8.84,1
Andrea Coleman,triciaharris@gmail.com,Other,22,M.Tech,,Mechanical,Completed,7.21,3+
Edward Estrada,kathymccall@pham.com,Other,21,BCA,,Electrical,1st Year,8.22,2
Jesse Boyer,emilyandrews@stone-alvarado.com,Male,30,M.Tech,,Electrical,Completed,6.5,2
Andrew Hall,hmatthews@gmail.com,Female,19,M.Sc,,Mechanical,4th Year,5.75,
Tiffany Douglas,alikenneth@yahoo.com,Other,26,M.Tech,,IT,4th Year,8.4,3+
Debra Shaw,connieharris@levy.com,Female,26,MCA,,ECE,2nd Year,9.85,
Erik Rogers,wbright@yahoo.com,Male,24,B.Sc,,Electrical,3rd Year,7.99,
Charlotte Armstrong,marysilva@gmail.com,Female,25,BCA,,CSE,3rd Year,5.75,1
Brian Johnson,michaelmaddox@brennan.com,Male,23,Other,General practice doctor,IT,2nd Year,7.38,3+
Andrew Hall,hmatthews@gmail.com,Female,19,M.Sc,,Mechanical,4th Year,5.75,
Brandon Mccormick,nhayes@hotmail.com,Female,21,B.E,,IT,4th Year,7.48,3+
Lance Murphy,ynelson@hotmail.com,Other,20,B.E,,Electrical,3rd Year,6.49,
Barbara Yang,joann68@yahoo.com,Male,22,M.Tech,,CSE,4th Year,7.96,2
Cynthia Parker,pattongary@kelly.com,Female,25,B.E,,Mechanical,1st Year,8.59,3+
Jennifer King,reyesjonathan@turner-wells.net,Other,28,M.Tech,,ECE,2nd Year,8.92,1
Heather Richard,brianna30@chang-evans.net,Male,26,BCA,,CSE,3rd Year,6.02,
Kevin Hampton,michael96@johnson-li.info,Other,28,B.Sc,,Mechanical,Completed,6.18,1
Kimberly Vazquez,amanda97@herman.com,Male,25,MCA,,Civil,2nd Year,9.93,3+
Miss Joanna Matthews,christinehaley@yahoo.com,Female,21,B.Tech,,Mechanical,1st Year,9.82,
Joe Johnson,ysmith@hotmail.com,Male,20,M.Sc,,ECE,Completed,8.13,
Adrian Ward,carol53@hotmail.com,Male,21,B.Tech,,ECE,4th Year,5.54,
Rachel Gomez,brandon01@gmail.com,Other,21,B.E,,IT,4th Year,5.48,2
Brandi Davis,fernandowhitney@gmail.com,Female,28,M.Tech,,IT,3rd Year,6.23,1
Patrick Bennett,uheath@hotmail.com,Other,24,B.Tech,,IT,2nd Year,5.52,3+
Heidi Brooks,mayrobert@jones-allen.com,Male,28,BCA,,Civil,2nd Year,6.31,2
Frances Oneill,valentineallen@gmail.com,Female,30,B.Sc,,CSE,2nd Year,5.72,
Jose Shaffer,mortonzachary@anderson.org,Female,23,Other,"Scientist, clinical (histocompatibility and immunogenetics)",ECE,4th Year,6.87,1
Troy Erickson,bromero@watson.net,Male,25,B.Tech,,Electrical,3rd Year,5.67,2
Steven Holland,fpadilla@nguyen-johnson.com,Other,18,BCA,,Electrical,3rd Year,9.56,2
Miss Karina Pearson,fwong@hotmail.com,Other,27,B.Tech,,Electrical,4th Year,8.8,
David Williams,chall@wise-barton.biz,Female,23,B.E,,IT,2nd Year,8.03,1
Jeremy Mcgee,haydennorton@yahoo.com,Male,21,M.Sc,,Mechanical,2nd Year,6.42,2
Kimberly Nguyen,nathanrobbins@gonzales-smith.biz,Female,20,BCA,,Civil,3rd Year,9.6,
Angelica Henry,kendrapotter@maynard.com,Male,28,BCA,,ECE,4th Year,9.98,
Cindy Watson,ricky53@yahoo.com,Female,25,B.Tech,,IT,Completed,5.63,2
Chelsea Collins,thopkins@long.com,Other,25,B.Sc,,Electrical,2nd Year,5.57,3+
Robin Evans,richardyoung@lewis-maynard.com,Male,22,B.E,,CSE,1st Year,6.57,1
Cody Bowman,coleflores@brooks-hall.com,Other,18,B.Tech,,ECE,4th Year,9.99,3+
Lauren Morales,zramirez@yahoo.com,Other,30,B.E,,Electrical,3rd Year,9.72,1
Jamie Avila,jennifer60@anderson-williams.info,Female,21,BCA,,Mechanical,3rd Year,8.82,2
Penny Mitchell,patricksimpson@sandoval.com,Other,29,M.Sc,,Electrical,1st Year,7.46,1
Jessica Robinson,thomasday@giles-richards.com,Other,23,Other,Insurance account manager,Civil,3rd Year,7.79,1
Cassandra Greene,spencer08@wallace.biz,Female,28,B.E,,Electrical,2nd Year,7.94,2
Carrie Ayala,ariana57@cobb.com,Female,19,M.Sc,,ECE,1st Year,7.38,
Michelle Hill,lisa38@curtis.net,Other,18,M.Sc,,Mechanical,Completed,7.96,2
William Keller,floresjavier@blankenship-mann.com,Female,27,B.Sc,,Electrical,4th Year,6.37,3+
Adam Gilmore,whitepenny@gmail.com,Other,26,MCA,,CSE,3rd Year,8.57,2
John Hernandez,wwagner@cohen.com,Male,23,M.Sc,,Mechanical,2nd Year,9.0,3+
Elizabeth Smith,jamesstephanie@gmail.com,Male,25,B.Tech,,IT,3rd Year,5.03,1
Kylie Fields,waterslouis@rich-lawson.info,Male,22,B.Sc,,Electrical,Completed,5.42,1
Chad Thomas,huntjessica@spencer.com,Other,18,B.E,,Civil,Completed,5.21,3+
Patrick Cook,tmiles@cross-jackson.biz,Female,19,MCA,,ECE,4th Year,8.84,1
Terry Mercado,amberdowns@nunez-washington.net,Other,30,MCA,,Mechanical,4th Year,8.06,
Jeffrey Yang,wanda78@gmail.com,Other,23,B.Sc,,Electrical,1st Year,5.43,2
Andrew Brown,frank15@hubbard-chapman.com,Female,19,M.Sc,,ECE,1st Year,9.09,2
Jessica Merritt,zcollins@edwards.com,Male,27,M.Sc,,ECE,2nd Year,8.21,3+
Todd Harris MD,mzuniga@hill.com,Female,19,B.E,,Civil,3rd Year,8.83,1
Troy Holden,claire01@kerr.com,Male,30,BCA,,Mechanical,3rd Year,9.69,
Ashley Lutz,iwhite@yahoo.com,Female,24,B.Tech,,IT,2nd Year,6.8,
Erica Brooks,kyle93@gomez.net,Other,21,B.Tech,,CSE,4th Year,8.59,3+
Antonio Garcia,petersana@gmail.com,Male,26,MCA,,ECE,Completed,5.08,2
Corey Salinas,xlam@bautista.com,Female,21,Other,"Research officer, political party",IT,1st Year,6.75,3+
David Johnson,kmullen@gmail.com,Female,25,M.Tech,,IT,1st Year,5.62,
David Hernandez,watersjames@gmail.com,Other,22,B.Tech,,Civil,2nd Year,6.8,
Stephanie Green,whitakerkaren@good.com,Other,24,MCA,,Electrical,Completed,6.27,3+
Cody Miller,michaelsanchez@yahoo.com,Other,25,B.Tech,,IT,Completed,7.03,2
Timothy Medina,xroth@gmail.com,Male,29,BCA,,IT,3rd Year,8.69,
Brian Hicks,medinaandrew@carter.org,Female,21,B.E,,ECE,Completed,8.81,3+
Travis Jennings,smithkelly@yahoo.com,Male,29,B.E,,IT,3rd Year,5.5,
Shari Garcia,dustin21@yahoo.com,Other,30,MCA,,Electrical,3rd Year,9.92,3+
Lindsay Anderson,michael08@gmail.com,Female,30,B.E,,Mechanical,3rd Year,6.21,2
Megan Smith,huffmanjonathan@lowe-steele.com,Female,20,M.Sc,,ECE,Completed,9.22,2
Ana Montgomery,mariagay@benson-ortiz.biz,Female,30,M.Sc,,IT,1st Year,7.01,1
James Watson,jamesyoung@jackson.biz,Female,24,BCA,,Electrical,2nd Year,7.75,
Alejandra Campbell,megan21@hotmail.com,Female,18,M.Sc,,Mechanical,3rd Year,6.01,3+
Tina Cox,pkelly@larsen.com,Other,19,BCA,,Civil,1st Year,8.37,1
Amber Riley,rushchristopher@hotmail.com,Female,25,B.Tech,,Civil,1st Year,8.11,3+
Grant Oconnell,hilllaura@hotmail.com,Female,23,M.Tech,,IT,3rd Year,8.36,2
Ryan Roach,fmiller@butler-williams.org,Female,27,B.Tech,,CSE,Completed,5.81,
Joshua Smith,jessica64@ochoa-holmes.org,Other,28,Other,Race relations officer,IT,Completed,8.25,1
Krista Houston,uball@gmail.com,Male,28,BCA,,IT,3rd Year,6.48,2
Cheyenne Scott,wmurray@yahoo.com,Female,27,Other,"Production assistant, television",IT,Completed,7.01,2
Samantha Francis,peggyferguson@mcdaniel-adams.org,Other,27,Other,Photographer,CSE,2nd Year,8.33,
Holly Atkinson,robynfisher@gonzalez-rodriguez.org,Female,27,B.E,,Electrical,2nd Year,9.98,
Christina Martinez,perryregina@gmail.com,Other,22,B.Sc,,Civil,1st Year,6.96,
Paul Spencer,christinamurphy@crawford.org,Male,18,B.E,,Civil,3rd Year,8.84,1
Paul Spencer,christinamurphy@crawford.org,Male,18,B.E,,Civil,3rd Year,8.84,1
Michael Lee,evankim@hotmail.com,Female,25,Other,"Sales professional, IT",Electrical,1st Year,7.49,1
James Olson,erin30@barrera-guzman.net,Male,21,B.E,,Mechanical,Completed,8.89,3+
Charles Mooney,brian43@mccormick.com,Male,29,Other,Ceramics designer,IT,2nd Year,8.18,
Anthony Mckay,nevans@todd.com,Male,23,M.Sc,,IT,2nd Year,6.26,2
Heather Farmer,destinyburgess@morgan.info,Male,19,B.E,,ECE,1st Year,7.79,3+
Christopher Warner,upowell@carrillo-martin.biz,Male,30,M.Sc,,Civil,4th Year,9.37,3+
Shannon Sosa,gonzalezcatherine@gomez-davis.net,Other,26,M.Sc,,Mechanical,1st Year,9.79,
Brandon Murphy,emily00@yahoo.com,Male,24,M.Tech,,Civil,Completed,9.03,1
Nicholas Williams,hobbschristina@smith.org,Other,20,B.Sc,,Electrical,Completed,7.52,
Matthew Grant,anthony87@valentine.com,Other,23,M.Sc,,ECE,2nd Year,9.53,3+
Jimmy Crawford,qmiller@murphy.com,Other,28,B.E,,Civil,4th Year,8.55,1
Grant Oconnell,hilllaura@hotmail.com,Female,23,M.Tech,,IT,3rd Year,8.36,2
Alison Hall,johnsonmatthew@brown.com,Male,18,M.Sc,,CSE,1st Year,5.97,3+
Tom Porter,jonesbrianna@gmail.com,Other,29,Other,"Librarian, public",Mechanical,1st Year,9.32,
Susan Murphy,brandylynch@thomas-hughes.info,Male,23,M.Tech,,Civil,3rd Year,8.13,2
Jose Reyes,smithjohn@gmail.com,Female,23,B.Tech,,CSE,3rd Year,8.69,1
Margaret Wilkinson,athompson@nguyen.info,Other,18,BCA,,ECE,Completed,9.06,
Edward Williams,nsilva@yahoo.com,Other,27,BCA,,CSE,1st Year,6.01,2
Linda Stevens,thompsondanielle@hotmail.com,Other,23,B.Sc,,ECE,3rd Year,9.7,2
Tammy Leblanc,bautistacharles@rodriguez.info,Female,26,B.Tech,,CSE,1st Year,8.37,
Christopher Cochran,walshheather@rodriguez-martin.com,Female,25,B.Tech,,Civil,1st Year,8.96,2
George Joseph,zachary42@gmail.com,Male,20,M.Sc,,IT,4th Year,8.02,
Paul Spencer,christinamurphy@crawford.org,Male,18,B.E,,Civil,3rd Year,8.84,1
Cynthia Parker,pattongary@kelly.com,Female,25,B.E,,Mechanical,1st Year,8.59,3+
Brooke White,csmith@jones.biz,Female,27,B.E,,Mechanical,1st Year,9.98,3+
Samantha Morgan,ferrellgregory@ray.com,Male,20,B.E,,Mechanical,1st Year,6.74,
Joshua Rollins,morgan91@gmail.com,Male,21,MCA,,CSE,3rd Year,9.75,3+
Melissa Harris,greenlori@gmail.com,Female,20,B.Tech,,Mechanical,2nd Year,6.95,2
Lawrence Moore,katelyn09@green-faulkner.info,Male,21,M.Tech,,Civil,2nd Year,5.65,2
Tammy Jackson,mercedescollins@taylor.biz,Other,21,M.Sc,,CSE,1st Year,7.53,3+
Jennifer Rivera,melendezdale@gmail.com,Other,30,M.Sc,,ECE,3rd Year,6.95,
Jesse Young,carolyn85@yahoo.com,Other,27,B.Sc,,CSE,1st Year,6.52,
Kenneth Davies,nicholasmartin@gmail.com,Female,27,MCA,,ECE,Completed,6.4,1
Alexis Bush,dscott@villa.biz,Other,28,B.Tech,,IT,Completed,5.31,1
Kellie Turner,howardjennifer@koch.com,Male,30,B.Sc,,Civil,2nd Year,6.61,3+
Savannah Howard,dphelps@yahoo.com,Female,20,B.Tech,,Mechanical,Completed,6.88,2
David Lane,qmartin@yahoo.com,Female,30,Other,Radio producer,Civil,Completed,6.14,2
Dawn Kim,brendastewart@yahoo.com,Other,24,M.Tech,,Electrical,2nd Year,9.84,2
Michael Mccall,cheryl93@reynolds.com,Other,22,Other,Chief Operating Officer,Civil,1st Year,8.98,3+
James Watson,jamesyoung@jackson.biz,Female,24,BCA,,Electrical,2nd Year,7.75,
Jesus Morgan,jeffreybaker@gmail.com,Other,27,M.Sc,,IT,2nd Year,7.19,2
Donna Lewis,rodriguezsara@gonzalez.com,Female,27,Other,Metallurgist,Civil,3rd Year,5.84,1
David Ramirez,mphillips@johnson.com,Female,27,M.Sc,,CSE,1st Year,7.89,
Diana Nguyen,noah56@hotmail.com,Male,24,M.Sc,,ECE,Completed,8.26,3+
Kenneth Hunter,wendy91@sanchez.com,Other,25,MCA,,IT,3rd Year,8.23,1
Terry Mercado,amberdowns@nunez-washington.net,Other,30,MCA,,Mechanical,4th Year,8.06,
Lindsay Grimes,rfranklin@nguyen.com,Other,20,B.Sc,,IT,2nd Year,9.63,2
William Wall,johnstonsarah@yahoo.com,Female,18,B.Sc,,CSE,3rd Year,8.25,3+
Amy Jensen,madams@walker.com,Other,25,BCA,,CSE,1st Year,5.84,
Jeffrey Lee,rachaelmartin@kirby.com,Male,18,B.Sc,,IT,4th Year,9.23,1
Mark Williams,odelgado@taylor-colon.com,Female,26,B.E,,ECE,Completed,6.49,3+
Sara Morgan,hsimmons@davis-montoya.com,Male,28,B.E,,Mechanical,2nd Year,9.88,1
Tricia Meadows,pfisher@hotmail.com,Other,30,M.Tech,,Electrical,2nd Year,8.97,
Regina Peck,loganmoran@hawkins.org,Female,19,MCA,,IT,2nd Year,9.36,
Steven Miranda,matthewponce@hotmail.com,Other,21,B.E,,Electrical,3rd Year,6.22,3+
Chloe Hill,owheeler@gmail.com,Female,24,MCA,,Civil,Completed,6.89,
Melody Boyd,bhunt@hotmail.com,Female,28,B.E,,CSE,Completed,9.32,1
Shane Church,swansonkimberly@johnson.net,Other,28,MCA,,CSE,Completed,6.5,
Thomas Freeman,pjohnson@fisher-casey.biz,Other,18,M.Tech,,ECE,3rd Year,7.11,
Kathryn Cole,snyderstephanie@reese.info,Male,26,MCA,,Civil,4th Year,6.69,3+
Krista Houston,uball@gmail.com,Male,28,BCA,,IT,3rd Year,6.48,2
Jessica Weber,michellerandall@hotmail.com,Female,23,B.Tech,,CSE,1st Year,7.24,2
Ryan Roach,fmiller@butler-williams.org,Female,27,B.Tech,,CSE,Completed,5.81,
Theresa Green,maldonadotroy@hill.com,Female,18,MCA,,ECE,Completed,5.35,1
Samantha Brown,zachary37@hotmail.com,Other,26,BCA,,CSE,2nd Year,6.92,2
Todd Harris MD,mzuniga@hill.com,Female,19,B.E,,Civil,3rd Year,8.83,1
Troy Erickson,bromero@watson.net,Male,25,B.Tech,,Electrical,3rd Year,5.67,2
Eric Frost,larry35@gmail.com,Other,25,M.Tech,,ECE,Completed,7.4,1
Marissa Flores,bradleylinda@gmail.com,Male,19,MCA,,Mechanical,Completed,5.25,
Jennifer Wilson,imercado@york.info,Female,18,M.Sc,,Civil,Completed,8.35,1
Todd Harris MD,mzuniga@hill.com,Female,19,B.E,,Civil,3rd Year,8.83,1
Amy Ingram,hartgerald@scott-murray.biz,Other,23,Other,International aid/development worker,IT,1st Year,6.67,2
Nancy Gillespie,john47@allen-santana.info,Female,20,Other,"Surveyor, building",Civil,3rd Year,8.67,
Krystal Clark,bonniecunningham@yahoo.com,Other,30,Other,Recruitment consultant,Electrical,Completed,6.83,2
Chelsea Choi,twilson@acosta.com,Male,20,MCA,,CSE,Completed,5.83,1
Donald Jennings,sgarza@hanson.org,Male,28,B.Sc,,CSE,2nd Year,9.64,3+
Ronald Monroe,morenotimothy@anderson.com,Other,18,B.E,,IT,1st Year,8.62,
Jennifer Berry,williamsanders@hotmail.com,Female,24,Other,"Social research officer, government",Mechanical,4th Year,8.68,3+
Cindy Holland,houstonmary@mcdonald.com,Other,21,M.Sc,,Civil,1st Year,6.1,3+
David Jenkins,wallacemichael@butler-wright.com,Female,19,M.Sc,,Civil,1st Year,6.75,
Bethany Navarro,nicholas95@yahoo.com,Other,24,B.E,,Electrical,Completed,9.44,1
Joshua Green,pjordan@cooper-chavez.biz,Female,18,MCA,,Civil,1st Year,5.85,3+
David Whitaker,timothykelley@hotmail.com,Female,19,M.Tech,,Civil,2nd Year,9.38,
Kathryn Freeman,alexanderlambert@martin.net,Other,22,M.Sc,,ECE,2nd Year,5.22,
Alyssa Oneal,xtaylor@cobb-johnson.com,Female,25,BCA,,CSE,Completed,6.56,3+
Eugene White,msexton@gmail.com,Other,24,Other,IT consultant,Mechanical,Completed,9.2,3+
Jeffery Oliver,tiffanylambert@simpson.com,Male,22,B.E,,Mechanical,2nd Year,6.03,1
Mark Martinez,mcphersonbrenda@hall.com,Female,19,BCA,,IT,2nd Year,7.89,3+
Jonathan Smith,kristinagarza@yahoo.com,Male,18,Other,Retail banker,IT,Completed,5.17,3+
Eric Hayes,lowejeffrey@gmail.com,Other,20,B.Sc,,ECE,4th Year,6.69,
Russell Lowe,keithwilliams@duncan.com,Male,26,Other,Regulatory affairs officer,Mechanical,Completed,5.69,
Lindsey Alexander,hallnancy@smith.org,Male,29,M.Tech,,Mechanical,2nd Year,9.77,
Katherine Bowers,gmaxwell@hotmail.com,Other,18,B.Sc,,CSE,1st Year,7.72,3+
Thomas Donovan,wgill@yahoo.com,Male,22,B.Sc,,Electrical,Completed,8.43,
Jessica Carter,millerjennifer@gmail.com,Other,26,M.Tech,,Mechanical,1st Year,6.44,1
Kayla Jones,paulaortiz@snyder.info,Male,25,BCA,,Mechanical,4th Year,9.32,1
Ian Powell,lori39@sanders.com,Male,23,MCA,,Electrical,Completed,9.19,3+
Francisco Williams,wwright@yahoo.com,Other,25,MCA,,IT,1st Year,7.63,2
Johnny Hunt,imarquez@gmail.com,Male,30,B.Sc,,ECE,4th Year,6.17,3+
Dr. Jessica Rivera PhD,tracy39@hotmail.com,Female,29,M.Tech,,ECE,Completed,9.41,3+
Heidi Fisher,vincentcruz@dudley-jenkins.net,Female,23,Other,Theatre stage manager,CSE,1st Year,6.96,
Samuel Gilmore,erin65@hotmail.com,Other,18,M.Tech,,CSE,1st Year,5.41,1
Robin Evans,richardyoung@lewis-maynard.com,Male,22,B.E,,CSE,1st Year,6.57,1
Joshua Green,pjordan@cooper-chavez.biz,Female,18,MCA,,Civil,1st Year,5.85,3+
Jesse Boyer,emilyandrews@stone-alvarado.com,Male,30,M.Tech,,Electrical,Completed,6.5,2
Nathan Bowers,michaelsellers@trevino-ramirez.com,Male,18,Other,Lawyer,CSE,3rd Year,7.16,1
Crystal Nixon,davidconrad@yahoo.com,Other,27,MCA,,ECE,1st Year,5.65,3+
Heather Richard,brianna30@chang-evans.net,Male,26,BCA,,CSE,3rd Year,6.02,
Philip Perez,beardtanya@wolf-obrien.com,Male,26,Other,Art therapist,ECE,2nd Year,7.03,
Frank Douglas,autumn17@wells.info,Male,29,Other,Conference centre manager,Civil,3rd Year,8.25,1
Tammy Reynolds,adampowers@martinez.com,Male,29,BCA,,Mechanical,3rd Year,6.83,3+
John Mack,lorettafleming@gmail.com,Male,28,M.Tech,,CSE,Completed,9.3,
Cindy Watson,ricky53@yahoo.com,Female,25,B.Tech,,IT,Completed,5.63,2
Mariah Glover,christina02@yahoo.com,Male,30,M.Sc,,CSE,1st Year,6.91,1
Jeffrey Cardenas,martinmelanie@hotmail.com,Female,21,BCA,,CSE,2nd Year,9.3,1
Holly Grant,mary81@yahoo.com,Other,23,B.Sc,,Mechanical,1st Year,6.9,1
James Melendez,peterjames@gmail.com,Female,18,B.Sc,,Electrical,1st Year,8.79,
Kenneth Hunter,wendy91@sanchez.com,Other,25,MCA,,IT,3rd Year,8.23,1
Carlos Bell,tanyaalvarado@yahoo.com,Other,29,B.E,,ECE,3rd Year,6.59,
Jenna Hopkins,fherring@rogers.info,Female,21,B.Sc,,Mechanical,2nd Year,9.04,1
Tiffany Smith,cynthia52@cook.com,Male,28,B.Tech,,Mechanical,1st Year,8.79,1
Dean Greene,gordon05@george-christensen.biz,Male,29,B.Sc,,Civil,1st Year,9.48,1
Thomas Chaney,johnsondavid@cunningham.com,Female,26,Other,"Engineer, manufacturing systems",IT,1st Year,9.72,
Michael Gardner,ericgriffin@robertson.net,Other,18,M.Tech,,Civil,2nd Year,7.75,3+
John Young,agarza@hotmail.com,Male,27,B.Tech,,Mechanical,1st Year,8.93,1
Lisa Rivas,vlopez@yahoo.com,Other,23,M.Tech,,Civil,4th Year,7.64,
Jennifer Davis,nruiz@hotmail.com,Male,24,BCA,,Civil,Completed,9.67,1
Brian Gutierrez,walterbarnes@dickson.info,Female,23,M.Sc,,CSE,1st Year,5.59,
Regina Peck,loganmoran@hawkins.org,Female,19,MCA,,IT,2nd Year,9.36,
Julia Villanueva,blopez@gmail.com,Female,29,B.Sc,,Electrical,3rd Year,5.46,1
Jeffrey Peterson,crossbrittany@duncan-jackson.com,Female,18,Other,Systems analyst,IT,2nd Year,8.78,1
James Acevedo,kroman@holden.biz,Female,28,MCA,,Mechanical,2nd Year,8.41,2
Jennifer Mason,ashley82@yahoo.com,Other,19,BCA,,IT,3rd Year,7.74,
Kelly Torres,kyle61@smith.com,Male,28,M.Sc,,CSE,3rd Year,8.99,2
Rebecca Summers,chrisbraun@yahoo.com,Female,26,B.Tech,,Electrical,3rd Year,8.88,3+
Christopher Cummings DDS,vwallace@hotmail.com,Female,26,M.Sc,,ECE,4th Year,7.55,
Scott Grimes,sherriturner@hotmail.com,Other,20,Other,Metallurgist,CSE,2nd Year,7.51,
Ellen Oliver,marilyn12@randolph.com,Female,24,B.Tech,,ECE,4th Year,9.85,2
Joseph Morse,agarcia@hotmail.com,Other,30,B.E,,ECE,1st Year,5.69,
Ashley Brooks,cbrewer@gmail.com,Male,25,M.Sc,,CSE,2nd Year,6.35,
Edward Walker,eric90@gmail.com,Male,23,M.Sc,,Electrical,4th Year,6.8,2
Kathleen Livingston,malik81@kramer.com,Male,26,MCA,,Mechanical,4th Year,6.07,1
Edward Scott,angelaroberts@gmail.com,Female,24,M.Tech,,CSE,1st Year,6.9,2
Christina Martinez,perryregina@gmail.com,Other,22,B.Sc,,Civil,1st Year,6.96,
Stacy Martinez,paulfranklin@yahoo.com,Female,30,BCA,,IT,2nd Year,5.94,2
Jonathan Ramirez,catherinewalker@hotmail.com,Male,20,M.Tech,,Electrical,2nd Year,9.64,1
Carla Page,gilbertjoanne@davidson.com,Other,22,M.Sc,,ECE,3rd Year,7.43,3+
Cory Alexander,grayautumn@sosa-soto.com,Female,21,BCA,,Electrical,4th Year,8.92,3+
Miss Karina Pearson,fwong@hotmail.com,Other,27,B.Tech,,Electrical,4th Year,8.8,
Tiffany Douglas,alikenneth@yahoo.com,Other,26,M.Tech,,IT,4th Year,8.4,3+
Tammy Nguyen,houstonnicholas@yahoo.com,Male,23,B.Tech,,CSE,3rd Year,7.16,
Elizabeth Leach,dwells@martinez.com,Other,28,M.Sc,,CSE,3rd Year,7.38,2
Michelle Hill,lisa38@curtis.net,Other,18,M.Sc,,Mechanical,Completed,7.96,2
Toni Brennan,claudia98@yahoo.com,Female,23,MCA,,Civil,3rd Year,8.48,3+
Elizabeth Leach,dwells@martinez.com,Other,28,M.Sc,,CSE,3rd Year,7.38,2
Kathleen Livingston,malik81@kramer.com,Male,26,MCA,,Mechanical,4th Year,6.07,1
Susan Le,ojackson@smith.com,Other,26,B.Tech,,Mechanical,2nd Year,8.27,1
Mr. Alexander Moore DDS,frederick06@yahoo.com,Female,21,M.Tech,,Civil,3rd Year,7.82,1
Lance Cooke,vcampbell@yahoo.com,Male,25,B.E,,Electrical,Completed,8.36,
Carlos Hoover,thomascarpenter@matthews.com,Female,20,BCA,,CSE,2nd Year,6.05,
Tracy Allen,ylopez@mcintyre.info,Male,25,B.Tech,,CSE,3rd Year,7.01,
Angelica Franklin,johnsonclaudia@montes.biz,Other,19,MCA,,IT,Completed,7.52,
Victoria Green,reneeparker@gmail.com,Female,23,M.Sc,,Civil,3rd Year,6.4,3+
Elizabeth Thomas,laurajones@hotmail.com,Other,29,Other,Insurance claims handler,Electrical,3rd Year,5.79,1
Sharon Colon,zimmermandawn@gmail.com,Other,24,B.Sc,,CSE,3rd Year,9.84,
Donna Mcintyre,athomas@wright.org,Female,28,M.Tech,,IT,4th Year,6.75,2
Holly Grant,mary81@yahoo.com,Other,23,B.Sc,,Mechanical,1st Year,6.9,1
Teresa Kemp,athompson@reynolds.com,Male,28,MCA,,IT,2nd Year,9.0,3+
Sandra Smith,youngmallory@gmail.com,Female,22,B.E,,IT,1st Year,5.11,1
Heather Johnson,gary28@hotmail.com,Other,23,B.Tech,,ECE,3rd Year,6.87,
Andrew Munoz,cholloway@harrison-villarreal.org,Male,28,B.Tech,,CSE,4th Year,6.65,
Rachel Smith,alyssaholland@yahoo.com,Female,22,MCA,,Civil,4th Year,5.11,
Stephanie Becker,ksmith@gmail.com,Male,21,Other,"Accountant, chartered",CSE,2nd Year,6.56,2
Eric Mccullough,nicholaswhite@guerra.com,Male,27,B.Sc,,Electrical,4th Year,7.74,3+
Kathleen Livingston,malik81@kramer.com,Male,26,MCA,,Mechanical,4th Year,6.07,1
Christopher Warner,upowell@carrillo-martin.biz,Male,30,M.Sc,,Civil,4th Year,9.37,3+
Travis Jennings,smithkelly@yahoo.com,Male,29,B.E,,IT,3rd Year,5.5,
Aaron Williams,vanderson@hotmail.com,Female,25,M.Tech,,Electrical,1st Year,6.36,2
Lindsay Thompson,romerogina@martinez.biz,Female,18,M.Sc,,IT,4th Year,9.6,1
Kathy Palmer,patricia55@yahoo.com,Female,28,MCA,,Electrical,Completed,9.64,
Christine Harris,reesetimothy@blackwell.biz,Male,25,B.Sc,,Civil,2nd Year,9.15,1
Joshua Green,pjordan@cooper-chavez.biz,Female,18,MCA,,Civil,1st Year,5.85,3+
Jamie Reese,jessicadickson@perez-rodriguez.com,Male,25,BCA,,Civil,1st Year,8.86,2
Shawn Wiggins,shannon66@yahoo.com,Male,28,B.Sc,,ECE,2nd Year,8.12,
Kristopher Gonzalez,harveynathan@kline.com,Other,25,M.Tech,,CSE,3rd Year,8.18,3+
Tammy Nguyen,houstonnicholas@yahoo.com,Male,23,B.Tech,,CSE,3rd Year,7.16,
Paul Rogers,anthony86@williams.biz,Female,22,M.Sc,,CSE,1st Year,6.07,2
Jennifer Davis,nruiz@hotmail.com,Male,24,BCA,,Civil,Completed,9.67,1
Nathan Bowers,michaelsellers@trevino-ramirez.com,Male,18,Other,Lawyer,CSE,3rd Year,7.16,1
Joshua Rollins,morgan91@gmail.com,Male,21,MCA,,CSE,3rd Year,9.75,3+
Tina Tucker,zwhite@yahoo.com,Female,18,BCA,,CSE,Completed,7.4,2
Mr. Alexander Moore DDS,frederick06@yahoo.com,Female,21,M.Tech,,Civil,3rd Year,7.82,1
Nicole Sharp,omiranda@rush.com,Other,24,BCA,,Mechanical,2nd Year,9.78,1
Isaac Vargas,xgonzalez@yahoo.com,Other,29,B.Tech,,CSE,2nd Year,6.93,
Sarah Gardner,xwilliams@wells.org,Male,25,BCA,,Electrical,3rd Year,9.43,2
Adrian Hunt,mortonandrew@wallace-coleman.org,Other,30,M.Tech,,ECE,4th Year,7.27,3+
Matthew Giles,ikim@yahoo.com,Male,30,BCA,,IT,1st Year,9.54,2
Rachel Smith,alyssaholland@yahoo.com,Female,22,MCA,,Civil,4th Year,5.11,
Robert Roberts,johnpennington@rodriguez.info,Other,21,M.Sc,,CSE,1st Year,9.99,3+
Adrian Hunt,mortonandrew@wallace-coleman.org,Other,30,M.Tech,,ECE,4th Year,7.27,3+
Sydney Roberts,elizabetherickson@hall.net,Female,24,B.Tech,,IT,1st Year,6.96,2
Samuel Levine,williamallen@hotmail.com,Female,25,B.Tech,,Electrical,Completed,8.73,2
Deborah Lewis,warrenjacob@yahoo.com,Female,20,M.Sc,,Electrical,Completed,8.78,1
Miss Karina Pearson,fwong@hotmail.com,Other,27,B.Tech,,Electrical,4th Year,8.8,
Daniel Hawkins,francisco47@gmail.com,Female,23,Other,Leisure centre manager,IT,1st Year,6.36,1
Kevin Hampton,michael96@johnson-li.info,Other,28,B.Sc,,Mechanical,Completed,6.18,1
Michael Adams,katie76@gmail.com,Female,20,M.Tech,,Mechanical,4th Year,8.9,3+
Daniel Gonzalez,brian40@gmail.com,Other,21,B.Sc,,ECE,2nd Year,5.39,2
Dawn Lawrence,malikunderwood@yahoo.com,Male,20,MCA,,ECE,Completed,7.45,3+
James Acevedo,kroman@holden.biz,Female,28,MCA,,Mechanical,2nd Year,8.41,2
Joseph Sellers,ewarren@davis.org,Female,28,B.Tech,,Civil,4th Year,6.91,1
Jamie Fernandez,eferguson@yahoo.com,Other,28,B.Tech,,Electrical,3rd Year,6.47,3+
Patrick Bennett,uheath@hotmail.com,Other,24,B.Tech,,IT,2nd Year,5.52,3+
Amanda Carrillo,andersoncharles@hernandez-brown.net,Other,21,Other,Nature conservation officer,Electrical,Completed,9.56,3+
Lindsay Martin,christinawilliams@mcgee.com,Male,23,B.Tech,,Civil,1st Year,8.47,3+
Alyssa Oneal,xtaylor@cobb-johnson.com,Female,25,BCA,,CSE,Completed,6.56,3+
Jon Nelson,carrillojack@vargas.com,Male,27,MCA,,CSE,4th Year,8.8,1
Benjamin Davis,tina40@lowery.com,Male,22,M.Sc,,IT,3rd Year,8.17,3+
David Bennett,lewiscrystal@gmail.com,Female,25,M.Sc,,CSE,2nd Year,5.62,2
Lauren Morales,zramirez@yahoo.com,Other,30,B.E,,Electrical,3rd Year,9.72,1
Nicholas Williams,hobbschristina@smith.org,Other,20,B.Sc,,Electrical,Completed,7.52,
Samantha Morgan,ferrellgregory@ray.com,Male,20,B.E,,Mechanical,1st Year,6.74,
Nicholas Williams,hobbschristina@smith.org,Other,20,B.Sc,,Electrical,Completed,7.52,
Patrick Parker,josephwilkins@padilla.net,Female,30,M.Sc,,CSE,4th Year,7.69,
Angel Bailey,cramirez@abbott.com,Male,30,BCA,,Electrical,3rd Year,9.64,3+
David Baker,tylerstevenson@hotmail.com,Male,30,M.Tech,,Mechanical,2nd Year,9.63,
Kelly Duncan,romanelizabeth@yahoo.com,Male,26,Other,Financial manager,CSE,4th Year,6.22,1
Samantha Morgan,ferrellgregory@ray.com,Male,20,B.E,,Mechanical,1st Year,6.74,
Laura Moran,dtran@hotmail.com,Other,29,MCA,,CSE,1st Year,9.2,2
Sarah Daniel,carrjennifer@yahoo.com,Other,21,B.Tech,,CSE,1st Year,8.61,2
Laura Moran,dtran@hotmail.com,Other,29,MCA,,CSE,1st Year,9.2,2
Suzanne Diaz,calvingriffin@ortiz.info,Other,18,MCA,,Mechanical,Completed,6.32,1
Elizabeth Campbell,hellis@joseph-nolan.org,Male,27,Other,Interpreter,Civil,Completed,6.03,1
Christian White,bowmantanya@randall.info,Male,20,B.Tech,,ECE,4th Year,8.73,
Daniel Lara,bryanholmes@hotmail.com,Female,24,M.Tech,,Electrical,3rd Year,7.81,
Dr. Matthew Henderson,jeffreymorgan@alexander-roberts.com,Male,28,MCA,,Mechanical,1st Year,5.97,2
Shelby Mendoza,ianowens@anderson.org,Male,21,MCA,,CSE,3rd Year,7.7,1
Jennifer Lopez,rodriguezmatthew@lee.net,Female,27,MCA,,Mechanical,1st Year,9.94,1
Andre Mills,powelljason@simon.com,Female,25,Other,Biomedical scientist,ECE,3rd Year,8.63,3+
Michael Chan,xcollins@hotmail.com,Other,19,B.E,,IT,2nd Year,9.07,3+
Madison Walters,ronaldlittle@rodriguez.biz,Female,21,M.Tech,,CSE,1st Year,6.34,2
Natalie Davis,david19@yahoo.com,Male,27,B.Sc,,ECE,2nd Year,8.22,3+
Margaret Freeman,jasonpearson@gmail.com,Female,20,MCA,,Mechanical,2nd Year,5.84,2
Joshua Bowen,williamsxavier@curtis.com,Female,19,B.E,,ECE,2nd Year,7.49,1
Steven Holland,fpadilla@nguyen-johnson.com,Other,18,BCA,,Electrical,3rd Year,9.56,2
Todd Orr,gmontgomery@yahoo.com,Female,27,M.Tech,,CSE,4th Year,9.33,2
Andrea Elliott,twhite@salazar.info,Female,23,M.Tech,,Civil,1st Year,8.39,
Jose Walls,aaronpeterson@shelton.com,Female,30,Other,Lobbyist,IT,4th Year,5.06,3+
Susan Murphy,brandylynch@thomas-hughes.info,Male,23,M.Tech,,Civil,3rd Year,8.13,2
John Porter,petersonlogan@hotmail.com,Other,23,Other,"Designer, fashion/clothing",Civil,3rd Year,6.71,2
Donna Mcintyre,athomas@wright.org,Female,28,M.Tech,,IT,4th Year,6.75,2
Karen Wallace,melissa33@murillo.com,Other,23,Other,General practice doctor,Mechanical,2nd Year,9.6,3+
Jeffrey Peterson,crossbrittany@duncan-jackson.com,Female,18,Other,Systems analyst,IT,2nd Year,8.78,1
Shawna Boone,shelley13@foster-lopez.com,Male,30,Other,Writer,IT,Completed,5.27,1
Jessica Jackson,carlosenglish@perez.com,Female,19,Other,Adult guidance worker,Civil,Completed,8.77,
Brian Johnson,michaelmaddox@brennan.com,Male,23,Other,General practice doctor,IT,2nd Year,7.38,3+
Jennifer Davis,nruiz@hotmail.com,Male,24,BCA,,Civil,Completed,9.67,1
Curtis Vasquez,williamselizabeth@hotmail.com,Other,20,B.Sc,,CSE,4th Year,6.21,3+
Cassandra Greene,spencer08@wallace.biz,Female,28,B.E,,Electrical,2nd Year,7.94,2
Eric Ryan,hinesrebecca@gilbert.com,Male,20,B.Sc,,Electrical,1st Year,6.4,
Kara Wheeler,richardsbrandy@owens.com,Female,29,BCA,,Mechanical,3rd Year,6.03,2
Patricia Lewis,kristenchurch@hotmail.com,Other,19,M.Tech,,CSE,1st Year,6.41,3+
Ashley Newman,ashley62@gmail.com,Male,21,Other,Higher education lecturer,ECE,3rd Year,8.73,2
Susan Mccall,katherinekelly@hotmail.com,Other,25,M.Tech,,ECE,4th Year,6.62,2
Benjamin Fernandez,tsmith@turner-greer.com,Female,26,B.Tech,,ECE,1st Year,6.71,
Ashley Jefferson,juliamorales@williams.info,Other,27,BCA,,Electrical,2nd Year,7.17,3+
Kathryn Freeman,alexanderlambert@martin.net,Other,22,M.Sc,,ECE,2nd Year,5.22,
Todd Orr,gmontgomery@yahoo.com,Female,27,M.Tech,,CSE,4th Year,9.33,2
Carlos Schaefer,george42@maxwell.biz,Male,21,M.Sc,,Civil,Completed,6.55,2
Diane Sims,jeffery45@brown.com,Other,19,M.Sc,,CSE,Completed,7.65,1
Angelica Henry,kendrapotter@maynard.com,Male,28,BCA,,ECE,4th Year,9.98,
Amanda Khan,jcarroll@curry-foster.com,Other,23,M.Tech,,IT,Completed,7.32,1
Adrian Hunt,mortonandrew@wallace-coleman.org,Other,30,M.Tech,,ECE,4th Year,7.27,3+
Jason Gonzalez,leebarbara@edwards-haley.com,Female,30,B.Tech,,IT,1st Year,7.08,1
Wesley Barker,rodriguezeric@hotmail.com,Male,27,M.Sc,,Civil,4th Year,5.54,3+
Kenneth Hunter,wendy91@sanchez.com,Other,25,MCA,,IT,3rd Year,8.23,1
Vernon Ochoa,tracyjackson@gmail.com,Other,26,B.Tech,,IT,2nd Year,7.79,
Raymond King,lindseyfrost@gmail.com,Male,27,B.Sc,,Civil,1st Year,8.84,1
Brianna Oliver,jon65@robinson.info,Other,24,M.Tech,,CSE,Completed,9.99,
Frank Douglas,autumn17@wells.info,Male,29,Other,Conference centre manager,Civil,3rd Year,8.25,1
Sandra Kramer,bethgutierrez@hotmail.com,Male,25,B.Tech,,Civil,3rd Year,6.04,1
Tammy Leblanc,bautistacharles@rodriguez.info,Female,26,B.Tech,,CSE,1st Year,8.37,
Denise Smith,pdunn@yahoo.com,Other,19,B.E,,IT,1st Year,8.47,2
Melissa Harris,greenlori@gmail.com,Female,20,B.Tech,,Mechanical,2nd Year,6.95,2
Curtis Manning,jacob53@hotmail.com,Male,25,M.Sc,,Mechanical,1st Year,7.32,
Lindsay Martin,christinawilliams@mcgee.com,Male,23,B.Tech,,Civil,1st Year,8.47,3+
Robin Evans,richardyoung@lewis-maynard.com,Male,22,B.E,,CSE,1st Year,6.57,1
Justin Rodriguez,jonathan58@yahoo.com,Male,26,MCA,,Civil,2nd Year,9.4,
Devin Woods,thompsonsarah@goodwin-brown.info,Male,27,M.Sc,,Civil,2nd Year,9.13,3+
Jeffrey Peterson,crossbrittany@duncan-jackson.com,Female,18,Other,Systems analyst,IT,2nd Year,8.78,1
Michael Chan,xcollins@hotmail.com,Other,19,B.E,,IT,2nd Year,9.07,3+
David Ramirez,mphillips@johnson.com,Female,27,M.Sc,,CSE,1st Year,7.89,
Justin Hudson,morganeric@cohen.org,Other,24,M.Tech,,CSE,3rd Year,9.67,3+
Lauren Davis,zhall@diaz-small.info,Female,25,MCA,,Electrical,2nd Year,5.76,2
Ian Nelson,imorrow@adams.biz,Other,30,MCA,,CSE,4th Year,5.15,3+
Roberta James,schwartzmeredith@hotmail.com,Other,27,MCA,,CSE,Completed,5.27,3+
Christine Cain,pattontimothy@gmail.com,Other,25,Other,Hospital doctor,Electrical,1st Year,7.83,2
Andrew Butler,gregoryharris@yahoo.com,Other,27,B.Tech,,IT,3rd Year,8.56,3+
Joseph Jackson,matthew76@gmail.com,Male,29,M.Sc,,CSE,3rd Year,8.14,3+
Eric Davis,kimberlyyoung@gmail.com,Male,24,M.Sc,,Civil,1st Year,8.4,2
Christian Ellis,afowler@yahoo.com,Female,20,BCA,,IT,2nd Year,6.69,3+
Matthew Yoder,qyoung@gmail.com,Female,26,B.E,,Civil,4th Year,9.77,3+
Brooke White,csmith@jones.biz,Female,27,B.E,,Mechanical,1st Year,9.98,3+
Alice Gonzalez,paullittle@zuniga.com,Other,26,M.Sc,,Civil,1st Year,5.02,
Raymond Peck,solomonpatricia@monroe.net,Male,21,MCA,,ECE,2nd Year,9.84,
Rachel Smith,alyssaholland@yahoo.com,Female,22,MCA,,Civil,4th Year,5.11,
Tiffany Williams,meyerjulian@quinn-kelley.com,Male,26,B.Tech,,Electrical,Completed,7.82,1
Carolyn Mahoney,nichole84@gmail.com,Other,25,MCA,,Electrical,Completed,5.7,2
Melanie Miranda,rodriguezmatthew@watts-andrews.com,Male,30,Other,"Engineer, site",IT,1st Year,5.77,2
Kevin Hampton,michael96@johnson-li.info,Other,28,B.Sc,,Mechanical,Completed,6.18,1
Jose Reyes,smithjohn@gmail.com,Female,23,B.Tech,,CSE,3rd Year,8.69,1
Paul Ramos,sherry92@bennett.com,Male,24,M.Tech,,Electrical,2nd Year,8.6,1
Christopher Cochran,walshheather@rodriguez-martin.com,Female,25,B.Tech,,Civil,1st Year,8.96,2
Samantha Ramsey,kellyking@gmail.com,Male,22,B.Sc,,Civil,Completed,7.8,1
Jennifer King,reyesjonathan@turner-wells.net,Other,28,M.Tech,,ECE,2nd Year,8.92,1
Samuel Gilmore,erin65@hotmail.com,Other,18,M.Tech,,CSE,1st Year,5.41,1
Catherine Gonzalez,ocole@moody.com,Male,21,B.Sc,,IT,4th Year,7.19,2
Linda Stevens,thompsondanielle@hotmail.com,Other,23,B.Sc,,ECE,3rd Year,9.7,2
Monica Blevins,randytanner@gmail.com,Other,22,BCA,,Mechanical,1st Year,7.37,2
John Hernandez,wwagner@cohen.com,Male,23,M.Sc,,Mechanical,2nd Year,9.0,3+
John Solomon,dmitchell@hotmail.com,Male,29,B.E,,IT,2nd Year,6.27,1
Donald Perry,ronald27@berry.com,Female,30,B.Sc,,IT,1st Year,9.03,
Brooke Smith,juliemurphy@rios.net,Male,21,BCA,,Electrical,3rd Year,5.4,3+
John Hernandez,wwagner@cohen.com,Male,23,M.Sc,,Mechanical,2nd Year,9.0,3+
Robert West,meganmassey@yahoo.com,Other,27,M.Tech,,Mechanical,4th Year,7.76,1
William Cardenas,harrisrandy@hotmail.com,Other,28,B.E,,IT,1st Year,7.46,1
Susan Le,ojackson@smith.com,Other,26,B.Tech,,Mechanical,2nd Year,8.27,1
Katherine Clay,denisecortez@smith.net,Other,21,MCA,,ECE,4th Year,7.42,2
Shawna Boone,shelley13@foster-lopez.com,Male,30,Other,Writer,IT,Completed,5.27,1
Matthew Yoder,qyoung@gmail.com,Female,26,B.E,,Civil,4th Year,9.77,3+
Nathaniel Herrera,seanhayden@yahoo.com,Female,22,M.Sc,,ECE,2nd Year,5.52,1
Catherine Gonzalez,ocole@moody.com,Male,21,B.Sc,,IT,4th Year,7.19,2
Virginia Friedman,bradleymichael@yahoo.com,Female,21,B.E,,IT,3rd Year,7.04,
Peter Pham,ryan79@hotmail.com,Other,20,M.Tech,,Electrical,1st Year,7.09,2
Devin Woods,thompsonsarah@goodwin-brown.info,Male,27,M.Sc,,Civil,2nd Year,9.13,3+
Omar Greer,powellashley@hill.biz,Male,21,M.Tech,,ECE,1st Year,9.55,3+
Karen Hamilton,bfleming@kirby.com,Male,21,M.Tech,,ECE,Completed,9.14,
Dr. Matthew Henderson,jeffreymorgan@alexander-roberts.com,Male,28,MCA,,Mechanical,1st Year,5.97,2
Frances Oneill,valentineallen@gmail.com,Female,30,B.Sc,,CSE,2nd Year,5.72,
Bethany Navarro,nicholas95@yahoo.com,Other,24,B.E,,Electrical,Completed,9.44,1
Ashley Newman,ashley62@gmail.com,Male,21,Other,Higher education lecturer,ECE,3rd Year,8.73,2
Melanie Miranda,rodriguezmatthew@watts-andrews.com,Male,30,Other,"Engineer, site",IT,1st Year,5.77,2
Todd Schneider,rdean@yahoo.com,Other,27,BCA,,Civil,1st Year,9.4,2
Jeremy Bell,timothy93@evans.com,Other,30,M.Tech,,Mechanical,1st Year,9.87,2
Erin Clark,millerkurt@daugherty.info,Other,19,BCA,,Mechanical,3rd Year,9.84,1
Mikayla Palmer,smithdiana@leach.com,Male,27,Other,"Teacher, English as a foreign language",ECE,4th Year,5.78,2
Linda Davis,xjones@yahoo.com,Female,23,M.Tech,,Civil,4th Year,7.09,
Jackie Carter,shortrichard@dawson.com,Other,22,M.Tech,,IT,3rd Year,8.38,2
Nicole Morales,garnerwilliam@robinson-murray.net,Other,20,Other,Risk manager,CSE,1st Year,8.02,2
Michael Smith,zfreeman@fields.org,Male,23,MCA,,Civil,Completed,7.72,
Joshua Bowen,williamsxavier@curtis.com,Female,19,B.E,,ECE,2nd Year,7.49,1
Billy Mcclain,johnjohnson@hotmail.com,Male,29,Other,Hospital pharmacist,IT,4th Year,6.15,1
Carla Page,gilbertjoanne@davidson.com,Other,22,M.Sc,,ECE,3rd Year,7.43,3+
Ashley Arnold,kyle37@miller-preston.com,Female,28,M.Sc,,Mechanical,3rd Year,6.88,3+
Steven Holland,fpadilla@nguyen-johnson.com,Other,18,BCA,,Electrical,3rd Year,9.56,2
James Howell,anna05@gmail.com,Female,30,BCA,,Mechanical,4th Year,7.52,2
Todd Cherry,sarah93@gmail.com,Female,25,BCA,,ECE,4th Year,9.83,2
Richard Ortiz,leblanclisa@gmail.com,Other,26,B.Sc,,CSE,Completed,9.73,1
Sara Morgan,hsimmons@davis-montoya.com,Male,28,B.E,,Mechanical,2nd Year,9.88,1
Joe Johnson,ysmith@hotmail.com,Male,20,M.Sc,,ECE,Completed,8.13,
Micheal Mcguire,dlawson@hotmail.com,Male,29,B.E,,Civil,1st Year,6.86,3+
Kathy Walker,kimberly97@gmail.com,Male,21,BCA,,ECE,Completed,8.46,3+
Jennifer Rosales,brockdavid@yahoo.com,Other,24,B.E,,CSE,1st Year,8.08,3+
Holly Robinson,klewis@white-cruz.com,Male,25,M.Sc,,IT,3rd Year,9.13,
Melissa Harris,greenlori@gmail.com,Female,20,B.Tech,,Mechanical,2nd Year,6.95,2
Jason Gonzalez,leebarbara@edwards-haley.com,Female,30,B.Tech,,IT,1st Year,7.08,1
Anthony Jimenez,emack@martin.com,Male,19,B.Sc,,Mechanical,4th Year,8.42,3+
William Kane,larry24@gmail.com,Other,20,M.Tech,,Civil,3rd Year,6.41,2
Joshua Rollins,morgan91@gmail.com,Male,21,MCA,,CSE,3rd Year,9.75,3+
James Melendez,peterjames@gmail.com,Female,18,B.Sc,,Electrical,1st Year,8.79,
Alan Robinson,eflynn@hotmail.com,Male,21,B.Tech,,Electrical,3rd Year,9.9,1
Andrew Butler,gregoryharris@yahoo.com,Other,27,B.Tech,,IT,3rd Year,8.56,3+
Daniel Collins,watkinsjanet@yahoo.com,Female,27,B.Tech,,ECE,1st Year,8.86,2
James Acevedo,kroman@holden.biz,Female,28,MCA,,Mechanical,2nd Year,8.41,2
Monique Burns,tammystephens@hotmail.com,Male,25,B.Sc,,CSE,2nd Year,9.3,2
Nicole Mills,phamlucas@yahoo.com,Female,21,B.E,,CSE,1st Year,8.62,1
Raymond King,lindseyfrost@gmail.com,Male,27,B.Sc,,Civil,1st Year,8.84,1
Michael Sanchez,michael64@davis-hoffman.com,Female,19,B.Tech,,Civil,1st Year,9.24,3+
Vanessa Horn,thompsonmary@hotmail.com,Other,26,B.Sc,,ECE,1st Year,9.33,2
Carmen Owen,kaitlynwebb@baker-flowers.com,Female,25,M.Tech,,CSE,4th Year,7.83,
Sandra Kramer,bethgutierrez@hotmail.com,Male,25,B.Tech,,Civil,3rd Year,6.04,1
Alexandria Townsend,uprince@lopez.net,Male,19,B.Tech,,Electrical,3rd Year,9.94,1
Antonio Wood,joshua80@maxwell.com,Other,26,B.Tech,,Civil,3rd Year,9.68,1
Adrian Hunt,mortonandrew@wallace-coleman.org,Other,30,M.Tech,,ECE,4th Year,7.27,3+
Emily Jones,jennifer94@gmail.com,Other,20,B.E,,IT,2nd Year,5.07,1
Michael Hester,cwilliams@hotmail.com,Other,19,Other,Structural engineer,ECE,2nd Year,7.7,1
Robert Rocha,johnanderson@farley.com,Female,21,Other,Air broker,Electrical,Completed,8.69,1
Joshua Chan,ihunt@olson.com,Other,24,MCA,,CSE,4th Year,6.05,2
Amanda Garrett,samuel97@lopez-johns.com,Male,19,MCA,,IT,4th Year,6.69,2
Ashley West,jasonmorgan@simpson.info,Other,18,M.Sc,,IT,2nd Year,7.67,3+
Melissa Barron,taylorkelley@hotmail.com,Other,24,BCA,,Mechanical,1st Year,5.33,
Shelby Mendoza,ianowens@anderson.org,Male,21,MCA,,CSE,3rd Year,7.7,1
Natalie Lara,nthompson@morris-miller.net,Other,29,B.Sc,,IT,3rd Year,5.04,1
Gary House,earl32@hotmail.com,Other,18,B.E,,IT,Completed,9.0,1
Debra Moore,joel02@hotmail.com,Female,26,M.Tech,,Electrical,2nd Year,9.33,2
Justin Mckenzie,fritzjames@gray.com,Other,21,Other,Counselling psychologist,Civil,3rd Year,9.72,1
Henry Murphy,todd88@lowe.org,Female,30,BCA,,IT,3rd Year,6.09,1
Kyle Escobar,ericksonstacey@wagner.com,Other,27,MCA,,ECE,3rd Year,5.37,2
Regina Peck,loganmoran@hawkins.org,Female,19,MCA,,IT,2nd Year,9.36,
Elizabeth Arnold,nrice@woods-morris.info,Female,30,B.Tech,,IT,3rd Year,6.15,
Holly Young,xmiller@yahoo.com,Male,28,M.Sc,,CSE,1st Year,6.61,1
Kevin Hampton,michael96@johnson-li.info,Other,28,B.Sc,,Mechanical,Completed,6.18,1
Curtis Vasquez,williamselizabeth@hotmail.com,Other,20,B.Sc,,CSE,4th Year,6.21,3+
Curtis Vasquez,williamselizabeth@hotmail.com,Other,20,B.Sc,,CSE,4th Year,6.21,3+
Lauren Thompson,cheryl99@riley-gutierrez.biz,Other,18,M.Sc,,Mechanical,2nd Year,6.34,
Heather Ross,grahamkyle@yahoo.com,Male,24,B.Tech,,Civil,1st Year,6.26,
Michael Gomez,micheleliu@yahoo.com,Male,21,B.Tech,,Mechanical,2nd Year,5.46,
Brandon Mccormick,nhayes@hotmail.com,Female,21,B.E,,IT,4th Year,7.48,3+
Brenda Nguyen,joseph14@hotmail.com,Other,24,M.Sc,,CSE,2nd Year,7.78,1
Charles Mueller,mooremelanie@black.net,Female,22,MCA,,Electrical,3rd Year,9.56,3+
Regina Peck,loganmoran@hawkins.org,Female,19,MCA,,IT,2nd Year,9.36,
Megan Norman,xjordan@grant-martinez.com,Other,25,M.Tech,,Mechanical,3rd Year,9.63,2
James Perkins,jasminesantos@davis.info,Male,18,B.Tech,,IT,4th Year,6.51,1
Clayton Turner,victorgibbs@roberts.biz,Female,22,B.E,,CSE,1st Year,6.0,3+
Gary Ellis,haletanya@gmail.com,Other,25,MCA,,Electrical,2nd Year,7.31,
Emily Moore,katelyn66@hotmail.com,Female,24,B.E,,Electrical,4th Year,9.74,3+
Andre Mills,powelljason@simon.com,Female,25,Other,Biomedical scientist,ECE,3rd Year,8.63,3+
Clayton Turner,victorgibbs@roberts.biz,Female,22,B.E,,CSE,1st Year,6.0,3+
Timothy Kennedy,jessica94@nichols.com,Other,18,B.E,,CSE,4th Year,5.64,2
Brenda Chapman,abowers@thomas.net,Other,23,MCA,,Civil,3rd Year,6.67,
Robert Rocha,johnanderson@farley.com,Female,21,Other,Air broker,Electrical,Completed,8.69,1
Jason Davis,tammy09@gross.com,Female,27,B.Sc,,IT,Completed,7.37,3+
Maria Villegas,patricia53@martin.biz,Male,19,Other,Records manager,CSE,4th Year,8.29,3+
Robert Goodwin,billyfritz@gmail.com,Female,19,B.Tech,,Mechanical,2nd Year,5.68,2
Michael Gardner,ericgriffin@robertson.net,Other,18,M.Tech,,Civil,2nd Year,7.75,3+
Stephanie Becker,ksmith@gmail.com,Male,21,Other,"Accountant, chartered",CSE,2nd Year,6.56,2
Dean Greene,gordon05@george-christensen.biz,Male,29,B.Sc,,Civil,1st Year,9.48,1
Brenda Chapman,abowers@thomas.net,Other,23,MCA,,Civil,3rd Year,6.67,
Karen Hogan,cwilliams@rodriguez.com,Male,24,M.Sc,,IT,4th Year,8.84,
Adam Beck,elarson@owens-mitchell.com,Male,25,M.Tech,,IT,Completed,5.72,2
Miranda Conrad,jackyoung@gmail.com,Female,27,B.E,,Mechanical,Completed,7.0,3+
Cynthia Parker,pattongary@kelly.com,Female,25,B.E,,Mechanical,1st Year,8.59,3+
Abigail Griffin,vanderson@rodriguez-ramirez.com,Male,30,B.Tech,,ECE,1st Year,8.98,
Brent Bennett,odixon@fields.org,Female,21,MCA,,IT,1st Year,9.42,1
Donna Wallace,tracychen@cardenas.com,Female,27,B.Tech,,CSE,4th Year,8.11,
Andrew Hampton,carl06@logan.com,Other,23,M.Sc,,Civil,3rd Year,8.53,2
Lisa Zhang,kerri90@trevino.com,Female,22,Other,Politician's assistant,IT,1st Year,7.3,
Shannon Sosa,gonzalezcatherine@gomez-davis.net,Other,26,M.Sc,,Mechanical,1st Year,9.79,
Matthew Martinez,samanthalewis@gmail.com,Female,25,M.Sc,,Electrical,Completed,7.02,1
Dana Robinson,leedrake@gilbert-keith.com,Other,22,M.Tech,,ECE,3rd Year,8.1,
Katrina Frye,morrisamanda@ramos.com,Other,19,M.Tech,,IT,Completed,6.2,3+
Michael Chapman,jeffreymejia@yahoo.com,Other,24,Other,"Designer, ceramics/pottery",ECE,4th Year,8.82,3+
Anthony Warren,amygutierrez@yahoo.com,Male,27,B.Sc,,Mechanical,2nd Year,9.37,3+
Lindsay Martin,christinawilliams@mcgee.com,Male,23,B.Tech,,Civil,1st Year,8.47,3+
Jacqueline David,meganmendoza@gmail.com,Other,28,B.Sc,,IT,4th Year,6.44,
David Baker,tylerstevenson@hotmail.com,Male,30,M.Tech,,Mechanical,2nd Year,9.63,
Erica Brooks,kyle93@gomez.net,Other,21,B.Tech,,CSE,4th Year,8.59,3+
Justin Oneal,michellerodgers@gamble.org,Other,21,BCA,,ECE,1st Year,5.71,1
Mary Cohen,armstrongjill@hotmail.com,Other,18,B.Sc,,ECE,1st Year,6.57,1
David Williams,chall@wise-barton.biz,Female,23,B.E,,IT,2nd Year,8.03,1
Adrian Ward,carol53@hotmail.com,Male,21,B.Tech,,ECE,4th Year,5.54,
Michael Goodwin,yphillips@hotmail.com,Other,26,B.E,,CSE,3rd Year,8.64,1
Carlos Hoover,thomascarpenter@matthews.com,Female,20,BCA,,CSE,2nd Year,6.05,
Jason Rodriguez,christinapotts@hotmail.com,Female,25,BCA,,Mechanical,1st Year,9.15,2
Taylor Reyes,madisonmartinez@yahoo.com,Male,29,B.E,,CSE,2nd Year,8.33,
Deborah Lewis,warrenjacob@yahoo.com,Female,20,M.Sc,,Electrical,Completed,8.78,1
Michele Robles,joannsmith@yahoo.com,Other,24,B.Tech,,IT,Completed,9.3,
Michele Wilson,meganmoreno@patterson-stevens.com,Female,29,B.E,,IT,2nd Year,9.42,3+
Kathy Walker,kimberly97@gmail.com,Male,21,BCA,,ECE,Completed,8.46,3+
Jennifer Torres,michaelkim@spencer-hunter.com,Female,25,Other,Film/video editor,ECE,4th Year,6.11,1
Charles Allen,scott40@gmail.com,Other,18,B.Tech,,ECE,2nd Year,7.25,3+
Samantha Brown,zachary37@hotmail.com,Other,26,BCA,,CSE,2nd Year,6.92,2
Shirley Gonzalez,wwood@yahoo.com,Other,23,Other,Ceramics designer,Electrical,1st Year,7.92,3+
Charles Johnson,nmora@short-hernandez.com,Male,29,M.Tech,,Mechanical,3rd Year,8.18,1
Kelly Duncan,romanelizabeth@yahoo.com,Male,26,Other,Financial manager,CSE,4th Year,6.22,1
Richard Garrett,ireed@gmail.com,Male,25,M.Tech,,Mechanical,2nd Year,8.95,1
Susan Le,daniel91@carr.org,Female,29,M.Sc,,Electrical,4th Year,6.62,2
Tiffany Smith,cynthia52@cook.com,Male,28,B.Tech,,Mechanical,1st Year,8.79,1
Toni Brennan,claudia98@yahoo.com,Female,23,MCA,,Civil,3rd Year,8.48,3+
Kelly Conley,patricia72@gmail.com,Other,27,B.Sc,,Civil,Completed,5.76,3+
Nancy Rodriguez,nicholas25@hotmail.com,Male,27,MCA,,CSE,4th Year,5.52,2
Patrick Davis,kaylarobertson@hotmail.com,Other,29,Other,Herbalist,ECE,4th Year,5.61,
Erica Moore,mary08@atkinson.com,Other,22,M.Sc,,IT,4th Year,5.47,3+
Erin Hammond,emilymontgomery@hotmail.com,Female,24,B.Tech,,CSE,Completed,6.02,
Amy Herrera,david13@gmail.com,Other,19,BCA,,Civil,Completed,6.16,
Dean Greene,gordon05@george-christensen.biz,Male,29,B.Sc,,Civil,1st Year,9.48,1
Jeffrey Yang,wanda78@gmail.com,Other,23,B.Sc,,Electrical,1st Year,5.43,2
Richard Ortiz,leblanclisa@gmail.com,Other,26,B.Sc,,CSE,Completed,9.73,1
Ashley Jefferson,juliamorales@williams.info,Other,27,BCA,,Electrical,2nd Year,7.17,3+
Jacqueline Long,raymondweber@yahoo.com,Female,30,B.Tech,,Mechanical,2nd Year,8.52,
Elizabeth Watson,sanderson@smith.com,Other,21,MCA,,ECE,1st Year,6.93,2
Krystal Clark,bonniecunningham@yahoo.com,Other,30,Other,Recruitment consultant,Electrical,Completed,6.83,2
Steven Thomas,lisa53@hotmail.com,Other,29,Other,Clinical cytogeneticist,Civil,2nd Year,9.53,2
Joseph Curry,robertsharp@tyler.org,Female,26,BCA,,Civil,3rd Year,5.79,2
Lance Cooke,vcampbell@yahoo.com,Male,25,B.E,,Electrical,Completed,8.36,
Christopher Brown,kellycampos@gmail.com,Female,20,M.Tech,,Mechanical,3rd Year,7.52,1
Brent Bennett,odixon@fields.org,Female,21,MCA,,IT,1st Year,9.42,1
Troy Erickson,bromero@watson.net,Male,25,B.Tech,,Electrical,3rd Year,5.67,2
Roberta Davies,danielsbrett@rojas-edwards.com,Female,18,BCA,,ECE,2nd Year,8.99,
Chris Myers,donna53@hotmail.com,Female,30,B.Tech,,CSE,4th Year,5.32,
Stephen Wade,nmoreno@carlson.com,Other,27,B.Tech,,ECE,4th Year,9.64,1
Natalie Lara,nthompson@morris-miller.net,Other,29,B.Sc,,IT,3rd Year,5.04,1
Jason Maldonado,youngmike@young-murray.org,Female,29,B.E,,Electrical,1st Year,9.92,
Adrian Hunt,mortonandrew@wallace-coleman.org,Other,30,M.Tech,,ECE,4th Year,7.27,3+
David Garcia,contreraskatie@gmail.com,Male,21,Other,Product manager,IT,4th Year,9.1,2
Brian Velazquez,vandrews@gmail.com,Male,21,M.Sc,,Mechanical,4th Year,8.08,1
Terrence Velasquez,jjohns@ramos.com,Other,28,Other,Control and instrumentation engineer,Mechanical,4th Year,9.77,
Cindy Brown,williamsjessica@hotmail.com,Male,22,Other,Oceanographer,Electrical,1st Year,6.96,3+
Laura Keller,barbara07@schroeder.com,Male,28,Other,Customer service manager,Electrical,Completed,7.37,1
Erica Crawford,williamlawson@massey-taylor.com,Male,22,B.Sc,,CSE,1st Year,9.27,1
Debra Shaw,connieharris@levy.com,Female,26,MCA,,ECE,2nd Year,9.85,
Debra Peterson,weaverjason@todd-rasmussen.net,Female,21,B.Tech,,Mechanical,1st Year,5.14,1
Marie Parker,phogan@jackson-higgins.com,Female,19,B.E,,ECE,2nd Year,9.57,3+
Sarah Daniel,carrjennifer@yahoo.com,Other,21,B.Tech,,CSE,1st Year,8.61,2
Yvonne Freeman,craig87@wilson.biz,Other,22,B.E,,Mechanical,4th Year,8.58,2
Scott Phillips,jennifer69@gmail.com,Other,19,M.Sc,,Civil,2nd Year,5.17,
Joshua Soto,lorismith@hotmail.com,Male,21,M.Tech,,ECE,4th Year,8.95,3+
Kathleen Murphy,lynn98@hotmail.com,Other,22,MCA,,Civil,3rd Year,6.34,
John Roberts,nhendricks@yahoo.com,Female,23,B.E,,ECE,1st Year,9.66,1
Anthony Reese,kevin99@anthony-berry.com,Male,25,B.E,,Electrical,4th Year,5.83,3+
Alex Villanueva,walkerjasmine@wright.biz,Female,26,MCA,,Mechanical,1st Year,9.52,1
Andrea Elliott,twhite@salazar.info,Female,23,M.Tech,,Civil,1st Year,8.39,
Mr. Zachary Green,cbrown@walters.com,Male,18,M.Tech,,Civil,4th Year,6.35,1
Jennifer Rosales,brockdavid@yahoo.com,Other,24,B.E,,CSE,1st Year,8.08,3+
Lindsay Grimes,rfranklin@nguyen.com,Other,20,B.Sc,,IT,2nd Year,9.63,2
Crystal Nixon,davidconrad@yahoo.com,Other,27,MCA,,ECE,1st Year,5.65,3+
Jason Franklin,matthew80@mendoza.com,Other,21,B.E,,Mechanical,3rd Year,7.34,2
Joseph Curry,robertsharp@tyler.org,Female,26,BCA,,Civil,3rd Year,5.79,2
Alice Gonzalez,paullittle@zuniga.com,Other,26,M.Sc,,Civil,1st Year,5.02,
Marilyn Perez,elizabethgarner@gmail.com,Female,23,Other,Advertising art director,Electrical,Completed,6.02,1
Lisa Velazquez,toddchung@henry-lane.com,Male,27,B.E,,CSE,1st Year,7.72,1
Laura Keller,barbara07@schroeder.com,Male,28,Other,Customer service manager,Electrical,Completed,7.37,1
Jason Ayala,kim99@huynh-jacobs.com,Female,21,B.Sc,,Mechanical,4th Year,5.23,1
Desiree Steele,andersonkristina@wade.biz,Other,26,M.Sc,,Mechanical,3rd Year,9.22,3+
Katherine Clay,denisecortez@smith.net,Other,21,MCA,,ECE,4th Year,7.42,2
Timothy Rose,amandarivera@gmail.com,Female,29,MCA,,CSE,1st Year,9.96,1
Diane Sims,jeffery45@brown.com,Other,19,M.Sc,,CSE,Completed,7.65,1
Amber Arias,wanda25@phillips.com,Other,18,MCA,,Civil,2nd Year,8.38,
Eric Frost,larry35@gmail.com,Other,25,M.Tech,,ECE,Completed,7.4,1
Margaret Wilkinson,athompson@nguyen.info,Other,18,BCA,,ECE,Completed,9.06,
Erin Clark,millerkurt@daugherty.info,Other,19,BCA,,Mechanical,3rd Year,9.84,1
Xavier Mccann,rhampton@yahoo.com,Male,24,Other,Social worker,Mechanical,4th Year,6.6,1
Nancy Brooks,thomas31@hotmail.com,Female,28,B.E,,ECE,3rd Year,9.9,
Michael Smith,zfreeman@fields.org,Male,23,MCA,,Civil,Completed,7.72,
John Hernandez,wwagner@cohen.com,Male,23,M.Sc,,Mechanical,2nd Year,9.0,3+
Heidi Fisher,vincentcruz@dudley-jenkins.net,Female,23,Other,Theatre stage manager,CSE,1st Year,6.96,
Penny Mitchell,patricksimpson@sandoval.com,Other,29,M.Sc,,Electrical,1st Year,7.46,1
Adam Martin,heidistanley@howell.com,Other,24,M.Sc,,IT,2nd Year,8.22,2
Victoria Sutton,julie41@austin.com,Other,27,B.Tech,,ECE,2nd Year,8.26,1
Michael Lee,evankim@hotmail.com,Female,25,Other,"Sales professional, IT",Electrical,1st Year,7.49,1
Dr. John Galvan,wmartin@davis-aguilar.com,Other,23,MCA,,IT,3rd Year,9.54,1
Ashley Newman,ashley62@gmail.com,Male,21,Other,Higher education lecturer,ECE,3rd Year,8.73,2
Adam Martin,heidistanley@howell.com,Other,24,M.Sc,,IT,2nd Year,8.22,2
Michael Chan,xcollins@hotmail.com,Other,19,B.E,,IT,2nd Year,9.07,3+
Carolyn Smith,athomas@yahoo.com,Other,25,B.Tech,,Civil,Completed,7.41,3+
Gary Ellis,haletanya@gmail.com,Other,25,MCA,,Electrical,2nd Year,7.31,
Heidi Brooks,mayrobert@jones-allen.com,Male,28,BCA,,Civil,2nd Year,6.31,2
Troy Merritt,nguyenjoshua@hotmail.com,Other,27,Other,Jewellery designer,Electrical,2nd Year,8.92,
Kelly Terry,klee@vasquez-johnson.info,Female,27,BCA,,CSE,1st Year,8.05,3+
Jennifer Rivera,melendezdale@gmail.com,Other,30,M.Sc,,ECE,3rd Year,6.95,
Kelli Jones,alexander19@mercado.com,Female,20,Other,Chartered accountant,Civil,1st Year,8.19,
Casey Nguyen,ndyer@turner-leon.com,Other,26,B.E,,Civil,1st Year,7.8,
James Mccarty,gbates@yahoo.com,Female,18,B.Tech,,CSE,3rd Year,7.47,
Gerald Campbell,davidsmith@yahoo.com,Female,19,B.Sc,,ECE,2nd Year,7.27,2
Cody Sims,jerrygreen@foley-cox.com,Female,25,B.E,,IT,2nd Year,6.4,2
Jeffrey Ramirez,obooth@bishop.com,Other,27,MCA,,ECE,2nd Year,7.23,2
Heidi Fisher,vincentcruz@dudley-jenkins.net,Female,23,Other,Theatre stage manager,CSE,1st Year,6.96,
Larry Bowers,lori52@gmail.com,Other,24,M.Tech,,Electrical,4th Year,6.06,3+
Michael Adams,katie76@gmail.com,Female,20,M.Tech,,Mechanical,4th Year,8.9,3+
Cody Sims,jerrygreen@foley-cox.com,Female,25,B.E,,IT,2nd Year,6.4,2
Linda Davis,xjones@yahoo.com,Female,23,M.Tech,,Civil,4th Year,7.09,
Isaac Vargas,xgonzalez@yahoo.com,Other,29,B.Tech,,CSE,2nd Year,6.93,
Christopher Richmond,wilsonjoseph@galvan.com,Other,27,B.Tech,,Civil,2nd Year,6.04,1
Nicole Sharp,omiranda@rush.com,Other,24,BCA,,Mechanical,2nd Year,9.78,1
Michael Chan,xcollins@hotmail.com,Other,19,B.E,,IT,2nd Year,9.07,3+
Jeremy Hansen,ashleyjones@gmail.com,Female,23,B.Sc,,IT,4th Year,7.01,2
Anthony Cummings,hayespatrick@yahoo.com,Female,23,Other,Homeopath,Electrical,1st Year,6.09,1
Mark Oconnor,rogersbrandon@johnson-bradley.com,Female,27,M.Tech,,Civil,3rd Year,8.5,
Jonathan Ramirez,catherinewalker@hotmail.com,Male,20,M.Tech,,Electrical,2nd Year,9.64,1
Katrina Frye,morrisamanda@ramos.com,Other,19,M.Tech,,IT,Completed,6.2,3+
Richard Tran,ggregory@gmail.com,Other,22,B.Tech,,Electrical,2nd Year,7.7,2
Rebecca Mckinney,johncaldwell@schmitt.com,Female,25,B.Tech,,Electrical,Completed,8.59,3+
Brian Williams,pricelaura@mckenzie.net,Male,21,M.Sc,,IT,4th Year,5.93,3+
Jessica Jackson,carlosenglish@perez.com,Female,19,Other,Adult guidance worker,Civil,Completed,8.77,
Wayne Marshall,patrickgriffith@boyd.com,Other,30,M.Tech,,Electrical,3rd Year,6.44,3+
Michael Sanchez,michael64@davis-hoffman.com,Female,19,B.Tech,,Civil,1st Year,9.24,3+
David Jenkins,wallacemichael@butler-wright.com,Female,19,M.Sc,,Civil,1st Year,6.75,
Jackie Carter,shortrichard@dawson.com,Other,22,M.Tech,,IT,3rd Year,8.38,2
Andrew Stanley,vmolina@reyes.info,Other,19,MCA,,Electrical,4th Year,5.82,1
Elaine Smith,jasmine11@hotmail.com,Female,28,BCA,,Mechanical,1st Year,6.13,3+
Jonathan Alexander,duncantim@hotmail.com,Male,24,MCA,,Electrical,4th Year,7.46,2
Anthony Jimenez,emack@martin.com,Male,19,B.Sc,,Mechanical,4th Year,8.42,3+
Corey Salinas,xlam@bautista.com,Female,21,Other,"Research officer, political party",IT,1st Year,6.75,3+
Miss Joanna Matthews,christinehaley@yahoo.com,Female,21,B.Tech,,Mechanical,1st Year,9.82,
Lance Cooke,vcampbell@yahoo.com,Male,25,B.E,,Electrical,Completed,8.36,
Cindy Holland,houstonmary@mcdonald.com,Other,21,M.Sc,,Civil,1st Year,6.1,3+
Sarah Daniel,carrjennifer@yahoo.com,Other,21,B.Tech,,CSE,1st Year,8.61,2
Jennifer Glass,james72@gmail.com,Male,22,BCA,,Mechanical,4th Year,9.1,
Jason Robinson,stephenrivera@hotmail.com,Female,23,MCA,,Mechanical,1st Year,9.1,3+
Michael Johnson,jessicachen@richards.com,Other,24,MCA,,CSE,2nd Year,5.44,3+
Nancy Brooks,thomas31@hotmail.com,Female,28,B.E,,ECE,3rd Year,9.9,
Jessica Cook,wdavis@jones.com,Other,22,B.Sc,,CSE,4th Year,9.05,2
Deanna Shepherd,crosszachary@hotmail.com,Male,19,BCA,,Electrical,4th Year,9.83,1
Miss Karina Pearson,fwong@hotmail.com,Other,27,B.Tech,,Electrical,4th Year,8.8,
Kevin Webb,kevinmcneil@miller-morton.com,Male,30,B.Sc,,Electrical,4th Year,6.55,2
Edward Estrada,kathymccall@pham.com,Other,21,BCA,,Electrical,1st Year,8.22,2
Edward Walker,eric90@gmail.com,Male,23,M.Sc,,Electrical,4th Year,6.8,2
Julie Wilkerson,kristinmoore@cervantes.com,Female,21,BCA,,CSE,Completed,8.98,2
Amanda Fisher,charles61@yahoo.com,Other,19,M.Tech,,Electrical,2nd Year,6.84,2
Dawn Kim,brendastewart@yahoo.com,Other,24,M.Tech,,Electrical,2nd Year,9.84,2
Raymond Peck,solomonpatricia@monroe.net,Male,21,MCA,,ECE,2nd Year,9.84,
Samuel Gilmore,erin65@hotmail.com,Other,18,M.Tech,,CSE,1st Year,5.41,1
Martin Howard,paul29@young.com,Female,29,M.Sc,,Mechanical,1st Year,6.11,
Christopher Cochran,walshheather@rodriguez-martin.com,Female,25,B.Tech,,Civil,1st Year,8.96,2
Jamie Reese,jessicadickson@perez-rodriguez.com,Male,25,BCA,,Civil,1st Year,8.86,2
James Olson,erin30@barrera-guzman.net,Male,21,B.E,,Mechanical,Completed,8.89,3+
Timothy White,dcarter@smith.com,Female,19,B.E,,Mechanical,1st Year,7.93,1
Michael Sanchez,michael64@davis-hoffman.com,Female,19,B.Tech,,Civil,1st Year,9.24,3+
Andrew Hampton,carl06@logan.com,Other,23,M.Sc,,Civil,3rd Year,8.53,2
Sarah Daniel,carrjennifer@yahoo.com,Other,21,B.Tech,,CSE,1st Year,8.61,2
Rebecca Ingram,ysanford@hotmail.com,Other,21,M.Tech,,IT,3rd Year,6.59,3+
Angela Curtis,brandtsally@hotmail.com,Other,19,B.Sc,,Electrical,2nd Year,9.55,
Adrian Ward,carol53@hotmail.com,Male,21,B.Tech,,ECE,4th Year,5.54,
Paige White,sandra12@yahoo.com,Other,18,BCA,,Civil,2nd Year,7.66,
Richard Ortiz,leblanclisa@gmail.com,Other,26,B.Sc,,CSE,Completed,9.73,1
Glenn Smith,danny66@yahoo.com,Other,29,M.Tech,,ECE,Completed,9.99,1
Shari Garcia,dustin21@yahoo.com,Other,30,MCA,,Electrical,3rd Year,9.92,3+
Melanie Johnson,crystalcastaneda@hotmail.com,Male,25,B.E,,Mechanical,2nd Year,5.28,3+
Cynthia Santos,melissaskinner@gmail.com,Male,27,BCA,,Electrical,1st Year,6.68,2
Joseph Pierce,savannah49@gmail.com,Female,26,BCA,,ECE,1st Year,7.17,3+
Andrea Gibson,johnsonjoseph@hart-hayes.net,Other,23,B.Tech,,Mechanical,3rd Year,7.83,2
Scott Cole,jedwards@hansen-freeman.org,Other,24,M.Tech,,CSE,3rd Year,8.89,
Lisa Davis,mistyanderson@sanders.com,Female,21,M.Tech,,CSE,1st Year,5.39,2
Brian Velazquez,vandrews@gmail.com,Male,21,M.Sc,,Mechanical,4th Year,8.08,1
Dawn Kim,brendastewart@yahoo.com,Other,24,M.Tech,,Electrical,2nd Year,9.84,2
Lori Hill,wilsonsara@hotmail.com,Male,24,B.E,,CSE,2nd Year,9.56,1
James Acevedo,kroman@holden.biz,Female,28,MCA,,Mechanical,2nd Year,8.41,2
John Porter,petersonlogan@hotmail.com,Other,23,Other,"Designer, fashion/clothing",Civil,3rd Year,6.71,2
Phillip Huerta,joseph85@cruz.net,Female,19,M.Sc,,IT,3rd Year,6.51,2
Jonathan Holder,jasonalvarado@richardson.com,Male,20,B.E,,Civil,1st Year,5.65,1
Nancy Horton,catherine75@patterson.com,Male,22,M.Tech,,Mechanical,Completed,8.96,2
James Melendez,peterjames@gmail.com,Female,18,B.Sc,,Electrical,1st Year,8.79,
Steven Miranda,matthewponce@hotmail.com,Other,21,B.E,,Electrical,3rd Year,6.22,3+
Christopher Warner,upowell@carrillo-martin.biz,Male,30,M.Sc,,Civil,4th Year,9.37,3+
Jessica Jackson,carlosenglish@perez.com,Female,19,Other,Adult guidance worker,Civil,Completed,8.77,
Frank King,philipphillips@terrell.com,Male,23,BCA,,Electrical,2nd Year,8.42,3+
Jose Shaffer,mortonzachary@anderson.org,Female,23,Other,"Scientist, clinical (histocompatibility and immunogenetics)",ECE,4th Year,6.87,1
Benjamin Fernandez,tsmith@turner-greer.com,Female,26,B.Tech,,ECE,1st Year,6.71,
Heather Farmer,destinyburgess@morgan.info,Male,19,B.E,,ECE,1st Year,7.79,3+
Amber Riley,rushchristopher@hotmail.com,Female,25,B.Tech,,Civil,1st Year,8.11,3+
Ian Nelson,imorrow@adams.biz,Other,30,MCA,,CSE,4th Year,5.15,3+
Elizabeth Arnold,nrice@woods-morris.info,Female,30,B.Tech,,IT,3rd Year,6.15,
Scott Contreras,sarah38@steele.net,Other,29,MCA,,Electrical,3rd Year,7.03,1
Dr. Linda Beck,samuellarson@williams.net,Other,29,B.Sc,,Civil,4th Year,9.2,2
Amanda Williams,ewalker@sanders-wilson.biz,Other,20,MCA,,Mechanical,4th Year,7.33,
Jonathan Alexander,duncantim@hotmail.com,Male,24,MCA,,Electrical,4th Year,7.46,2
Dean Greene,gordon05@george-christensen.biz,Male,29,B.Sc,,Civil,1st Year,9.48,1
Heather Richard,brianna30@chang-evans.net,Male,26,BCA,,CSE,3rd Year,6.02,
Shannon Sosa,gonzalezcatherine@gomez-davis.net,Other,26,M.Sc,,Mechanical,1st Year,9.79,
Pamela Carr,ujones@gmail.com,Other,20,BCA,,IT,Completed,5.47,
Paige White,sandra12@yahoo.com,Other,18,BCA,,Civil,2nd Year,7.66,
Margaret Freeman,jasonpearson@gmail.com,Female,20,MCA,,Mechanical,2nd Year,5.84,2
Douglas Barrera,kevinmyers@williams-davis.com,Female,26,Other,"Engineer, energy",Mechanical,1st Year,7.3,
Lisa Velazquez,toddchung@henry-lane.com,Male,27,B.E,,CSE,1st Year,7.72,1
Heather Cruz,vangmonique@jones.info,Male,19,B.E,,Electrical,1st Year,5.26,1
Madison Walters,ronaldlittle@rodriguez.biz,Female,21,M.Tech,,CSE,1st Year,6.34,2
Susan Murphy,brandylynch@thomas-hughes.info,Male,23,M.Tech,,Civil,3rd Year,8.13,2
Michael Pacheco,ynorris@rosales-gilbert.com,Male,27,M.Sc,,CSE,2nd Year,7.45,
Elizabeth Watson,sanderson@smith.com,Other,21,MCA,,ECE,1st Year,6.93,2
Lisa Phillips,hallcynthia@miller.org,Male,28,MCA,,IT,3rd Year,8.38,3+
Benjamin Stone,richardcooper@hotmail.com,Other,20,M.Tech,,Mechanical,1st Year,9.17,
Rebecca Mckinney,johncaldwell@schmitt.com,Female,25,B.Tech,,Electrical,Completed,8.59,3+
Victoria Solomon,laurahunt@williams-holland.org,Female,20,BCA,,Electrical,4th Year,6.2,
Jennifer Waters,fharvey@miller.org,Male,23,BCA,,IT,2nd Year,7.59,
Lindsay Thompson,romerogina@martinez.biz,Female,18,M.Sc,,IT,4th Year,9.6,1
Chelsea Collins,thopkins@long.com,Other,25,B.Sc,,Electrical,2nd Year,5.57,3+
Jeffrey Yang,wanda78@gmail.com,Other,23,B.Sc,,Electrical,1st Year,5.43,2
Cynthia Green,debbie63@miller-pearson.com,Female,28,M.Sc,,Mechanical,1st Year,6.47,2
Nicole Johnson,qnewton@hotmail.com,Male,30,Other,Press sub,IT,2nd Year,7.24,
Jason Castillo,hutchinsonnatalie@yahoo.com,Other,25,M.Sc,,Civil,4th Year,5.0,1
Victoria Solomon,laurahunt@williams-holland.org,Female,20,BCA,,Electrical,4th Year,6.2,
Linda Davis,xjones@yahoo.com,Female,23,M.Tech,,Civil,4th Year,7.09,
Lance Cooke,vcampbell@yahoo.com,Male,25,B.E,,Electrical,Completed,8.36,
Andrew Butler,gregoryharris@yahoo.com,Other,27,B.Tech,,IT,3rd Year,8.56,3+
Gary House,earl32@hotmail.com,Other,18,B.E,,IT,Completed,9.0,1
Jacob Parker,megan33@sparks.com,Male,18,B.Sc,,CSE,1st Year,6.09,3+
Kenneth Hunter,wendy91@sanchez.com,Other,25,MCA,,IT,3rd Year,8.23,1
Sean Chavez,alyssa39@yahoo.com,Female,27,B.Tech,,ECE,2nd Year,6.71,2
Christopher Johnson,ostewart@hotmail.com,Female,18,MCA,,Civil,4th Year,7.79,2
Brittany Roberts,jacksonmary@odonnell-ferguson.com,Female,20,Other,Retail banker,ECE,3rd Year,9.45,
Jennifer Lopez,rodriguezmatthew@lee.net,Female,27,MCA,,Mechanical,1st Year,9.94,1
Alyssa Cameron,jacksonjose@sanchez.com,Female,18,B.Tech,,IT,2nd Year,7.07,2
Lisa Rivas,vlopez@yahoo.com,Other,23,M.Tech,,Civil,4th Year,7.64,
James Schmidt,dylan26@yahoo.com,Other,26,B.Tech,,ECE,4th Year,9.81,
Maria Schneider,laurahoward@barry-estrada.info,Male,28,BCA,,ECE,2nd Year,8.1,1
Erik Rogers,wbright@yahoo.com,Male,24,B.Sc,,Electrical,3rd Year,7.99,
Joshua Jensen,adam66@woods-small.com,Male,22,B.E,,ECE,1st Year,5.72,
Jason Franklin,matthew80@mendoza.com,Other,21,B.E,,Mechanical,3rd Year,7.34,2
Rachel Sanchez DDS,hday@yahoo.com,Other,23,MCA,,IT,1st Year,8.22,2
Jeanne Cohen,carolwagner@williams-wright.biz,Male,24,B.E,,Civil,2nd Year,8.26,3+
Deanna Shepherd,crosszachary@hotmail.com,Male,19,BCA,,Electrical,4th Year,9.83,1
Jennifer Lee,chandlertoni@lucas-stephens.org,Female,23,Other,Passenger transport manager,Civil,3rd Year,6.21,2
Michael Harrison,veronicaryan@blanchard.com,Other,28,M.Sc,,CSE,1st Year,5.06,3+
Amy Ingram,hartgerald@scott-murray.biz,Other,23,Other,International aid/development worker,IT,1st Year,6.67,2
Anna Baker,ricardo09@gomez.com,Female,26,M.Tech,,Mechanical,3rd Year,9.26,
Matthew Burton,austinwright@yahoo.com,Female,18,M.Sc,,CSE,1st Year,8.0,1
Lauren Thompson,cheryl99@riley-gutierrez.biz,Other,18,M.Sc,,Mechanical,2nd Year,6.34,
Joshua Rollins,morgan91@gmail.com,Male,21,MCA,,CSE,3rd Year,9.75,3+
Alec Rosario,diana86@gmail.com,Other,26,M.Sc,,IT,3rd Year,8.7,1
Carrie Ayala,ariana57@cobb.com,Female,19,M.Sc,,ECE,1st Year,7.38,
Alan Robinson,eflynn@hotmail.com,Male,21,B.Tech,,Electrical,3rd Year,9.9,1
Joseph Jackson,matthew76@gmail.com,Male,29,M.Sc,,CSE,3rd Year,8.14,3+
Dustin Cohen,kevinharrison@garcia-erickson.com,Male,18,Other,"Research officer, government",Civil,1st Year,5.55,3+
David Smith,dwolfe@henderson.com,Male,22,Other,"Exhibitions officer, museum/gallery",Civil,2nd Year,5.46,
Jessica Allen,martinluna@hall-jacobs.biz,Other,27,Other,Civil Service administrator,CSE,3rd Year,7.29,3+
Wesley Barker,rodriguezeric@hotmail.com,Male,27,M.Sc,,Civil,4th Year,5.54,3+
Cynthia Hopkins,tgreen@ryan-roy.org,Male,27,M.Sc,,CSE,1st Year,5.31,2
Dawn Lawrence,malikunderwood@yahoo.com,Male,20,MCA,,ECE,Completed,7.45,3+
Tom Porter,jonesbrianna@gmail.com,Other,29,Other,"Librarian, public",Mechanical,1st Year,9.32,
Edward Williamson,xboyle@hurst.com,Male,19,B.E,,IT,Completed,8.94,3+
Melanie Miranda,rodriguezmatthew@watts-andrews.com,Male,30,Other,"Engineer, site",IT,1st Year,5.77,2
Erin Hammond,emilymontgomery@hotmail.com,Female,24,B.Tech,,CSE,Completed,6.02,
Lindsey Alexander,hallnancy@smith.org,Male,29,M.Tech,,Mechanical,2nd Year,9.77,
Robert Johnson,yhernandez@harper.com,Male,26,B.Sc,,CSE,1st Year,8.42,2
Christine Wise,thomaskaren@garrison-miller.org,Male,22,B.Sc,,Civil,3rd Year,8.0,1
Robert West,meganmassey@yahoo.com,Other,27,M.Tech,,Mechanical,4th Year,7.76,1
Carlos Hoover,thomascarpenter@matthews.com,Female,20,BCA,,CSE,2nd Year,6.05,
Zachary Nichols,brittanyhawkins@robinson.com,Male,22,MCA,,CSE,Completed,6.34,3+
Kimberly Pace,kimberly34@yahoo.com,Female,20,B.E,,CSE,2nd Year,5.15,1
Steven Miranda,matthewponce@hotmail.com,Other,21,B.E,,Electrical,3rd Year,6.22,3+
Jennifer Rosales,brockdavid@yahoo.com,Other,24,B.E,,CSE,1st Year,8.08,3+
Katelyn Graham,ohampton@king.com,Female,18,B.Tech,,CSE,3rd Year,9.82,1
Adam Sutton,mark42@stevens.com,Male,23,B.E,,Mechanical,4th Year,8.89,1
Tonya Velez,jzimmerman@gmail.com,Male,22,B.E,,Mechanical,1st Year,7.6,
Jacqueline Long,raymondweber@yahoo.com,Female,30,B.Tech,,Mechanical,2nd Year,8.52,
Jason Gonzalez,leebarbara@edwards-haley.com,Female,30,B.Tech,,IT,1st Year,7.08,1
Bobby Choi,allisonwilson@sosa.org,Other,24,M.Tech,,IT,3rd Year,6.68,
Matthew Abbott,andersenashley@johnson.biz,Other,22,M.Sc,,IT,4th Year,6.53,2
James Humphrey,davisedward@pierce.biz,Other,19,Other,Set designer,ECE,1st Year,6.65,1
Tammy Leblanc,bautistacharles@rodriguez.info,Female,26,B.Tech,,CSE,1st Year,8.37,
Robert Solis,arianahernandez@yahoo.com,Female,28,BCA,,Electrical,1st Year,5.73,
Kyle Escobar,ericksonstacey@wagner.com,Other,27,MCA,,ECE,3rd Year,5.37,2
Jessica Jarvis,jonshea@jones-williams.com,Other,23,B.Sc,,Civil,Completed,6.85,1
Dustin Jones,kathleen27@gmail.com,Other,22,M.Tech,,ECE,Completed,8.8,2
Tara Allen,russellstafford@hotmail.com,Other,29,M.Tech,,CSE,1st Year,7.94,2
Laura Moran,dtran@hotmail.com,Other,29,MCA,,CSE,1st Year,9.2,2
Jessica Miller,donaldmartinez@cobb.com,Male,18,Other,Dramatherapist,CSE,3rd Year,8.5,2
Brandon Mendez,nicolaswang@yahoo.com,Male,29,BCA,,Electrical,3rd Year,7.64,1
Ellen Oliver,marilyn12@randolph.com,Female,24,B.Tech,,ECE,4th Year,9.85,2
Marie Parker,phogan@jackson-higgins.com,Female,19,B.E,,ECE,2nd Year,9.57,3+
Kelly Terry,klee@vasquez-johnson.info,Female,27,BCA,,CSE,1st Year,8.05,3+
Dawn Kim,brendastewart@yahoo.com,Other,24,M.Tech,,Electrical,2nd Year,9.84,2
Sandra Smith,newmancathy@gmail.com,Male,25,Other,Secretary/administrator,Civil,Completed,7.34,2
Vanessa Parker,vargasbenjamin@davis.net,Female,22,B.Tech,,IT,Completed,5.68,3+
Kenneth Hill,snguyen@hotmail.com,Female,29,MCA,,CSE,1st Year,9.73,3+
Ashley Brooks,cbrewer@gmail.com,Male,25,M.Sc,,CSE,2nd Year,6.35,
Dawn Franklin,benjamin05@yahoo.com,Male,18,B.Tech,,Civil,4th Year,7.78,2
Alejandra Campbell,megan21@hotmail.com,Female,18,M.Sc,,Mechanical,3rd Year,6.01,3+
Shannon Sosa,gonzalezcatherine@gomez-davis.net,Other,26,M.Sc,,Mechanical,1st Year,9.79,
Susan Hunt,johnsonyesenia@hotmail.com,Male,19,MCA,,Electrical,1st Year,9.97,2
Russell Martin,raymondreyes@gmail.com,Other,21,M.Tech,,Mechanical,2nd Year,9.83,
Jason Robinson,stephenrivera@hotmail.com,Female,23,MCA,,Mechanical,1st Year,9.1,3+
Jessica Robinson,thomasday@giles-richards.com,Other,23,Other,Insurance account manager,Civil,3rd Year,7.79,1
Daniel Tucker,william63@yahoo.com,Female,28,Other,"Nurse, adult",Civil,Completed,5.4,
Jennifer Torres,michaelkim@spencer-hunter.com,Female,25,Other,Film/video editor,ECE,4th Year,6.11,1
Paula Blair,brandon34@hotmail.com,Male,20,B.E,,CSE,1st Year,8.14,
Ellen Martinez,morganreginald@maldonado.com,Female,28,B.Sc,,Civil,3rd Year,8.0,2
Sean Chavez,alyssa39@yahoo.com,Female,27,B.Tech,,ECE,2nd Year,6.71,2
Sara Morgan,hsimmons@davis-montoya.com,Male,28,B.E,,Mechanical,2nd Year,9.88,1
Stephanie Davis,kenneth21@brown-sanders.org,Other,25,MCA,,Civil,2nd Year,5.41,
David Bowen MD,hdavis@beard.com,Other,18,B.Tech,,Mechanical,4th Year,5.56,3+
Erika Gross,carlos09@hotmail.com,Female,27,M.Sc,,CSE,4th Year,8.43,3+
Michael Lopez,lsaunders@yahoo.com,Other,19,M.Tech,,Civil,4th Year,6.93,3+
Jesse Young,carolyn85@yahoo.com,Other,27,B.Sc,,CSE,1st Year,6.52,
Lisa Davis,mistyanderson@sanders.com,Female,21,M.Tech,,CSE,1st Year,5.39,2
Debra Moore,joel02@hotmail.com,Female,26,M.Tech,,Electrical,2nd Year,9.33,2
Taylor Reyes,madisonmartinez@yahoo.com,Male,29,B.E,,CSE,2nd Year,8.33,
Michelle Garcia,lambellen@rodgers-cervantes.com,Other,28,BCA,,Civil,Completed,8.07,3+
Bobby Howell,kimashlee@matthews.info,Male,26,M.Tech,,CSE,1st Year,5.08,3+
Maria Villegas,patricia53@martin.biz,Male,19,Other,Records manager,CSE,4th Year,8.29,3+
Michael Kaufman,stevenfrederick@wells.com,Male,23,M.Sc,,ECE,4th Year,6.44,3+
Abigail Griffin,vanderson@rodriguez-ramirez.com,Male,30,B.Tech,,ECE,1st Year,8.98,
Adam Sutton,mark42@stevens.com,Male,23,B.E,,Mechanical,4th Year,8.89,1
Regina Peck,loganmoran@hawkins.org,Female,19,MCA,,IT,2nd Year,9.36,
Thomas Chaney,johnsondavid@cunningham.com,Female,26,Other,"Engineer, manufacturing systems",IT,1st Year,9.72,
William Cardenas,harrisrandy@hotmail.com,Other,28,B.E,,IT,1st Year,7.46,1
Morgan Cherry,blairxavier@yahoo.com,Female,27,B.Tech,,IT,1st Year,8.23,3+
Bruce Lawson,donaldskinner@hotmail.com,Other,24,B.E,,IT,Completed,6.54,2
Nicole Allen,brookewilson@hall.com,Other,20,B.Tech,,Mechanical,3rd Year,5.41,
Jeffrey Ramirez,obooth@bishop.com,Other,27,MCA,,ECE,2nd Year,7.23,2
Jennifer Glass,james72@gmail.com,Male,22,BCA,,Mechanical,4th Year,9.1,
April Moran,lgreene@yahoo.com,Other,19,M.Tech,,Civil,2nd Year,8.46,3+
Erin Hammond,emilymontgomery@hotmail.com,Female,24,B.Tech,,CSE,Completed,6.02,
Jon Nelson,carrillojack@vargas.com,Male,27,MCA,,CSE,4th Year,8.8,1
Isaac Vargas,xgonzalez@yahoo.com,Other,29,B.Tech,,CSE,2nd Year,6.93,
Laura Keller,barbara07@schroeder.com,Male,28,Other,Customer service manager,Electrical,Completed,7.37,1
Sandra Castro,johnhardin@espinoza.com,Other,23,B.E,,CSE,3rd Year,9.32,1
Terrence Velasquez,jjohns@ramos.com,Other,28,Other,Control and instrumentation engineer,Mechanical,4th Year,9.77,
Elizabeth Thomas,doyleanthony@gilbert.com,Female,23,B.Sc,,ECE,2nd Year,8.93,2
Emily Moore,katelyn66@hotmail.com,Female,24,B.E,,Electrical,4th Year,9.74,3+
Marissa Flores,bradleylinda@gmail.com,Male,19,MCA,,Mechanical,Completed,5.25,
Victoria Green,reneeparker@gmail.com,Female,23,M.Sc,,Civil,3rd Year,6.4,3+
Lindsay Anderson,michael08@gmail.com,Female,30,B.E,,Mechanical,3rd Year,6.21,2
Donna Lewis,rodriguezsara@gonzalez.com,Female,27,Other,Metallurgist,Civil,3rd Year,5.84,1
Samantha West,rachel60@gmail.com,Female,29,M.Tech,,CSE,3rd Year,6.27,
Maurice Cook,mturner@jones.com,Female,20,M.Sc,,ECE,2nd Year,6.59,3+
Caleb Kennedy,sanchezmary@yahoo.com,Female,29,B.E,,Electrical,Completed,8.12,2
Todd Salas,brianreese@thomas.com,Other,22,B.Sc,,IT,2nd Year,7.94,1
Ashley Lutz,iwhite@yahoo.com,Female,24,B.Tech,,IT,2nd Year,6.8,
Troy Jimenez,ashley17@myers.com,Other,21,Other,Psychiatrist,CSE,Completed,6.48,3+
Michael Smith,zfreeman@fields.org,Male,23,MCA,,Civil,Completed,7.72,
Heather Cruz,vangmonique@jones.info,Male,19,B.E,,Electrical,1st Year,5.26,1
Ashley West,jasonmorgan@simpson.info,Other,18,M.Sc,,IT,2nd Year,7.67,3+
Alex Villanueva,walkerjasmine@wright.biz,Female,26,MCA,,Mechanical,1st Year,9.52,1
Bradley Burke,ysmith@yahoo.com,Other,24,B.E,,Civil,3rd Year,6.3,3+
Sandra Castro,johnhardin@espinoza.com,Other,23,B.E,,CSE,3rd Year,9.32,1
Lauren Willis,david02@gmail.com,Female,22,M.Tech,,CSE,3rd Year,7.51,3+
Nicole Bolton,weverett@phillips-edwards.com,Other,18,MCA,,Mechanical,4th Year,5.72,
Jamie Reese,jessicadickson@perez-rodriguez.com,Male,25,BCA,,Civil,1st Year,8.86,2
Anne Flores,sherrythompson@hotmail.com,Male,18,BCA,,Electrical,2nd Year,7.2,2
Bradley Colon,owensrachel@hotmail.com,Male,18,BCA,,IT,1st Year,6.03,2
Debra Shaw,connieharris@levy.com,Female,26,MCA,,ECE,2nd Year,9.85,
April Brock,frios@hotmail.com,Female,23,M.Tech,,ECE,Completed,7.24,3+
Theresa Simpson,samuelmoore@jenkins.net,Female,22,B.E,,CSE,Completed,8.71,2
Gabrielle Fields,joshua37@clark-nelson.com,Other,25,B.Sc,,Civil,1st Year,7.46,1
Robert Johnson,yhernandez@harper.com,Male,26,B.Sc,,CSE,1st Year,8.42,2
Linda Wolf,jilllopez@salas.net,Female,30,MCA,,CSE,Completed,9.96,
Michael Martinez,edwinlee@gmail.com,Other,22,M.Sc,,CSE,Completed,9.07,3+
Andrew Hampton,carl06@logan.com,Other,23,M.Sc,,Civil,3rd Year,8.53,2
Stephanie Gonzalez,laura00@gmail.com,Male,25,BCA,,Mechanical,4th Year,6.57,1
Andrea Elliott,twhite@salazar.info,Female,23,M.Tech,,Civil,1st Year,8.39,
Michael Norman,juan00@gmail.com,Female,23,B.Sc,,Civil,1st Year,6.91,3+
Michael Kaufman,stevenfrederick@wells.com,Male,23,M.Sc,,ECE,4th Year,6.44,3+
Cynthia Hopkins,tgreen@ryan-roy.org,Male,27,M.Sc,,CSE,1st Year,5.31,2
Erica Moore,mary08@atkinson.com,Other,22,M.Sc,,IT,4th Year,5.47,3+
Paula Blair,brandon34@hotmail.com,Male,20,B.E,,CSE,1st Year,8.14,
Leslie Davis,tyates@gmail.com,Female,30,M.Tech,,IT,2nd Year,6.45,2
Daniel Hawkins,francisco47@gmail.com,Female,23,Other,Leisure centre manager,IT,1st Year,6.36,1
Rachel Gomez,brandon01@gmail.com,Other,21,B.E,,IT,4th Year,5.48,2
Linda Davis,xjones@yahoo.com,Female,23,M.Tech,,Civil,4th Year,7.09,
Kristina Hart,kristabishop@willis.com,Female,30,BCA,,Civil,4th Year,7.97,1
Carrie Ayala,ariana57@cobb.com,Female,19,M.Sc,,ECE,1st Year,7.38,
Michael Mercer,smithmatthew@banks.com,Female,26,B.E,,Electrical,4th Year,8.78,
Brian Johnson,michaelmaddox@brennan.com,Male,23,Other,General practice doctor,IT,2nd Year,7.38,3+
Mr. Calvin Waters,shaneryan@gmail.com,Male,30,M.Sc,,IT,3rd Year,5.51,2
Brandon Davis,terri58@williams.biz,Male,24,M.Sc,,Civil,Completed,5.71,3+
Elizabeth Leach,dwells@martinez.com,Other,28,M.Sc,,CSE,3rd Year,7.38,2
Kristen Jefferson,vasquezrobert@bell.com,Other,21,MCA,,CSE,3rd Year,6.54,1
Richard Gutierrez,calebsmith@hotmail.com,Other,23,M.Tech,,Civil,1st Year,9.99,
Tammy Henson,carlos11@yahoo.com,Female,18,B.Sc,,Civil,3rd Year,7.86,2
Kimberly Nguyen,nathanrobbins@gonzales-smith.biz,Female,20,BCA,,Civil,3rd Year,9.6,
Andrew Munoz,cholloway@harrison-villarreal.org,Male,28,B.Tech,,CSE,4th Year,6.65,
Daniel Hawkins,francisco47@gmail.com,Female,23,Other,Leisure centre manager,IT,1st Year,6.36,1
Daniel Gonzalez,brian40@gmail.com,Other,21,B.Sc,,ECE,2nd Year,5.39,2
Eric Mccullough,nicholaswhite@guerra.com,Male,27,B.Sc,,Electrical,4th Year,7.74,3+
Jennifer Waters,fharvey@miller.org,Male,23,BCA,,IT,2nd Year,7.59,
Kathleen Vazquez,mwilson@gmail.com,Male,27,M.Tech,,ECE,2nd Year,6.01,
William Kane,larry24@gmail.com,Other,20,M.Tech,,Civil,3rd Year,6.41,2
Rebecca Martinez,jessicahill@stephens-lara.com,Male,30,B.E,,ECE,4th Year,6.87,1
Alexandria Townsend,uprince@lopez.net,Male,19,B.Tech,,Electrical,3rd Year,9.94,1
Nicole Sharp,omiranda@rush.com,Other,24,BCA,,Mechanical,2nd Year,9.78,1
Charles Roberts,pbutler@gmail.com,Male,21,M.Tech,,CSE,3rd Year,8.11,
Brooke Smith,juliemurphy@rios.net,Male,21,BCA,,Electrical,3rd Year,5.4,3+
Erik Matthews,anthonyandrew@white.info,Other,22,MCA,,Mechanical,Completed,6.88,2
Pamela Harrison,hallvirginia@yahoo.com,Male,29,B.E,,Mechanical,1st Year,7.98,
Dr. Jessica Rivera PhD,tracy39@hotmail.com,Female,29,M.Tech,,ECE,Completed,9.41,3+
Andrew Hall,hmatthews@gmail.com,Female,19,M.Sc,,Mechanical,4th Year,5.75,
Kenneth Hill,snguyen@hotmail.com,Female,29,MCA,,CSE,1st Year,9.73,3+
Sydney Williams,wattsgina@lewis-hodges.info,Other,28,Other,Curator,ECE,3rd Year,5.05,1
Michele Wilson,meganmoreno@patterson-stevens.com,Female,29,B.E,,IT,2nd Year,9.42,3+
Jimmy Crawford,qmiller@murphy.com,Other,28,B.E,,Civil,4th Year,8.55,1
Brian Peters,burnspeter@anderson.com,Male,23,Other,Warden/ranger,CSE,3rd Year,9.93,2
Stephen Reynolds,phyllisnelson@smith.org,Female,28,M.Sc,,Civil,3rd Year,5.78,1
Curtis Vasquez,williamselizabeth@hotmail.com,Other,20,B.Sc,,CSE,4th Year,6.21,3+
Savannah Howard,dphelps@yahoo.com,Female,20,B.Tech,,Mechanical,Completed,6.88,2
Sydney Williams,wattsgina@lewis-hodges.info,Other,28,Other,Curator,ECE,3rd Year,5.05,1
Carmen Owen,kaitlynwebb@baker-flowers.com,Female,25,M.Tech,,CSE,4th Year,7.83,
Eric Frost,larry35@gmail.com,Other,25,M.Tech,,ECE,Completed,7.4,1
Chad Thomas,huntjessica@spencer.com,Other,18,B.E,,Civil,Completed,5.21,3+
Lindsay Liu,gregoryspence@yahoo.com,Male,21,BCA,,Mechanical,Completed,9.2,
Michele Conway,hardychristina@gmail.com,Male,22,B.Sc,,Civil,1st Year,8.63,
Ian Powell,lori39@sanders.com,Male,23,MCA,,Electrical,Completed,9.19,3+
Jesse Boyer,emilyandrews@stone-alvarado.com,Male,30,M.Tech,,Electrical,Completed,6.5,2
Mikayla Palmer,smithdiana@leach.com,Male,27,Other,"Teacher, English as a foreign language",ECE,4th Year,5.78,2
Deanna Richmond,danielle96@yahoo.com,Female,29,Other,Counselling psychologist,Mechanical,Completed,5.21,
Barbara Yang,joann68@yahoo.com,Male,22,M.Tech,,CSE,4th Year,7.96,2
Jillian Stokes,paul88@weber.com,Male,23,M.Sc,,Mechanical,4th Year,7.18,
James Schmidt,dylan26@yahoo.com,Other,26,B.Tech,,ECE,4th Year,9.81,
Robert Johnson,yhernandez@harper.com,Male,26,B.Sc,,CSE,1st Year,8.42,2
Alan Robinson,eflynn@hotmail.com,Male,21,B.Tech,,Electrical,3rd Year,9.9,1
Joshua Hernandez,marcus06@david.com,Male,29,B.Tech,,IT,4th Year,7.24,2
Jon Nelson,carrillojack@vargas.com,Male,27,MCA,,CSE,4th Year,8.8,1
Brendan Bush,llong@yahoo.com,Other,20,BCA,,Civil,2nd Year,6.01,3+
James Simpson,dwilliams@yahoo.com,Other,24,B.Tech,,ECE,4th Year,7.49,1
Cory Alexander,grayautumn@sosa-soto.com,Female,21,BCA,,Electrical,4th Year,8.92,3+
Kent Cole,fernandezkimberly@gmail.com,Male,22,MCA,,CSE,4th Year,8.62,2
Ashley Mays,nclark@yahoo.com,Male,22,B.E,,Civil,Completed,8.89,
Cindy Holland,houstonmary@mcdonald.com,Other,21,M.Sc,,Civil,1st Year,6.1,3+
Joseph Sellers,ewarren@davis.org,Female,28,B.Tech,,Civil,4th Year,6.91,1
Denise Smith,pdunn@yahoo.com,Other,19,B.E,,IT,1st Year,8.47,2
Kenneth Hunter,wendy91@sanchez.com,Other,25,MCA,,IT,3rd Year,8.23,1
Erin Hammond,emilymontgomery@hotmail.com,Female,24,B.Tech,,CSE,Completed,6.02,
Shari Garcia,dustin21@yahoo.com,Other,30,MCA,,Electrical,3rd Year,9.92,3+
Kayla Jones,paulaortiz@snyder.info,Male,25,BCA,,Mechanical,4th Year,9.32,1
Mr. Sean Bowers,dennishogan@yahoo.com,Male,22,MCA,,Civil,3rd Year,9.87,2
Regina Jimenez,wpatterson@hotmail.com,Male,21,B.Sc,,ECE,1st Year,8.57,2
Michael Lee,evankim@hotmail.com,Female,25,Other,"Sales professional, IT",Electrical,1st Year,7.49,1
Jennifer Cook,anthony84@yahoo.com,Male,28,BCA,,Electrical,1st Year,8.15,1
Jeffrey Peterson,crossbrittany@duncan-jackson.com,Female,18,Other,Systems analyst,IT,2nd Year,8.78,1
Jonathan Smith,kristinagarza@yahoo.com,Male,18,Other,Retail banker,IT,Completed,5.17,3+
James Young,gadams@campbell.net,Male,21,Other,Clinical research associate,CSE,3rd Year,5.41,3+
Amanda Khan,jcarroll@curry-foster.com,Other,23,M.Tech,,IT,Completed,7.32,1
Todd Brewer,mrussell@griffin-martin.com,Other,26,B.Tech,,CSE,2nd Year,5.78,
Lindsay Martin,christinawilliams@mcgee.com,Male,23,B.Tech,,Civil,1st Year,8.47,3+
Kevin Flores,halljason@gutierrez.biz,Female,30,B.E,,Electrical,3rd Year,5.51,2
Catherine Gonzalez,ocole@moody.com,Male,21,B.Sc,,IT,4th Year,7.19,2
Jennifer Mccarty,jamesjames@garcia-thompson.com,Other,30,M.Sc,,IT,Completed,8.24,
Elizabeth Thomas,laurajones@hotmail.com,Other,29,Other,Insurance claims handler,Electrical,3rd Year,5.79,1
Corey Salinas,xlam@bautista.com,Female,21,Other,"Research officer, political party",IT,1st Year,6.75,3+
David Lane,qmartin@yahoo.com,Female,30,Other,Radio producer,Civil,Completed,6.14,2
Michael Pacheco,markrodriguez@simmons-skinner.info,Male,18,B.E,,Electrical,3rd Year,6.77,2
Lisa Zhang,kerri90@trevino.com,Female,22,Other,Politician's assistant,IT,1st Year,7.3,
Karen Bryan,davisoscar@hotmail.com,Male,29,B.Tech,,CSE,1st Year,9.58,2
Sydney Roberts,elizabetherickson@hall.net,Female,24,B.Tech,,IT,1st Year,6.96,2
William Ballard,fjohnson@hotmail.com,Other,24,B.E,,ECE,2nd Year,7.79,
James Perkins,jasminesantos@davis.info,Male,18,B.Tech,,IT,4th Year,6.51,1
Christine Wise,thomaskaren@garrison-miller.org,Male,22,B.Sc,,Civil,3rd Year,8.0,1
Charles Collins,jchavez@smith.org,Female,21,M.Tech,,Civil,4th Year,5.73,1
Kristina Hart,kristabishop@willis.com,Female,30,BCA,,Civil,4th Year,7.97,1
Katrina Frye,morrisamanda@ramos.com,Other,19,M.Tech,,IT,Completed,6.2,3+
Douglas Barrera,kevinmyers@williams-davis.com,Female,26,Other,"Engineer, energy",Mechanical,1st Year,7.3,
Nicholas Williams,hobbschristina@smith.org,Other,20,B.Sc,,Electrical,Completed,7.52,
Lisa Davis,mistyanderson@sanders.com,Female,21,M.Tech,,CSE,1st Year,5.39,2
Alyssa Cameron,jacksonjose@sanchez.com,Female,18,B.Tech,,IT,2nd Year,7.07,2
Jesus Morgan,jeffreybaker@gmail.com,Other,27,M.Sc,,IT,2nd Year,7.19,2
Lindsay Martin,christinawilliams@mcgee.com,Male,23,B.Tech,,Civil,1st Year,8.47,3+
Terrence Velasquez,jjohns@ramos.com,Other,28,Other,Control and instrumentation engineer,Mechanical,4th Year,9.77,
Emily Moore,katelyn66@hotmail.com,Female,24,B.E,,Electrical,4th Year,9.74,3+
Cynthia Hopkins,tgreen@ryan-roy.org,Male,27,M.Sc,,CSE,1st Year,5.31,2
James Mccarty,gbates@yahoo.com,Female,18,B.Tech,,CSE,3rd Year,7.47,
Karen Lee,lharris@bradley.com,Other,27,B.Sc,,ECE,2nd Year,6.5,1
Morgan Cherry,blairxavier@yahoo.com,Female,27,B.Tech,,IT,1st Year,8.23,3+
Alec Rosario,diana86@gmail.com,Other,26,M.Sc,,IT,3rd Year,8.7,1
Nathan Reynolds,moralesashley@yahoo.com,Male,21,Other,Merchant navy officer,ECE,1st Year,7.33,1
Michael Pacheco,ynorris@rosales-gilbert.com,Male,27,M.Sc,,CSE,2nd Year,7.45,
Edgar Evans,glenpearson@hotmail.com,Male,23,BCA,,CSE,3rd Year,9.6,1
Frank King,philipphillips@terrell.com,Male,23,BCA,,Electrical,2nd Year,8.42,3+
Alyssa Oneal,xtaylor@cobb-johnson.com,Female,25,BCA,,CSE,Completed,6.56,3+
Linda Wolf,jilllopez@salas.net,Female,30,MCA,,CSE,Completed,9.96,
Dr. Jessica Rivera PhD,tracy39@hotmail.com,Female,29,M.Tech,,ECE,Completed,9.41,3+
Barbara Holmes,alexis16@gmail.com,Female,20,Other,Barrister's clerk,Mechanical,Completed,5.92,1
Joseph Lee,csanchez@alvarez-potter.net,Male,19,B.E,,Electrical,Completed,9.92,1
Michael Adams,katie76@gmail.com,Female,20,M.Tech,,Mechanical,4th Year,8.9,3+
Laura Keller,barbara07@schroeder.com,Male,28,Other,Customer service manager,Electrical,Completed,7.37,1
Ashley West,jasonmorgan@simpson.info,Other,18,M.Sc,,IT,2nd Year,7.67,3+
Caitlin Brown,daniel99@hotmail.com,Other,29,Other,"Engineer, agricultural",Civil,4th Year,9.19,1
Michael Smith,zfreeman@fields.org,Male,23,MCA,,Civil,Completed,7.72,
April Brock,frios@hotmail.com,Female,23,M.Tech,,ECE,Completed,7.24,3+
Jeffrey Peterson,crossbrittany@duncan-jackson.com,Female,18,Other,Systems analyst,IT,2nd Year,8.78,1
Kimberly Powell,zjuarez@petersen-hughes.com,Female,18,BCA,,IT,Completed,5.55,3+
Michelle Garcia,lambellen@rodgers-cervantes.com,Other,28,BCA,,Civil,Completed,8.07,3+
Jeremy Bell,timothy93@evans.com,Other,30,M.Tech,,Mechanical,1st Year,9.87,2
Hannah Anderson,kathrynbrown@yahoo.com,Male,18,M.Tech,,Electrical,Completed,9.21,
Penny Mitchell,patricksimpson@sandoval.com,Other,29,M.Sc,,Electrical,1st Year,7.46,1
Anna Huang,blackburndanielle@yahoo.com,Female,19,B.E,,Civil,2nd Year,8.39,3+
Amber Riley,rushchristopher@hotmail.com,Female,25,B.Tech,,Civil,1st Year,8.11,3+
Stephanie Gonzalez,laura00@gmail.com,Male,25,BCA,,Mechanical,4th Year,6.57,1
Theresa Simpson,samuelmoore@jenkins.net,Female,22,B.E,,CSE,Completed,8.71,2
Isaac Vargas,xgonzalez@yahoo.com,Other,29,B.Tech,,CSE,2nd Year,6.93,
Gabrielle Fields,joshua37@clark-nelson.com,Other,25,B.Sc,,Civil,1st Year,7.46,1
Kimberly Pace,kimberly34@yahoo.com,Female,20,B.E,,CSE,2nd Year,5.15,1
Kent Cole,fernandezkimberly@gmail.com,Male,22,MCA,,CSE,4th Year,8.62,2
Jessica Cummings,erinhoward@cook.com,Female,21,B.E,,Electrical,4th Year,5.4,3+
James Simpson,dwilliams@yahoo.com,Other,24,B.Tech,,ECE,4th Year,7.49,1
Todd Schneider,rdean@yahoo.com,Other,27,BCA,,Civil,1st Year,9.4,2
Karen Padilla,gavin10@mcclure.net,Other,22,B.Tech,,IT,4th Year,6.43,3+
Jessica Merritt,zcollins@edwards.com,Male,27,M.Sc,,ECE,2nd Year,8.21,3+
Bradley Burke,ysmith@yahoo.com,Other,24,B.E,,Civil,3rd Year,6.3,3+
Carolyn Smith,athomas@yahoo.com,Other,25,B.Tech,,Civil,Completed,7.41,3+
Daniel Tucker,william63@yahoo.com,Female,28,Other,"Nurse, adult",Civil,Completed,5.4,
Ashley Arnold,kyle37@miller-preston.com,Female,28,M.Sc,,Mechanical,3rd Year,6.88,3+
Jennifer Lee,millerjeffrey@roberson.net,Female,20,Other,Petroleum engineer,Mechanical,Completed,6.88,3+
Sarah Gardner,xwilliams@wells.org,Male,25,BCA,,Electrical,3rd Year,9.43,2
Joshua Soto,lorismith@hotmail.com,Male,21,M.Tech,,ECE,4th Year,8.95,3+
Cynthia Hopkins,tgreen@ryan-roy.org,Male,27,M.Sc,,CSE,1st Year,5.31,2
Jason Thomas,gponce@anderson.com,Male,21,M.Sc,,Electrical,2nd Year,9.88,
Monica Gray,tjohnson@smith.net,Other,27,B.E,,Electrical,3rd Year,9.53,
Shannon Sosa,gonzalezcatherine@gomez-davis.net,Other,26,M.Sc,,Mechanical,1st Year,9.79,
Kimberly Hampton,hking@sullivan.com,Other,29,BCA,,Electrical,1st Year,7.31,2
Samantha Morgan,ferrellgregory@ray.com,Male,20,B.E,,Mechanical,1st Year,6.74,
Jeanne Cohen,carolwagner@williams-wright.biz,Male,24,B.E,,Civil,2nd Year,8.26,3+
Linda Wolf,jilllopez@salas.net,Female,30,MCA,,CSE,Completed,9.96,
Brian Hicks,medinaandrew@carter.org,Female,21,B.E,,ECE,Completed,8.81,3+
Stacy Martinez,paulfranklin@yahoo.com,Female,30,BCA,,IT,2nd Year,5.94,2
Kathy Walker,kimberly97@gmail.com,Male,21,BCA,,ECE,Completed,8.46,3+
Lisa Davis,mistyanderson@sanders.com,Female,21,M.Tech,,CSE,1st Year,5.39,2
Douglas Barrera,kevinmyers@williams-davis.com,Female,26,Other,"Engineer, energy",Mechanical,1st Year,7.3,
Ryan Roach,fmiller@butler-williams.org,Female,27,B.Tech,,CSE,Completed,5.81,
Robert Vega,hdean@hotmail.com,Male,26,B.Tech,,Mechanical,4th Year,5.5,3+
Kathryn Cole,snyderstephanie@reese.info,Male,26,MCA,,Civil,4th Year,6.69,3+
Ashley Diaz,dawnsheppard@davis.com,Other,25,B.E,,Electrical,1st Year,5.88,1
Teresa Kemp,athompson@reynolds.com,Male,28,MCA,,IT,2nd Year,9.0,3+
Amanda Fisher,charles61@yahoo.com,Other,19,M.Tech,,Electrical,2nd Year,6.84,2
Kristina Hart,kristabishop@willis.com,Female,30,BCA,,Civil,4th Year,7.97,1
Veronica Stephens,icastro@fisher.biz,Other,20,B.E,,Civil,4th Year,9.32,1
Patricia Lewis,kristenchurch@hotmail.com,Other,19,M.Tech,,CSE,1st Year,6.41,3+
Kristina Ellis,elaine26@yahoo.com,Other,18,B.E,,Electrical,1st Year,9.22,2
Allison Rodgers,lbenjamin@contreras-english.com,Male,22,B.Sc,,Mechanical,3rd Year,9.48,2
Jason Franklin,matthew80@mendoza.com,Other,21,B.E,,Mechanical,3rd Year,7.34,2
Angelica Henry,kendrapotter@maynard.com,Male,28,BCA,,ECE,4th Year,9.98,
Daniel Lara,bryanholmes@hotmail.com,Female,24,M.Tech,,Electrical,3rd Year,7.81,
Matthew Abbott,andersenashley@johnson.biz,Other,22,M.Sc,,IT,4th Year,6.53,2
Edward Walker,eric90@gmail.com,Male,23,M.Sc,,Electrical,4th Year,6.8,2
Alyssa Cameron,jacksonjose@sanchez.com,Female,18,B.Tech,,IT,2nd Year,7.07,2
Kimberly Nguyen,nathanrobbins@gonzales-smith.biz,Female,20,BCA,,Civil,3rd Year,9.6,
Kara Wheeler,richardsbrandy@owens.com,Female,29,BCA,,Mechanical,3rd Year,6.03,2
Kimberly Hampton,hking@sullivan.com,Other,29,BCA,,Electrical,1st Year,7.31,2
Lisa Velazquez,toddchung@henry-lane.com,Male,27,B.E,,CSE,1st Year,7.72,1
Carmen Tapia,joseph82@gmail.com,Other,30,B.Tech,,Mechanical,2nd Year,5.55,
Gary House,earl32@hotmail.com,Other,18,B.E,,IT,Completed,9.0,1
Maria Villegas,patricia53@martin.biz,Male,19,Other,Records manager,CSE,4th Year,8.29,3+
Leslie Davis,tyates@gmail.com,Female,30,M.Tech,,IT,2nd Year,6.45,2
Michael Carey,billygarza@brown.com,Other,23,B.Tech,,CSE,3rd Year,7.43,3+
Timothy Rose,amandarivera@gmail.com,Female,29,MCA,,CSE,1st Year,9.96,1
Christina Martinez,perryregina@gmail.com,Other,22,B.Sc,,Civil,1st Year,6.96,
Lauren Morales,zramirez@yahoo.com,Other,30,B.E,,Electrical,3rd Year,9.72,1
Victor Mcmahon,omorgan@yahoo.com,Other,25,B.Tech,,ECE,1st Year,9.05,3+
Amy Moreno,georgealvarez@krause.biz,Female,26,MCA,,IT,4th Year,6.22,2
Kevin Ho,ernestbailey@gmail.com,Male,24,M.Tech,,CSE,1st Year,7.86,2
Thomas Chaney,johnsondavid@cunningham.com,Female,26,Other,"Engineer, manufacturing systems",IT,1st Year,9.72,
Laura Keller,barbara07@schroeder.com,Male,28,Other,Customer service manager,Electrical,Completed,7.37,1
Heather Tapia,april02@hartman.com,Male,26,B.E,,Electrical,2nd Year,5.97,2
Chloe Hill,owheeler@gmail.com,Female,24,MCA,,Civil,Completed,6.89,
Kevin Garcia,sarahgonzalez@gmail.com,Other,27,BCA,,Electrical,3rd Year,7.66,
Justin Simpson,millernicholas@leon.com,Male,18,BCA,,ECE,Completed,8.14,3+
Dr. Matthew Henderson,jeffreymorgan@alexander-roberts.com,Male,28,MCA,,Mechanical,1st Year,5.97,2
Mr. Ryan Weber,jorgeingram@montgomery-lewis.info,Male,28,M.Sc,,Electrical,1st Year,7.65,3+
Angela Curtis,brandtsally@hotmail.com,Other,19,B.Sc,,Electrical,2nd Year,9.55,
Anthony Griffin,jessica36@jackson-fox.com,Other,20,BCA,,IT,1st Year,7.4,
Samantha Brown,zachary37@hotmail.com,Other,26,BCA,,CSE,2nd Year,6.92,2
Paula Burns,samuelfowler@hotmail.com,Male,21,MCA,,Civil,2nd Year,5.33,
Denise Smith,pdunn@yahoo.com,Other,19,B.E,,IT,1st Year,8.47,2
Morgan Cherry,blairxavier@yahoo.com,Female,27,B.Tech,,IT,1st Year,8.23,3+
Kylie Fields,waterslouis@rich-lawson.info,Male,22,B.Sc,,Electrical,Completed,5.42,1
Jeffrey Yang,wanda78@gmail.com,Other,23,B.Sc,,Electrical,1st Year,5.43,2
Jonathan Holder,jasonalvarado@richardson.com,Male,20,B.E,,Civil,1st Year,5.65,1
Jennifer King,reyesjonathan@turner-wells.net,Other,28,M.Tech,,ECE,2nd Year,8.92,1
Brian Johnson,michaelmaddox@brennan.com,Male,23,Other,General practice doctor,IT,2nd Year,7.38,3+
Matthew Martinez,samanthalewis@gmail.com,Female,25,M.Sc,,Electrical,Completed,7.02,1
Patrick Davis,kaylarobertson@hotmail.com,Other,29,Other,Herbalist,ECE,4th Year,5.61,
Adrian Ward,carol53@hotmail.com,Male,21,B.Tech,,ECE,4th Year,5.54,
Michael Martinez,edwinlee@gmail.com,Other,22,M.Sc,,CSE,Completed,9.07,3+
Ariel Davis,wrightcraig@yahoo.com,Female,19,BCA,,ECE,4th Year,6.4,
Karen Padilla,gavin10@mcclure.net,Other,22,B.Tech,,IT,4th Year,6.43,3+
Jennifer Lee,millerjeffrey@roberson.net,Female,20,Other,Petroleum engineer,Mechanical,Completed,6.88,3+
Anthony Warren,amygutierrez@yahoo.com,Male,27,B.Sc,,Mechanical,2nd Year,9.37,3+
Michael Gibbs,stephen62@gmail.com,Male,23,B.Tech,,ECE,2nd Year,5.63,
Brandon Mendez,nicolaswang@yahoo.com,Male,29,BCA,,Electrical,3rd Year,7.64,1
Tara Allen,russellstafford@hotmail.com,Other,29,M.Tech,,CSE,1st Year,7.94,2
Jacob Parker,megan33@sparks.com,Male,18,B.Sc,,CSE,1st Year,6.09,3+
Joseph Sellers,ewarren@davis.org,Female,28,B.Tech,,Civil,4th Year,6.91,1
Amy Brown,rachelcook@hotmail.com,Male,26,B.E,,ECE,4th Year,8.14,3+
Mark Martinez,mcphersonbrenda@hall.com,Female,19,BCA,,IT,2nd Year,7.89,3+
Rachel Smith,alyssaholland@yahoo.com,Female,22,MCA,,Civil,4th Year,5.11,
Raymond Peck,solomonpatricia@monroe.net,Male,21,MCA,,ECE,2nd Year,9.84,
John Mack,lorettafleming@gmail.com,Male,28,M.Tech,,CSE,Completed,9.3,
Garrett Blackwell,craigfrancis@gmail.com,Other,29,B.Tech,,Civil,Completed,7.97,2
Hector Mullen,stephanieknox@guzman-hughes.biz,Other,27,B.Tech,,Mechanical,4th Year,8.06,3+
Amy Welch,dweber@yahoo.com,Male,26,B.E,,Civil,4th Year,5.95,
Paige White,sandra12@yahoo.com,Other,18,BCA,,Civil,2nd Year,7.66,
George Joseph,zachary42@gmail.com,Male,20,M.Sc,,IT,4th Year,8.02,
Victor Sosa,mallory99@mcguire.com,Other,21,BCA,,CSE,3rd Year,8.09,1
Lisa Davis,mistyanderson@sanders.com,Female,21,M.Tech,,CSE,1st Year,5.39,2
Dustin Jones,kathleen27@gmail.com,Other,22,M.Tech,,ECE,Completed,8.8,2
Eugene White,msexton@gmail.com,Other,24,Other,IT consultant,Mechanical,Completed,9.2,3+
Terry Mercado,amberdowns@nunez-washington.net,Other,30,MCA,,Mechanical,4th Year,8.06,
John Porter,petersonlogan@hotmail.com,Other,23,Other,"Designer, fashion/clothing",Civil,3rd Year,6.71,2
Tony Smith,mary67@yahoo.com,Male,18,B.Sc,,CSE,Completed,8.74,1
Todd Cherry,sarah93@gmail.com,Female,25,BCA,,ECE,4th Year,9.83,2
Christian White,bowmantanya@randall.info,Male,20,B.Tech,,ECE,4th Year,8.73,
Daniel Lara,bryanholmes@hotmail.com,Female,24,M.Tech,,Electrical,3rd Year,7.81,
Joseph Jackson,matthew76@gmail.com,Male,29,M.Sc,,CSE,3rd Year,8.14,3+
Michele Conway,hardychristina@gmail.com,Male,22,B.Sc,,Civil,1st Year,8.63,
Michael Smith,zfreeman@fields.org,Male,23,MCA,,Civil,Completed,7.72,
Debra Peterson,weaverjason@todd-rasmussen.net,Female,21,B.Tech,,Mechanical,1st Year,5.14,1
Brent Bennett,odixon@fields.org,Female,21,MCA,,IT,1st Year,9.42,1
Carolyn Williams,karithomas@hotmail.com,Male,18,M.Tech,,ECE,1st Year,5.56,1
Joshua Combs,watsondeborah@gmail.com,Male,18,M.Tech,,Mechanical,3rd Year,5.39,2
John Moore,christopherwright@clark.com,Other,27,BCA,,ECE,Completed,5.7,1
Sandra Kramer,bethgutierrez@hotmail.com,Male,25,B.Tech,,Civil,3rd Year,6.04,1
Cassidy Wilson,gregory70@gmail.com,Male,23,B.E,,IT,1st Year,9.79,3+
Jackie Carter,shortrichard@dawson.com,Other,22,M.Tech,,IT,3rd Year,8.38,2
Jennifer Berry,williamsanders@hotmail.com,Female,24,Other,"Social research officer, government",Mechanical,4th Year,8.68,3+
Gina Burns,williamsjessica@hodge.com,Other,19,MCA,,IT,1st Year,5.86,2
Kevin Garcia,sarahgonzalez@gmail.com,Other,27,BCA,,Electrical,3rd Year,7.66,
Kenneth Miller,elizabeth15@yahoo.com,Male,23,M.Tech,,IT,4th Year,9.15,1
Andrea Elliott,twhite@salazar.info,Female,23,M.Tech,,Civil,1st Year,8.39,
Joe Johnson,ysmith@hotmail.com,Male,20,M.Sc,,ECE,Completed,8.13,
Kelly Terry,klee@vasquez-johnson.info,Female,27,BCA,,CSE,1st Year,8.05,3+
Mr. Calvin Waters,shaneryan@gmail.com,Male,30,M.Sc,,IT,3rd Year,5.51,2
Teresa Kemp,athompson@reynolds.com,Male,28,MCA,,IT,2nd Year,9.0,3+
Gabriel Ayers,jeremy48@yahoo.com,Female,19,Other,"Clinical scientist, histocompatibility and immunogenetics",Electrical,2nd Year,6.19,1
Warren White,mariapugh@yahoo.com,Female,18,B.Tech,,IT,3rd Year,9.38,1
Michelle Garcia,lambellen@rodgers-cervantes.com,Other,28,BCA,,Civil,Completed,8.07,3+
Heather Tapia,april02@hartman.com,Male,26,B.E,,Electrical,2nd Year,5.97,2
Jason Maldonado,youngmike@young-murray.org,Female,29,B.E,,Electrical,1st Year,9.92,
Felicia Boyd,danielrobinson@yahoo.com,Other,27,BCA,,Electrical,Completed,5.94,3+
Courtney Grant,amoore@bell.net,Female,26,M.Sc,,CSE,2nd Year,8.57,3+
Tammy Christian PhD,elizabethtrujillo@hotmail.com,Female,29,B.Sc,,ECE,1st Year,9.23,
Julie Wilkerson,kristinmoore@cervantes.com,Female,21,BCA,,CSE,Completed,8.98,2
Sydney Roberts,elizabetherickson@hall.net,Female,24,B.Tech,,IT,1st Year,6.96,2
Erin Hammond,emilymontgomery@hotmail.com,Female,24,B.Tech,,CSE,Completed,6.02,
Nicole Johnson,qnewton@hotmail.com,Male,30,Other,Press sub,IT,2nd Year,7.24,
Elizabeth Thomas,doyleanthony@gilbert.com,Female,23,B.Sc,,ECE,2nd Year,8.93,2
Samantha West,rachel60@gmail.com,Female,29,M.Tech,,CSE,3rd Year,6.27,
William Mcgee,jill58@lowery-mcdowell.net,Female,26,M.Sc,,ECE,4th Year,6.4,3+
Jonathan Alexander,duncantim@hotmail.com,Male,24,MCA,,Electrical,4th Year,7.46,2
Dr. John Galvan,wmartin@davis-aguilar.com,Other,23,MCA,,IT,3rd Year,9.54,1
Kelly Duncan,romanelizabeth@yahoo.com,Male,26,Other,Financial manager,CSE,4th Year,6.22,1
Joshua Combs,watsondeborah@gmail.com,Male,18,M.Tech,,Mechanical,3rd Year,5.39,2
Diane Brown,sjames@henry-andrews.biz,Female,30,M.Sc,,IT,4th Year,5.83,2
Nancy Brooks,thomas31@hotmail.com,Female,28,B.E,,ECE,3rd Year,9.9,
Kevin Garcia,sarahgonzalez@gmail.com,Other,27,BCA,,Electrical,3rd Year,7.66,
Elizabeth Willis,sarajohnson@clark.net,Other,29,MCA,,IT,4th Year,6.42,3+
Victoria Sanders,ncook@yahoo.com,Other,20,B.E,,Mechanical,Completed,8.67,
Susan Mccall,katherinekelly@hotmail.com,Other,25,M.Tech,,ECE,4th Year,6.62,2
Diane Sims,jeffery45@brown.com,Other,19,M.Sc,,CSE,Completed,7.65,1
Jessica Cook,wdavis@jones.com,Other,22,B.Sc,,CSE,4th Year,9.05,2
Jessica Jackson,carlosenglish@perez.com,Female,19,Other,Adult guidance worker,Civil,Completed,8.77,
Samantha Ramsey,kellyking@gmail.com,Male,22,B.Sc,,Civil,Completed,7.8,1
Jennifer Torres,michaelkim@spencer-hunter.com,Female,25,Other,Film/video editor,ECE,4th Year,6.11,1
Lisa Zhang,kerri90@trevino.com,Female,22,Other,Politician's assistant,IT,1st Year,7.3,
Anna Baker,ricardo09@gomez.com,Female,26,M.Tech,,Mechanical,3rd Year,9.26,
Jennifer Waters,fharvey@miller.org,Male,23,BCA,,IT,2nd Year,7.59,
John Porter,petersonlogan@hotmail.com,Other,23,Other,"Designer, fashion/clothing",Civil,3rd Year,6.71,2
Nathan Reynolds,moralesashley@yahoo.com,Male,21,Other,Merchant navy officer,ECE,1st Year,7.33,1
Andrew Munoz,cholloway@harrison-villarreal.org,Male,28,B.Tech,,CSE,4th Year,6.65,
Anthony Jimenez,emack@martin.com,Male,19,B.Sc,,Mechanical,4th Year,8.42,3+
Michelle Clark,millerchristopher@macias.com,Male,26,Other,"Psychotherapist, child",IT,3rd Year,9.95,3+
Kristen Clements,marshallmolly@gmail.com,Female,22,B.Tech,,Electrical,4th Year,7.73,3+
Jennifer Mccarty,jamesjames@garcia-thompson.com,Other,30,M.Sc,,IT,Completed,8.24,
Kaitlyn Wright,tracitownsend@short.org,Other,27,M.Tech,,Electrical,2nd Year,7.79,3+
Joshua Bowen,williamsxavier@curtis.com,Female,19,B.E,,ECE,2nd Year,7.49,1
Julia Villanueva,blopez@gmail.com,Female,29,B.Sc,,Electrical,3rd Year,5.46,1
Angelica Henry,kendrapotter@maynard.com,Male,28,BCA,,ECE,4th Year,9.98,
Megan Simmons,amywest@rodgers.biz,Other,19,Other,"Nurse, mental health",CSE,3rd Year,7.37,2
Sydney Williams,wattsgina@lewis-hodges.info,Other,28,Other,Curator,ECE,3rd Year,5.05,1
Alison Hall,johnsonmatthew@brown.com,Male,18,M.Sc,,CSE,1st Year,5.97,3+
John Cox,patrick26@yahoo.com,Male,19,MCA,,ECE,1st Year,5.85,3+
Mr. Zachary Green,cbrown@walters.com,Male,18,M.Tech,,Civil,4th Year,6.35,1
Larry Lane,nicholas26@cook.com,Other,27,MCA,,Mechanical,4th Year,6.5,3+
Dawn Lawrence,malikunderwood@yahoo.com,Male,20,MCA,,ECE,Completed,7.45,3+
Michael Parker,peterskrista@gmail.com,Other,22,B.E,,IT,3rd Year,6.46,
Joshua Soto,lorismith@hotmail.com,Male,21,M.Tech,,ECE,4th Year,8.95,3+
Tammy Jackson,mercedescollins@taylor.biz,Other,21,M.Sc,,CSE,1st Year,7.53,3+
John Cox,patrick26@yahoo.com,Male,19,MCA,,ECE,1st Year,5.85,3+
Karen Bryan,davisoscar@hotmail.com,Male,29,B.Tech,,CSE,1st Year,9.58,2
Steven Ramos,james35@hunt-king.org,Other,24,Other,Passenger transport manager,IT,1st Year,6.03,1
Susan Murphy,brandylynch@thomas-hughes.info,Male,23,M.Tech,,Civil,3rd Year,8.13,2
Todd Salas,brianreese@thomas.com,Other,22,B.Sc,,IT,2nd Year,7.94,1
Sandra Castro,johnhardin@espinoza.com,Other,23,B.E,,CSE,3rd Year,9.32,1
Andrew Hall,hmatthews@gmail.com,Female,19,M.Sc,,Mechanical,4th Year,5.75,
Deanna Shepherd,crosszachary@hotmail.com,Male,19,BCA,,Electrical,4th Year,9.83,1
Debra Moore,joel02@hotmail.com,Female,26,M.Tech,,Electrical,2nd Year,9.33,2
Kristin Burton,catherine21@todd-mejia.com,Other,27,B.Sc,,Mechanical,4th Year,6.38,
Heather Cruz,vangmonique@jones.info,Male,19,B.E,,Electrical,1st Year,5.26,1
Heather Werner,fernandezlauren@gmail.com,Other,22,M.Tech,,Electrical,1st Year,9.08,2
Kathryn Cole,snyderstephanie@reese.info,Male,26,MCA,,Civil,4th Year,6.69,3+
Breanna Cox,alison39@norris.com,Female,28,M.Sc,,Civil,4th Year,6.46,3+
Elizabeth Ryan,chuerta@gordon.com,Female,21,B.Tech,,Electrical,1st Year,8.77,1
Gabrielle Fields,joshua37@clark-nelson.com,Other,25,B.Sc,,Civil,1st Year,7.46,1
David Ramirez,mphillips@johnson.com,Female,27,M.Sc,,CSE,1st Year,7.89,
Jennifer Davis,nruiz@hotmail.com,Male,24,BCA,,Civil,Completed,9.67,1
Stephen Reynolds,phyllisnelson@smith.org,Female,28,M.Sc,,Civil,3rd Year,5.78,1
Michael Adams,katie76@gmail.com,Female,20,M.Tech,,Mechanical,4th Year,8.9,3+
Mark Williams,odelgado@taylor-colon.com,Female,26,B.E,,ECE,Completed,6.49,3+
Donald Jennings,sgarza@hanson.org,Male,28,B.Sc,,CSE,2nd Year,9.64,3+
Taylor Reyes,madisonmartinez@yahoo.com,Male,29,B.E,,CSE,2nd Year,8.33,
Laura Pierce,jamesrussell@gmail.com,Other,23,M.Sc,,CSE,2nd Year,7.41,3+
Daniel Collins,watkinsjanet@yahoo.com,Female,27,B.Tech,,ECE,1st Year,8.86,2
Alicia Ayala,teresa43@gmail.com,Other,18,B.E,,Electrical,2nd Year,5.45,3+
Antonio Wood,joshua80@maxwell.com,Other,26,B.Tech,,Civil,3rd Year,9.68,1
David Cervantes,ypowell@vega-guzman.net,Other,22,B.E,,IT,2nd Year,10.0,2
Steven Tucker,thomaswood@yahoo.com,Male,27,B.E,,Civil,Completed,9.94,2
Gregory Jones,denise54@holland.net,Male,23,B.Tech,,Civil,2nd Year,8.02,
Kathleen Vazquez,mwilson@gmail.com,Male,27,M.Tech,,ECE,2nd Year,6.01,
Stephanie Davis,kenneth21@brown-sanders.org,Other,25,MCA,,Civil,2nd Year,5.41,
Stephen Wade,nmoreno@carlson.com,Other,27,B.Tech,,ECE,4th Year,9.64,1
Theresa Simpson,samuelmoore@jenkins.net,Female,22,B.E,,CSE,Completed,8.71,2
Tonya Velez,jzimmerman@gmail.com,Male,22,B.E,,Mechanical,1st Year,7.6,
Jacqueline Long,raymondweber@yahoo.com,Female,30,B.Tech,,Mechanical,2nd Year,8.52,
Joseph Curry,robertsharp@tyler.org,Female,26,BCA,,Civil,3rd Year,5.79,2
Lauren Thompson,cheryl99@riley-gutierrez.biz,Other,18,M.Sc,,Mechanical,2nd Year,6.34,
Andrea Coleman,triciaharris@gmail.com,Other,22,M.Tech,,Mechanical,Completed,7.21,3+
Michael Adams,katie76@gmail.com,Female,20,M.Tech,,Mechanical,4th Year,8.9,3+
Angelica Henry,kendrapotter@maynard.com,Male,28,BCA,,ECE,4th Year,9.98,
Holly Price,fosterkelly@norman.biz,Other,25,B.Sc,,Mechanical,4th Year,7.1,
Kellie Turner,howardjennifer@koch.com,Male,30,B.Sc,,Civil,2nd Year,6.61,3+
James Young,gadams@campbell.net,Male,21,Other,Clinical research associate,CSE,3rd Year,5.41,3+
Heather Johnson,gary28@hotmail.com,Other,23,B.Tech,,ECE,3rd Year,6.87,
Jason Rodriguez,christinapotts@hotmail.com,Female,25,BCA,,Mechanical,1st Year,9.15,2
Linda Davis,xjones@yahoo.com,Female,23,M.Tech,,Civil,4th Year,7.09,
Cynthia Mayo,urodriguez@yahoo.com,Male,30,Other,"Journalist, broadcasting",IT,1st Year,6.22,3+
Edward Smith,kelsey08@gmail.com,Female,25,B.E,,Electrical,1st Year,9.8,2
Logan Brown,ureyes@gmail.com,Male,19,MCA,,ECE,Completed,5.64,2
David Johnson,kmullen@gmail.com,Female,25,M.Tech,,IT,1st Year,5.62,
Jeremy Mcgee,haydennorton@yahoo.com,Male,21,M.Sc,,Mechanical,2nd Year,6.42,2
Lance Murphy,ynelson@hotmail.com,Other,20,B.E,,Electrical,3rd Year,6.49,
Richard Garrett,ireed@gmail.com,Male,25,M.Tech,,Mechanical,2nd Year,8.95,1
Robert Vega,hdean@hotmail.com,Male,26,B.Tech,,Mechanical,4th Year,5.5,3+
Kevin Green,bradmurphy@bishop.biz,Female,21,B.E,,Mechanical,3rd Year,5.46,3+
Abigail Griffin,vanderson@rodriguez-ramirez.com,Male,30,B.Tech,,ECE,1st Year,8.98,
Heather Richard,brianna30@chang-evans.net,Male,26,BCA,,CSE,3rd Year,6.02,
David Cervantes,ypowell@vega-guzman.net,Other,22,B.E,,IT,2nd Year,10.0,2
Jessica Carter,millerjennifer@gmail.com,Other,26,M.Tech,,Mechanical,1st Year,6.44,1
John Mack,lorettafleming@gmail.com,Male,28,M.Tech,,CSE,Completed,9.3,
Edward Smith,kelsey08@gmail.com,Female,25,B.E,,Electrical,1st Year,9.8,2
Christopher Johnson,ostewart@hotmail.com,Female,18,MCA,,Civil,4th Year,7.79,2
Cynthia Parker,pattongary@kelly.com,Female,25,B.E,,Mechanical,1st Year,8.59,3+
Teresa Le,katherine43@austin.biz,Other,26,M.Tech,,Electrical,4th Year,6.65,
Christopher Warner,upowell@carrillo-martin.biz,Male,30,M.Sc,,Civil,4th Year,9.37,3+
John Curry,thomasscott@silva-bowen.com,Other,25,MCA,,IT,1st Year,9.59,
Maria Schneider,laurahoward@barry-estrada.info,Male,28,BCA,,ECE,2nd Year,8.1,1
Todd Schneider,rdean@yahoo.com,Other,27,BCA,,Civil,1st Year,9.4,2
Crystal Nixon,davidconrad@yahoo.com,Other,27,MCA,,ECE,1st Year,5.65,3+
Michele Wilson,meganmoreno@patterson-stevens.com,Female,29,B.E,,IT,2nd Year,9.42,3+
Dalton Williams,matthew16@cunningham-powell.org,Female,28,B.E,,Electrical,Completed,9.92,1
Kevin Hampton,michael96@johnson-li.info,Other,28,B.Sc,,Mechanical,Completed,6.18,1
Holly Price,fosterkelly@norman.biz,Other,25,B.Sc,,Mechanical,4th Year,7.1,
Kelly Terry,klee@vasquez-johnson.info,Female,27,BCA,,CSE,1st Year,8.05,3+
Daniel Collins,watkinsjanet@yahoo.com,Female,27,B.Tech,,ECE,1st Year,8.86,2
Kenneth Avery,coxdarren@hernandez.com,Female,26,MCA,,Civil,Completed,7.16,
Robert Rocha,johnanderson@farley.com,Female,21,Other,Air broker,Electrical,Completed,8.69,1
Penny Mitchell,patricksimpson@sandoval.com,Other,29,M.Sc,,Electrical,1st Year,7.46,1
James Humphrey,davisedward@pierce.biz,Other,19,Other,Set designer,ECE,1st Year,6.65,1
Jason Davis,tammy09@gross.com,Female,27,B.Sc,,IT,Completed,7.37,3+
Janet Brown,omorris@moyer.info,Male,25,MCA,,IT,3rd Year,5.62,
Adam Martin,heidistanley@howell.com,Other,24,M.Sc,,IT,2nd Year,8.22,2
Scott Phillips,jennifer69@gmail.com,Other,19,M.Sc,,Civil,2nd Year,5.17,
Angel West,gclark@hotmail.com,Male,29,B.E,,CSE,Completed,7.81,1
Cynthia Hopkins,tgreen@ryan-roy.org,Male,27,M.Sc,,CSE,1st Year,5.31,2
Shelly Vang,gortega@gmail.com,Male,21,M.Sc,,IT,3rd Year,5.05,1
Andre Joseph,pholmes@yahoo.com,Male,28,Other,"Psychologist, sport and exercise",CSE,Completed,6.85,1
Jamie Fernandez,eferguson@yahoo.com,Other,28,B.Tech,,Electrical,3rd Year,6.47,3+
John Mack,lorettafleming@gmail.com,Male,28,M.Tech,,CSE,Completed,9.3,
Alison Wong,ramirezcaitlin@harris-walker.com,Male,18,B.E,,Electrical,Completed,5.65,3+
Elizabeth Thomas,laurajones@hotmail.com,Other,29,Other,Insurance claims handler,Electrical,3rd Year,5.79,1
Benjamin Davis,tina40@lowery.com,Male,22,M.Sc,,IT,3rd Year,8.17,3+
Andrea Elliott,twhite@salazar.info,Female,23,M.Tech,,Civil,1st Year,8.39,
Sheena Webb,smithconnie@gmail.com,Female,20,BCA,,Civil,1st Year,5.45,1
Morgan Patton,cooperanna@hotmail.com,Female,26,M.Tech,,ECE,2nd Year,9.43,2
Donna Lewis,rodriguezsara@gonzalez.com,Female,27,Other,Metallurgist,Civil,3rd Year,5.84,1
Troy Merritt,nguyenjoshua@hotmail.com,Other,27,Other,Jewellery designer,Electrical,2nd Year,8.92,
Julie Wilkerson,kristinmoore@cervantes.com,Female,21,BCA,,CSE,Completed,8.98,2
Erin Brown,mario58@gmail.com,Female,23,B.E,,Mechanical,Completed,6.14,
Sarah Daniel,carrjennifer@yahoo.com,Other,21,B.Tech,,CSE,1st Year,8.61,2
Jason Davis,tammy09@gross.com,Female,27,B.Sc,,IT,Completed,7.37,3+
Lauren Willis,david02@gmail.com,Female,22,M.Tech,,CSE,3rd Year,7.51,3+
Duane Arnold,castillorandall@griffin-duran.com,Male,25,B.E,,ECE,4th Year,5.12,3+
Kathleen Livingston,malik81@kramer.com,Male,26,MCA,,Mechanical,4th Year,6.07,1
Thomas Chaney,johnsondavid@cunningham.com,Female,26,Other,"Engineer, manufacturing systems",IT,1st Year,9.72,
Alec Rosario,diana86@gmail.com,Other,26,M.Sc,,IT,3rd Year,8.7,1
Casey Nguyen,ndyer@turner-leon.com,Other,26,B.E,,Civil,1st Year,7.8,
Devin Woods,thompsonsarah@goodwin-brown.info,Male,27,M.Sc,,Civil,2nd Year,9.13,3+
James Perkins,jasminesantos@davis.info,Male,18,B.Tech,,IT,4th Year,6.51,1
Jay Lee,tbowman@graham.org,Male,26,B.Sc,,CSE,1st Year,7.96,2
Timothy Richards,sototimothy@day-reed.com,Other,19,B.E,,Mechanical,2nd Year,5.69,1
Anthony Jimenez,emack@martin.com,Male,19,B.Sc,,Mechanical,4th Year,8.42,3+
Maurice Cook,mturner@jones.com,Female,20,M.Sc,,ECE,2nd Year,6.59,3+
Frank King,philipphillips@terrell.com,Male,23,BCA,,Electrical,2nd Year,8.42,3+
Elizabeth Hunter,susanclark@reyes.com,Male,18,M.Tech,,ECE,Completed,6.17,3+
Paula Blair,brandon34@hotmail.com,Male,20,B.E,,CSE,1st Year,8.14,
Sarah Rivera,charleslopez@hotmail.com,Male,23,Other,Advertising copywriter,Mechanical,1st Year,5.03,1
Devin Woods,thompsonsarah@goodwin-brown.info,Male,27,M.Sc,,Civil,2nd Year,9.13,3+
Nicole Allen,brookewilson@hall.com,Other,20,B.Tech,,Mechanical,3rd Year,5.41,
Holly Price,fosterkelly@norman.biz,Other,25,B.Sc,,Mechanical,4th Year,7.1,
Frances Oneill,valentineallen@gmail.com,Female,30,B.Sc,,CSE,2nd Year,5.72,
Anthony Cummings,hayespatrick@yahoo.com,Female,23,Other,Homeopath,Electrical,1st Year,6.09,1
Edward Scott,angelaroberts@gmail.com,Female,24,M.Tech,,CSE,1st Year,6.9,2
Melanie Johnson,crystalcastaneda@hotmail.com,Male,25,B.E,,Mechanical,2nd Year,5.28,3+
Sara Chaney,jonesjennifer@gmail.com,Female,23,M.Tech,,Civil,3rd Year,7.83,3+
Brandon Grant,cynthiahernandez@gmail.com,Other,20,M.Tech,,Electrical,Completed,8.57,3+
Amy Ingram,hartgerald@scott-murray.biz,Other,23,Other,International aid/development worker,IT,1st Year,6.67,2
Steven Holland,fpadilla@nguyen-johnson.com,Other,18,BCA,,Electrical,3rd Year,9.56,2
Tiffany Smith,cynthia52@cook.com,Male,28,B.Tech,,Mechanical,1st Year,8.79,1
Scott Rodriguez,robinrobinson@norton.info,Male,25,M.Tech,,CSE,Completed,8.7,
Lindsay Martin,christinawilliams@mcgee.com,Male,23,B.Tech,,Civil,1st Year,8.47,3+
Dalton Williams,matthew16@cunningham-powell.org,Female,28,B.E,,Electrical,Completed,9.92,1
Jeremy Mcgee,haydennorton@yahoo.com,Male,21,M.Sc,,Mechanical,2nd Year,6.42,2
Joshua Morris,jacobschristopher@gmail.com,Male,21,M.Tech,,CSE,2nd Year,9.32,3+
Susan Hunt,johnsonyesenia@hotmail.com,Male,19,MCA,,Electrical,1st Year,9.97,2
Mark Gutierrez,aodonnell@yahoo.com,Female,30,B.Tech,,CSE,2nd Year,7.54,
Jacob Parker,megan33@sparks.com,Male,18,B.Sc,,CSE,1st Year,6.09,3+
Christopher Cummings DDS,vwallace@hotmail.com,Female,26,M.Sc,,ECE,4th Year,7.55,
Jenna Hopkins,fherring@rogers.info,Female,21,B.Sc,,Mechanical,2nd Year,9.04,1
Nicole Mills,phamlucas@yahoo.com,Female,21,B.E,,CSE,1st Year,8.62,1
Richard Garrett,ireed@gmail.com,Male,25,M.Tech,,Mechanical,2nd Year,8.95,1
Tonya Velez,jzimmerman@gmail.com,Male,22,B.E,,Mechanical,1st Year,7.6,
Jessica Cummings,erinhoward@cook.com,Female,21,B.E,,Electrical,4th Year,5.4,3+
Jason Thomas,gponce@anderson.com,Male,21,M.Sc,,Electrical,2nd Year,9.88,
Andrew Munoz,cholloway@harrison-villarreal.org,Male,28,B.Tech,,CSE,4th Year,6.65,
John Solomon,dmitchell@hotmail.com,Male,29,B.E,,IT,2nd Year,6.27,1
Gregory Jones,denise54@holland.net,Male,23,B.Tech,,Civil,2nd Year,8.02,
Donald Perry,ronald27@berry.com,Female,30,B.Sc,,IT,1st Year,9.03,
Ruben Bell,rlewis@yahoo.com,Male,22,B.E,,CSE,Completed,9.13,1
Debra Vasquez,newmanjason@gmail.com,Other,26,M.Tech,,IT,3rd Year,6.91,1
Andrew Brown,frank15@hubbard-chapman.com,Female,19,M.Sc,,ECE,1st Year,9.09,2
David Smith,dwolfe@henderson.com,Male,22,Other,"Exhibitions officer, museum/gallery",Civil,2nd Year,5.46,
Mark Ramirez,aobrien@sanchez.com,Female,27,B.E,,ECE,1st Year,9.25,
Eric Mccullough,nicholaswhite@guerra.com,Male,27,B.Sc,,Electrical,4th Year,7.74,3+
Carlos Schaefer,george42@maxwell.biz,Male,21,M.Sc,,Civil,Completed,6.55,2
Elizabeth Smith,jamesstephanie@gmail.com,Male,25,B.Tech,,IT,3rd Year,5.03,1
Erin Hammond,emilymontgomery@hotmail.com,Female,24,B.Tech,,CSE,Completed,6.02,
Jeanne Cohen,carolwagner@williams-wright.biz,Male,24,B.E,,Civil,2nd Year,8.26,3+
Sarah Rivera,charleslopez@hotmail.com,Male,23,Other,Advertising copywriter,Mechanical,1st Year,5.03,1
David Smith,dwolfe@henderson.com,Male,22,Other,"Exhibitions officer, museum/gallery",Civil,2nd Year,5.46,
Timothy Richards,sototimothy@day-reed.com,Other,19,B.E,,Mechanical,2nd Year,5.69,1
Larry Bowers,lori52@gmail.com,Other,24,M.Tech,,Electrical,4th Year,6.06,3+
Nicole Johnson,qnewton@hotmail.com,Male,30,Other,Press sub,IT,2nd Year,7.24,
Theresa Nunez,jamesyoder@castillo.info,Male,18,Other,Public affairs consultant,Mechanical,3rd Year,8.77,3+
Anna Baker,ricardo09@gomez.com,Female,26,M.Tech,,Mechanical,3rd Year,9.26,
Jessica Jackson,carlosenglish@perez.com,Female,19,Other,Adult guidance worker,Civil,Completed,8.77,
John Young,agarza@hotmail.com,Male,27,B.Tech,,Mechanical,1st Year,8.93,1
Dawn Kim,brendastewart@yahoo.com,Other,24,M.Tech,,Electrical,2nd Year,9.84,2
Emily Moore,katelyn66@hotmail.com,Female,24,B.E,,Electrical,4th Year,9.74,3+
Cindy Holland,houstonmary@mcdonald.com,Other,21,M.Sc,,Civil,1st Year,6.1,3+
Joshua Hall,bruce72@gmail.com,Other,28,MCA,,Electrical,Completed,6.19,1
Michael Obrien,christianwilliams@wade.com,Other,19,MCA,,IT,1st Year,6.3,3+
Tracy Miller,fhaley@hotmail.com,Female,30,B.Sc,,Electrical,3rd Year,6.47,3+
Anne Flores,sherrythompson@hotmail.com,Male,18,BCA,,Electrical,2nd Year,7.2,2
Robert Goodwin,billyfritz@gmail.com,Female,19,B.Tech,,Mechanical,2nd Year,5.68,2
Brianna Oliver,jon65@robinson.info,Other,24,M.Tech,,CSE,Completed,9.99,
Charles Johnson,nmora@short-hernandez.com,Male,29,M.Tech,,Mechanical,3rd Year,8.18,1
Ronald Monroe,morenotimothy@anderson.com,Other,18,B.E,,IT,1st Year,8.62,
Dr. Betty Cunningham,pwilliams@hotmail.com,Other,19,BCA,,IT,3rd Year,9.28,2
Jennifer Mason,ashley82@yahoo.com,Other,19,BCA,,IT,3rd Year,7.74,
Susan Le,ojackson@smith.com,Other,26,B.Tech,,Mechanical,2nd Year,8.27,1
Debra Holland,meaton@hotmail.com,Male,18,B.E,,Electrical,1st Year,7.74,2
Jessica Robinson,thomasday@giles-richards.com,Other,23,Other,Insurance account manager,Civil,3rd Year,7.79,1
Tammy Christian PhD,elizabethtrujillo@hotmail.com,Female,29,B.Sc,,ECE,1st Year,9.23,
Adrian Ward,carol53@hotmail.com,Male,21,B.Tech,,ECE,4th Year,5.54,
Jacob Anderson,julielewis@ferguson.com,Female,18,BCA,,CSE,2nd Year,6.57,3+
Diane Brown,sjames@henry-andrews.biz,Female,30,M.Sc,,IT,4th Year,5.83,2
Rebecca Martinez,jessicahill@stephens-lara.com,Male,30,B.E,,ECE,4th Year,6.87,1
Brenda Nguyen,joseph14@hotmail.com,Other,24,M.Sc,,CSE,2nd Year,7.78,1
Kevin Hampton,michael96@johnson-li.info,Other,28,B.Sc,,Mechanical,Completed,6.18,1
Wesley Barker,rodriguezeric@hotmail.com,Male,27,M.Sc,,Civil,4th Year,5.54,3+
Bethany Navarro,nicholas95@yahoo.com,Other,24,B.E,,Electrical,Completed,9.44,1
Russell Martin,raymondreyes@gmail.com,Other,21,M.Tech,,Mechanical,2nd Year,9.83,
Stephanie Becker,ksmith@gmail.com,Male,21,Other,"Accountant, chartered",CSE,2nd Year,6.56,2
William Molina,randymedina@yahoo.com,Male,25,B.E,,Civil,4th Year,8.49,3+
Suzanne Diaz,calvingriffin@ortiz.info,Other,18,MCA,,Mechanical,Completed,6.32,1
Donald Perry,ronald27@berry.com,Female,30,B.Sc,,IT,1st Year,9.03,
Alyssa Oneal,xtaylor@cobb-johnson.com,Female,25,BCA,,CSE,Completed,6.56,3+
Megan Smith,huffmanjonathan@lowe-steele.com,Female,20,M.Sc,,ECE,Completed,9.22,2
Michael Thomas,brownjoseph@yahoo.com,Other,27,B.Tech,,CSE,1st Year,8.7,1
Michael Rodriguez,mwise@hotmail.com,Male,29,B.Sc,,Electrical,1st Year,5.47,1
Samantha Morgan,ferrellgregory@ray.com,Male,20,B.E,,Mechanical,1st Year,6.74,
Grant Oconnell,hilllaura@hotmail.com,Female,23,M.Tech,,IT,3rd Year,8.36,2
Kyle Escobar,ericksonstacey@wagner.com,Other,27,MCA,,ECE,3rd Year,5.37,2
Dawn Lawrence,malikunderwood@yahoo.com,Male,20,MCA,,ECE,Completed,7.45,3+
William Wall,johnstonsarah@yahoo.com,Female,18,B.Sc,,CSE,3rd Year,8.25,3+
Jennifer Waters,fharvey@miller.org,Male,23,BCA,,IT,2nd Year,7.59,
Bradley Colon,owensrachel@hotmail.com,Male,18,BCA,,IT,1st Year,6.03,2
Jessica Trevino,nlyons@gmail.com,Other,27,M.Tech,,CSE,3rd Year,9.48,3+
Justin Humphrey,zdavis@newton.com,Male,24,Other,Seismic interpreter,CSE,4th Year,6.45,
Karen Bryan,davisoscar@hotmail.com,Male,29,B.Tech,,CSE,1st Year,9.58,2
Michael Pacheco,ynorris@rosales-gilbert.com,Male,27,M.Sc,,CSE,2nd Year,7.45,
Mr. Zachary Green,cbrown@walters.com,Male,18,M.Tech,,Civil,4th Year,6.35,1
Karen Bryan,davisoscar@hotmail.com,Male,29,B.Tech,,CSE,1st Year,9.58,2
Brian Garner,sweeneydavid@ray-smith.biz,Male,29,M.Sc,,CSE,2nd Year,5.65,
Charles Allen,scott40@gmail.com,Other,18,B.Tech,,ECE,2nd Year,7.25,3+
Chad Thomas,huntjessica@spencer.com,Other,18,B.E,,Civil,Completed,5.21,3+
Brian Leonard,srichards@evans.com,Female,30,B.Tech,,Mechanical,1st Year,6.36,3+
Rachel Smith,alyssaholland@yahoo.com,Female,22,MCA,,Civil,4th Year,5.11,
Katherine Bowers,gmaxwell@hotmail.com,Other,18,B.Sc,,CSE,1st Year,7.72,3+
Heather Cruz,vangmonique@jones.info,Male,19,B.E,,Electrical,1st Year,5.26,1
Morgan Cherry,blairxavier@yahoo.com,Female,27,B.Tech,,IT,1st Year,8.23,3+
Mary Martinez,lewisjulia@lucas.biz,Female,25,M.Tech,,ECE,1st Year,9.95,3+
Alejandra Campbell,megan21@hotmail.com,Female,18,M.Sc,,Mechanical,3rd Year,6.01,3+
Wesley Barker,rodriguezeric@hotmail.com,Male,27,M.Sc,,Civil,4th Year,5.54,3+
Rebecca Martinez,jessicahill@stephens-lara.com,Male,30,B.E,,ECE,4th Year,6.87,1
David Whitaker,timothykelley@hotmail.com,Female,19,M.Tech,,Civil,2nd Year,9.38,
Crystal Nixon,davidconrad@yahoo.com,Other,27,MCA,,ECE,1st Year,5.65,3+
Matthew Goodman,katie04@clarke-kelley.net,Other,19,B.Sc,,Mechanical,2nd Year,8.89,2
Jason Robinson,stephenrivera@hotmail.com,Female,23,MCA,,Mechanical,1st Year,9.1,3+
Thomas Gill,rachel05@allen.com,Other,26,MCA,,IT,Completed,6.46,2
Heather Johnson,gary28@hotmail.com,Other,23,B.Tech,,ECE,3rd Year,6.87,
Christopher Cummings DDS,vwallace@hotmail.com,Female,26,M.Sc,,ECE,4th Year,7.55,
Joshua Chan,ihunt@olson.com,Other,24,MCA,,CSE,4th Year,6.05,2
Michael Chan,xcollins@hotmail.com,Other,19,B.E,,IT,2nd Year,9.07,3+
Linda Stevens,thompsondanielle@hotmail.com,Other,23,B.Sc,,ECE,3rd Year,9.7,2
Nathaniel Herrera,seanhayden@yahoo.com,Female,22,M.Sc,,ECE,2nd Year,5.52,1
Jaime Johnson,carrie64@jones.org,Female,21,BCA,,CSE,4th Year,7.42,2
John Porter,petersonlogan@hotmail.com,Other,23,Other,"Designer, fashion/clothing",Civil,3rd Year,6.71,2
Wendy Martinez,michaelnelson@cole-taylor.com,Male,22,M.Sc,,Civil,4th Year,6.99,3+
Dr. Jessica Rivera PhD,tracy39@hotmail.com,Female,29,M.Tech,,ECE,Completed,9.41,3+
Kara Wheeler,richardsbrandy@owens.com,Female,29,BCA,,Mechanical,3rd Year,6.03,2
Allison Rodgers,lbenjamin@contreras-english.com,Male,22,B.Sc,,Mechanical,3rd Year,9.48,2
Rachel Smith,alyssaholland@yahoo.com,Female,22,MCA,,Civil,4th Year,5.11,
Patricia Lewis,kristenchurch@hotmail.com,Other,19,M.Tech,,CSE,1st Year,6.41,3+
Benjamin Davis,tina40@lowery.com,Male,22,M.Sc,,IT,3rd Year,8.17,3+
William Keller,floresjavier@blankenship-mann.com,Female,27,B.Sc,,Electrical,4th Year,6.37,3+
Carolyn Williams,karithomas@hotmail.com,Male,18,M.Tech,,ECE,1st Year,5.56,1
Jennifer Tate,jeremy64@lee.info,Female,25,BCA,,CSE,3rd Year,8.7,1
Curtis Vasquez,williamselizabeth@hotmail.com,Other,20,B.Sc,,CSE,4th Year,6.21,3+
Katelyn Graham,ohampton@king.com,Female,18,B.Tech,,CSE,3rd Year,9.82,1
Thomas Chavez,jessica83@cowan-kaiser.com,Other,26,BCA,,ECE,Completed,5.49,2
Jaime Johnson,carrie64@jones.org,Female,21,BCA,,CSE,4th Year,7.42,2
Ernest Bates,campbelllinda@garcia.net,Female,25,Other,"Psychologist, sport and exercise",ECE,1st Year,9.46,2
Dean Greene,gordon05@george-christensen.biz,Male,29,B.Sc,,Civil,1st Year,9.48,1
Shannon Sosa,gonzalezcatherine@gomez-davis.net,Other,26,M.Sc,,Mechanical,1st Year,9.79,
Janet Brown,omorris@moyer.info,Male,25,MCA,,IT,3rd Year,5.62,
Brandon Mendez,nicolaswang@yahoo.com,Male,29,BCA,,Electrical,3rd Year,7.64,1
Nicole Sharp,omiranda@rush.com,Other,24,BCA,,Mechanical,2nd Year,9.78,1
Felicia Thomas,blakeboyd@yahoo.com,Female,18,M.Tech,,CSE,1st Year,9.85,
Michele Conway,hardychristina@gmail.com,Male,22,B.Sc,,Civil,1st Year,8.63,
Johnny Hunt,imarquez@gmail.com,Male,30,B.Sc,,ECE,4th Year,6.17,3+
Jaime Johnson,carrie64@jones.org,Female,21,BCA,,CSE,4th Year,7.42,2
Rachel Smith,alyssaholland@yahoo.com,Female,22,MCA,,Civil,4th Year,5.11,
Tyler Levy,geraldcooper@walker-rodriguez.biz,Female,28,B.Tech,,Mechanical,Completed,7.82,3+
Amanda Fisher,charles61@yahoo.com,Other,19,M.Tech,,Electrical,2nd Year,6.84,2
Cheryl Terrell,shannon51@hoover-butler.com,Male,26,B.Tech,,CSE,2nd Year,9.55,1
John Young,agarza@hotmail.com,Male,27,B.Tech,,Mechanical,1st Year,8.93,1
Duane Arnold,castillorandall@griffin-duran.com,Male,25,B.E,,ECE,4th Year,5.12,3+
Jessica Carter,millerjennifer@gmail.com,Other,26,M.Tech,,Mechanical,1st Year,6.44,1
Patrick Bennett,uheath@hotmail.com,Other,24,B.Tech,,IT,2nd Year,5.52,3+
Marie Parker,phogan@jackson-higgins.com,Female,19,B.E,,ECE,2nd Year,9.57,3+
Carolyn Williams,karithomas@hotmail.com,Male,18,M.Tech,,ECE,1st Year,5.56,1
Lauren Davis,zhall@diaz-small.info,Female,25,MCA,,Electrical,2nd Year,5.76,2
Hector Mullen,stephanieknox@guzman-hughes.biz,Other,27,B.Tech,,Mechanical,4th Year,8.06,3+
Diana Nguyen,noah56@hotmail.com,Male,24,M.Sc,,ECE,Completed,8.26,3+
Emma Robinson,tgonzalez@gregory.net,Female,19,B.E,,Civil,2nd Year,8.74,
Christopher Cummings DDS,vwallace@hotmail.com,Female,26,M.Sc,,ECE,4th Year,7.55,
William Cardenas,harrisrandy@hotmail.com,Other,28,B.E,,IT,1st Year,7.46,1
Philip Atkins,terry93@velazquez-dunn.com,Other,24,B.Sc,,Mechanical,2nd Year,6.12,1
Anthony Reese,kevin99@anthony-berry.com,Male,25,B.E,,Electrical,4th Year,5.83,3+
Amy Beck,anne86@hotmail.com,Male,19,BCA,,Electrical,4th Year,7.26,1
Kathryn Freeman,alexanderlambert@martin.net,Other,22,M.Sc,,ECE,2nd Year,5.22,
Michelle Brown,lharmon@weaver.com,Male,22,M.Tech,,Electrical,Completed,5.38,2
Carlos Bell,tanyaalvarado@yahoo.com,Other,29,B.E,,ECE,3rd Year,6.59,
Keith Payne,vyoung@white.com,Other,25,Other,Marine scientist,IT,4th Year,8.7,
Jonathan Smith,kristinagarza@yahoo.com,Male,18,Other,Retail banker,IT,Completed,5.17,3+
Diane Proctor,michelle79@carr.info,Male,28,M.Tech,,Civil,3rd Year,6.34,3+
Stephen Reynolds,phyllisnelson@smith.org,Female,28,M.Sc,,Civil,3rd Year,5.78,1
David Lane,qmartin@yahoo.com,Female,30,Other,Radio producer,Civil,Completed,6.14,2
Isaac Vargas,xgonzalez@yahoo.com,Other,29,B.Tech,,CSE,2nd Year,6.93,
Ashley Brooks,cbrewer@gmail.com,Male,25,M.Sc,,CSE,2nd Year,6.35,
Krista Houston,uball@gmail.com,Male,28,BCA,,IT,3rd Year,6.48,2
Linda Davis,xjones@yahoo.com,Female,23,M.Tech,,Civil,4th Year,7.09,
Jeffrey Roberts,elizabeth01@hicks.com,Other,25,BCA,,ECE,4th Year,7.97,3+
James Davenport,dwarren@yahoo.com,Other,19,BCA,,CSE,Completed,5.99,2
Kelly Terry,klee@vasquez-johnson.info,Female,27,BCA,,CSE,1st Year,8.05,3+
Andrew Butler,gregoryharris@yahoo.com,Other,27,B.Tech,,IT,3rd Year,8.56,3+
Lindsey Alexander,hallnancy@smith.org,Male,29,M.Tech,,Mechanical,2nd Year,9.77,
Charles Johnson,nmora@short-hernandez.com,Male,29,M.Tech,,Mechanical,3rd Year,8.18,1
Elizabeth Willis,sarajohnson@clark.net,Other,29,MCA,,IT,4th Year,6.42,3+
Elizabeth Smith,jamesstephanie@gmail.com,Male,25,B.Tech,,IT,3rd Year,5.03,1
Nicholas Williams,hobbschristina@smith.org,Other,20,B.Sc,,Electrical,Completed,7.52,
Eugene White,msexton@gmail.com,Other,24,Other,IT consultant,Mechanical,Completed,9.2,3+
Jennifer Rivera,melendezdale@gmail.com,Other,30,M.Sc,,ECE,3rd Year,6.95,
Dylan Sutton,eugene71@hotmail.com,Male,26,M.Sc,,Civil,2nd Year,7.37,2
Curtis Manning,jacob53@hotmail.com,Male,25,M.Sc,,Mechanical,1st Year,7.32,
Jeffrey Cardenas,martinmelanie@hotmail.com,Female,21,BCA,,CSE,2nd Year,9.3,1
Stephanie Reid,audrey67@rodriguez.org,Female,28,M.Sc,,Electrical,3rd Year,6.01,
Barbara Holmes,alexis16@gmail.com,Female,20,Other,Barrister's clerk,Mechanical,Completed,5.92,1
Jennifer Mason,ashley82@yahoo.com,Other,19,BCA,,IT,3rd Year,7.74,
Kyle Thomas,allenbrian@yahoo.com,Male,22,BCA,,ECE,4th Year,8.89,3+
Madison Walters,ronaldlittle@rodriguez.biz,Female,21,M.Tech,,CSE,1st Year,6.34,2
Samantha Francis,peggyferguson@mcdaniel-adams.org,Other,27,Other,Photographer,CSE,2nd Year,8.33,
Katherine Sanchez,vdecker@hotmail.com,Other,24,M.Sc,,IT,4th Year,8.16,3+
Scott Grimes,sherriturner@hotmail.com,Other,20,Other,Metallurgist,CSE,2nd Year,7.51,
Natalie Lara,nthompson@morris-miller.net,Other,29,B.Sc,,IT,3rd Year,5.04,1
Monica Gray,tjohnson@smith.net,Other,27,B.E,,Electrical,3rd Year,9.53,
Deborah Lewis,warrenjacob@yahoo.com,Female,20,M.Sc,,Electrical,Completed,8.78,1
James Davenport,dwarren@yahoo.com,Other,19,BCA,,CSE,Completed,5.99,2
Jennifer King,reyesjonathan@turner-wells.net,Other,28,M.Tech,,ECE,2nd Year,8.92,1
Victor Sosa,mallory99@mcguire.com,Other,21,BCA,,CSE,3rd Year,8.09,1
Robert Goodwin,billyfritz@gmail.com,Female,19,B.Tech,,Mechanical,2nd Year,5.68,2
Mark Martinez,mcphersonbrenda@hall.com,Female,19,BCA,,IT,2nd Year,7.89,3+
David Whitaker,timothykelley@hotmail.com,Female,19,M.Tech,,Civil,2nd Year,9.38,
Michael Chan,xcollins@hotmail.com,Other,19,B.E,,IT,2nd Year,9.07,3+
Peter Pham,ryan79@hotmail.com,Other,20,M.Tech,,Electrical,1st Year,7.09,2
Elizabeth Ryan,chuerta@gordon.com,Female,21,B.Tech,,Electrical,1st Year,8.77,1
Pamela Osborne,shannon70@williams.com,Other,30,M.Sc,,Civil,1st Year,7.15,3+
Bobby Howell,kimashlee@matthews.info,Male,26,M.Tech,,CSE,1st Year,5.08,3+
Jessica Weber,michellerandall@hotmail.com,Female,23,B.Tech,,CSE,1st Year,7.24,2
Kelly Torres,kyle61@smith.com,Male,28,M.Sc,,CSE,3rd Year,8.99,2
Kenneth Davies,nicholasmartin@gmail.com,Female,27,MCA,,ECE,Completed,6.4,1
Patrick Bennett,uheath@hotmail.com,Other,24,B.Tech,,IT,2nd Year,5.52,3+
Christopher Cummings DDS,vwallace@hotmail.com,Female,26,M.Sc,,ECE,4th Year,7.55,
Carolyn Williams,karithomas@hotmail.com,Male,18,M.Tech,,ECE,1st Year,5.56,1
Todd Schneider,rdean@yahoo.com,Other,27,BCA,,Civil,1st Year,9.4,2
Richard Ortiz,leblanclisa@gmail.com,Other,26,B.Sc,,CSE,Completed,9.73,1
Lauren Thompson,cheryl99@riley-gutierrez.biz,Other,18,M.Sc,,Mechanical,2nd Year,6.34,
Ashley Arnold,kyle37@miller-preston.com,Female,28,M.Sc,,Mechanical,3rd Year,6.88,3+
John Porter,petersonlogan@hotmail.com,Other,23,Other,"Designer, fashion/clothing",Civil,3rd Year,6.71,2
Michael Kaufman,stevenfrederick@wells.com,Male,23,M.Sc,,ECE,4th Year,6.44,3+
Matthew Jones,cameron30@gmail.com,Other,28,M.Tech,,IT,Completed,9.52,3+
Erica Brooks,kyle93@gomez.net,Other,21,B.Tech,,CSE,4th Year,8.59,3+
William Travis,megan66@christensen.com,Male,29,Other,"Surveyor, rural practice",IT,Completed,9.39,1
Mikayla Palmer,smithdiana@leach.com,Male,27,Other,"Teacher, English as a foreign language",ECE,4th Year,5.78,2
Nathaniel Herrera,seanhayden@yahoo.com,Female,22,M.Sc,,ECE,2nd Year,5.52,1
Lindsay Anderson,michael67@warren-vega.com,Female,23,M.Sc,,ECE,3rd Year,9.87,1
Kathy White,james99@hotmail.com,Female,20,B.Sc,,CSE,4th Year,9.2,1
Carlos Hoover,thomascarpenter@matthews.com,Female,20,BCA,,CSE,2nd Year,6.05,
Kristin Burton,catherine21@todd-mejia.com,Other,27,B.Sc,,Mechanical,4th Year,6.38,
Jack Lopez,michellemoore@hotmail.com,Other,23,BCA,,Civil,1st Year,6.73,
Charles Johnson,nmora@short-hernandez.com,Male,29,M.Tech,,Mechanical,3rd Year,8.18,1
Matthew Martinez,samanthalewis@gmail.com,Female,25,M.Sc,,Electrical,Completed,7.02,1
Rebecca Summers,chrisbraun@yahoo.com,Female,26,B.Tech,,Electrical,3rd Year,8.88,3+
Theresa Simpson,samuelmoore@jenkins.net,Female,22,B.E,,CSE,Completed,8.71,2
Nancy Gillespie,john47@allen-santana.info,Female,20,Other,"Surveyor, building",Civil,3rd Year,8.67,
Megan Simmons,amywest@rodgers.biz,Other,19,Other,"Nurse, mental health",CSE,3rd Year,7.37,2
Bobby Howell,kimashlee@matthews.info,Male,26,M.Tech,,CSE,1st Year,5.08,3+
Thomas Chaney,johnsondavid@cunningham.com,Female,26,Other,"Engineer, manufacturing systems",IT,1st Year,9.72,
Kathleen Leonard,frenchjames@yahoo.com,Other,23,B.Tech,,Mechanical,2nd Year,8.02,1
Samantha West,rachel60@gmail.com,Female,29,M.Tech,,CSE,3rd Year,6.27,
Edward Estrada,kathymccall@pham.com,Other,21,BCA,,Electrical,1st Year,8.22,2
Julie Green,jermainebrown@jones-davis.info,Other,30,Other,Chief Strategy Officer,ECE,2nd Year,7.05,
Frank Douglas,autumn17@wells.info,Male,29,Other,Conference centre manager,Civil,3rd Year,8.25,1
Mary Roberts,harrischristian@hotmail.com,Other,21,B.Sc,,Mechanical,3rd Year,8.88,2
John Moore,christopherwright@clark.com,Other,27,BCA,,ECE,Completed,5.7,1
Jose Shaffer,mortonzachary@anderson.org,Female,23,Other,"Scientist, clinical (histocompatibility and immunogenetics)",ECE,4th Year,6.87,1
Ellen Oliver,marilyn12@randolph.com,Female,24,B.Tech,,ECE,4th Year,9.85,2
Timothy Kennedy,jessica94@nichols.com,Other,18,B.E,,CSE,4th Year,5.64,2
Ashley Newman,ashley62@gmail.com,Male,21,Other,Higher education lecturer,ECE,3rd Year,8.73,2
Cynthia Hopkins,tgreen@ryan-roy.org,Male,27,M.Sc,,CSE,1st Year,5.31,2
Karen Wallace,melissa33@murillo.com,Other,23,Other,General practice doctor,Mechanical,2nd Year,9.6,3+
Tiffany Smith,cynthia52@cook.com,Male,28,B.Tech,,Mechanical,1st Year,8.79,1
Steven Tucker,thomaswood@yahoo.com,Male,27,B.E,,Civil,Completed,9.94,2
Erica Strong,maxwellcassandra@yahoo.com,Male,27,MCA,,Mechanical,3rd Year,5.81,1
Michael Hester,kgarcia@hernandez.info,Other,29,Other,Cytogeneticist,ECE,4th Year,6.63,2
Joseph Jackson,matthew76@gmail.com,Male,29,M.Sc,,CSE,3rd Year,8.14,3+
Todd Schneider,rdean@yahoo.com,Other,27,BCA,,Civil,1st Year,9.4,2
Mr. Zachary Green,cbrown@walters.com,Male,18,M.Tech,,Civil,4th Year,6.35,1
Kristina Hart,kristabishop@willis.com,Female,30,BCA,,Civil,4th Year,7.97,1
Brian Garner,sweeneydavid@ray-smith.biz,Male,29,M.Sc,,CSE,2nd Year,5.65,
Katelyn Graham,ohampton@king.com,Female,18,B.Tech,,CSE,3rd Year,9.82,1
Megan Norman,xjordan@grant-martinez.com,Other,25,M.Tech,,Mechanical,3rd Year,9.63,2
Andre Mills,powelljason@simon.com,Female,25,Other,Biomedical scientist,ECE,3rd Year,8.63,3+
Mary Carter,melvin83@barnes.net,Female,23,M.Tech,,Electrical,Completed,5.01,2
Gina Burns,williamsjessica@hodge.com,Other,19,MCA,,IT,1st Year,5.86,2
Blake Adkins III,scottclay@yahoo.com,Other,22,B.Sc,,Mechanical,Completed,8.62,1
Mark Gutierrez,aodonnell@yahoo.com,Female,30,B.Tech,,CSE,2nd Year,7.54,
Jennifer Berry,williamsanders@hotmail.com,Female,24,Other,"Social research officer, government",Mechanical,4th Year,8.68,3+
Jennifer Lopez,rodriguezmatthew@lee.net,Female,27,MCA,,Mechanical,1st Year,9.94,1
Tammy Nguyen,houstonnicholas@yahoo.com,Male,23,B.Tech,,CSE,3rd Year,7.16,
Pamela Osborne,shannon70@williams.com,Other,30,M.Sc,,Civil,1st Year,7.15,3+
Glenn Smith,danny66@yahoo.com,Other,29,M.Tech,,ECE,Completed,9.99,1
Hunter Atkins,schwartzwendy@massey.com,Female,22,Other,"Nurse, adult",Mechanical,Completed,9.12,
Michael Smith,zfreeman@fields.org,Male,23,MCA,,Civil,Completed,7.72,
Alice Gonzalez,paullittle@zuniga.com,Other,26,M.Sc,,Civil,1st Year,5.02,
Joshua Bowen,williamsxavier@curtis.com,Female,19,B.E,,ECE,2nd Year,7.49,1
Virginia Friedman,bradleymichael@yahoo.com,Female,21,B.E,,IT,3rd Year,7.04,
William Cardenas,harrisrandy@hotmail.com,Other,28,B.E,,IT,1st Year,7.46,1
Brooke Smith,juliemurphy@rios.net,Male,21,BCA,,Electrical,3rd Year,5.4,3+
Susan Le,ojackson@smith.com,Other,26,B.Tech,,Mechanical,2nd Year,8.27,1
Kenneth Huynh,shawnbrown@yahoo.com,Other,28,B.Tech,,Electrical,1st Year,9.73,2
Eugene White,msexton@gmail.com,Other,24,Other,IT consultant,Mechanical,Completed,9.2,3+
Christopher Cochran,walshheather@rodriguez-martin.com,Female,25,B.Tech,,Civil,1st Year,8.96,2
Melissa Harris,greenlori@gmail.com,Female,20,B.Tech,,Mechanical,2nd Year,6.95,2
Chloe Hill,owheeler@gmail.com,Female,24,MCA,,Civil,Completed,6.89,
John Young,agarza@hotmail.com,Male,27,B.Tech,,Mechanical,1st Year,8.93,1
Tiffany Douglas,alikenneth@yahoo.com,Other,26,M.Tech,,IT,4th Year,8.4,3+
Michael Smith,zfreeman@fields.org,Male,23,MCA,,Civil,Completed,7.72,
Mr. Alexander Moore DDS,frederick06@yahoo.com,Female,21,M.Tech,,Civil,3rd Year,7.82,1
Samuel Gilmore,erin65@hotmail.com,Other,18,M.Tech,,CSE,1st Year,5.41,1
Charles Mooney,brian43@mccormick.com,Male,29,Other,Ceramics designer,IT,2nd Year,8.18,
Jeffrey Davis,vmcneil@hotmail.com,Female,18,B.Tech,,Electrical,1st Year,7.13,
Michael Hester,kgarcia@hernandez.info,Other,29,Other,Cytogeneticist,ECE,4th Year,6.63,2
Gabrielle Fields,joshua37@clark-nelson.com,Other,25,B.Sc,,Civil,1st Year,7.46,1
Andrew Stanley,vmolina@reyes.info,Other,19,MCA,,Electrical,4th Year,5.82,1
Andre Rivas,jefferyferguson@taylor.com,Other,27,BCA,,CSE,1st Year,7.19,1
Matthew Abbott,andersenashley@johnson.biz,Other,22,M.Sc,,IT,4th Year,6.53,2
Linda Davis,xjones@yahoo.com,Female,23,M.Tech,,Civil,4th Year,7.09,
James Simpson,dwilliams@yahoo.com,Other,24,B.Tech,,ECE,4th Year,7.49,1
Renee Baker,crich@white.biz,Male,29,B.Sc,,CSE,Completed,5.95,2
Justin Walker,oneillemily@hall.org,Male,28,M.Sc,,ECE,Completed,5.87,3+
Tina Cox,pkelly@larsen.com,Other,19,BCA,,Civil,1st Year,8.37,1
Kayla Jones,reginatucker@hotmail.com,Other,26,B.E,,Civil,Completed,7.13,1
Debra Holland,meaton@hotmail.com,Male,18,B.E,,Electrical,1st Year,7.74,2
Stephen Reynolds,phyllisnelson@smith.org,Female,28,M.Sc,,Civil,3rd Year,5.78,1
Tiffany Douglas,alikenneth@yahoo.com,Other,26,M.Tech,,IT,4th Year,8.4,3+
Brandon Chen,kyleharvey@yahoo.com,Female,25,BCA,,Civil,2nd Year,9.95,2
Maurice Cook,mturner@jones.com,Female,20,M.Sc,,ECE,2nd Year,6.59,3+
Donna Mcintyre,athomas@wright.org,Female,28,M.Tech,,IT,4th Year,6.75,2
Kimberly Nguyen,nathanrobbins@gonzales-smith.biz,Female,20,BCA,,Civil,3rd Year,9.6,
William Ballard,fjohnson@hotmail.com,Other,24,B.E,,ECE,2nd Year,7.79,
Wendy Martinez,michaelnelson@cole-taylor.com,Male,22,M.Sc,,Civil,4th Year,6.99,3+
Suzanne Diaz,calvingriffin@ortiz.info,Other,18,MCA,,Mechanical,Completed,6.32,1
Michelle Herrera,markvazquez@gmail.com,Male,30,BCA,,ECE,2nd Year,6.92,1
Karen Padilla,gavin10@mcclure.net,Other,22,B.Tech,,IT,4th Year,6.43,3+
Patrick Cook,tmiles@cross-jackson.biz,Female,19,MCA,,ECE,4th Year,8.84,1
Christopher Cummings DDS,vwallace@hotmail.com,Female,26,M.Sc,,ECE,4th Year,7.55,
Lance Cooke,vcampbell@yahoo.com,Male,25,B.E,,Electrical,Completed,8.36,
Jeffrey Lee,rachaelmartin@kirby.com,Male,18,B.Sc,,IT,4th Year,9.23,1
Michael Kaufman,stevenfrederick@wells.com,Male,23,M.Sc,,ECE,4th Year,6.44,3+
Michael Lee,evankim@hotmail.com,Female,25,Other,"Sales professional, IT",Electrical,1st Year,7.49,1
Richard Gutierrez,calebsmith@hotmail.com,Other,23,M.Tech,,Civil,1st Year,9.99,
John Young,agarza@hotmail.com,Male,27,B.Tech,,Mechanical,1st Year,8.93,1
Jason Franklin,matthew80@mendoza.com,Other,21,B.E,,Mechanical,3rd Year,7.34,2
Shawn Wiggins,shannon66@yahoo.com,Male,28,B.Sc,,ECE,2nd Year,8.12,
Jesus Morgan,jeffreybaker@gmail.com,Other,27,M.Sc,,IT,2nd Year,7.19,2
Katrina Stephens,vatkins@hotmail.com,Male,27,B.Tech,,CSE,3rd Year,9.76,3+
Elizabeth Willis,sarajohnson@clark.net,Other,29,MCA,,IT,4th Year,6.42,3+
Wyatt Coleman,sroberts@cummings-taylor.com,Female,20,B.Sc,,Civil,3rd Year,6.52,
Ernest Bates,campbelllinda@garcia.net,Female,25,Other,"Psychologist, sport and exercise",ECE,1st Year,9.46,2
Kelli Jones,alexander19@mercado.com,Female,20,Other,Chartered accountant,Civil,1st Year,8.19,
Andrew Brown,frank15@hubbard-chapman.com,Female,19,M.Sc,,ECE,1st Year,9.09,2
Terry Navarro,chad95@ellis.com,Other,30,Other,Dramatherapist,CSE,2nd Year,7.51,2
Eric Jones,roycarter@gmail.com,Other,29,MCA,,Mechanical,2nd Year,8.28,1
Elizabeth Thomas,laurajones@hotmail.com,Other,29,Other,Insurance claims handler,Electrical,3rd Year,5.79,1
Maria Gill,deborahnoble@hotmail.com,Male,27,B.Tech,,Electrical,Completed,9.3,3+
Timothy White,dcarter@smith.com,Female,19,B.E,,Mechanical,1st Year,7.93,1
Jennifer Allison,michaelbishop@hotmail.com,Other,19,M.Sc,,ECE,Completed,9.58,2
Katrina Stephens,vatkins@hotmail.com,Male,27,B.Tech,,CSE,3rd Year,9.76,3+
Barbara Yang,joann68@yahoo.com,Male,22,M.Tech,,CSE,4th Year,7.96,2
Benjamin Stone,richardcooper@hotmail.com,Other,20,M.Tech,,Mechanical,1st Year,9.17,
Robert Solis,arianahernandez@yahoo.com,Female,28,BCA,,Electrical,1st Year,5.73,
Brendan Bush,llong@yahoo.com,Other,20,BCA,,Civil,2nd Year,6.01,3+
Nicole Sharp,omiranda@rush.com,Other,24,BCA,,Mechanical,2nd Year,9.78,1
Alex Villanueva,walkerjasmine@wright.biz,Female,26,MCA,,Mechanical,1st Year,9.52,1
Jamie Reese,jessicadickson@perez-rodriguez.com,Male,25,BCA,,Civil,1st Year,8.86,2
Bobby Howell,kimashlee@matthews.info,Male,26,M.Tech,,CSE,1st Year,5.08,3+
Jillian Collins,griffinjody@hotmail.com,Male,19,MCA,,Civil,2nd Year,5.62,1
Antonio Garcia,petersana@gmail.com,Male,26,MCA,,ECE,Completed,5.08,2
Christopher Blair,kleincameron@hotmail.com,Female,23,B.Sc,,CSE,2nd Year,9.76,
Michael Johnson,richardsandrea@hotmail.com,Male,21,B.E,,ECE,4th Year,6.74,
Heather Ross,grahamkyle@yahoo.com,Male,24,B.Tech,,Civil,1st Year,6.26,
Stephanie Murphy,mitchellkaitlin@hotmail.com,Female,22,M.Sc,,IT,2nd Year,9.69,
Edward Estrada,kathymccall@pham.com,Other,21,BCA,,Electrical,1st Year,8.22,2
James Watson,jamesyoung@jackson.biz,Female,24,BCA,,Electrical,2nd Year,7.75,
Kimberly Nguyen,nathanrobbins@gonzales-smith.biz,Female,20,BCA,,Civil,3rd Year,9.6,
Grant Oconnell,hilllaura@hotmail.com,Female,23,M.Tech,,IT,3rd Year,8.36,2
Elizabeth Thomas,laurajones@hotmail.com,Other,29,Other,Insurance claims handler,Electrical,3rd Year,5.79,1
Michael Martinez,edwinlee@gmail.com,Other,22,M.Sc,,CSE,Completed,9.07,3+
Bradley Colon,owensrachel@hotmail.com,Male,18,BCA,,IT,1st Year,6.03,2
Justin Rodriguez,jonathan58@yahoo.com,Male,26,MCA,,Civil,2nd Year,9.4,
Linda Davis,xjones@yahoo.com,Female,23,M.Tech,,Civil,4th Year,7.09,
George Gilbert,boydmark@gmail.com,Female,22,B.Tech,,CSE,1st Year,5.84,2
Chloe Hill,owheeler@gmail.com,Female,24,MCA,,Civil,Completed,6.89,
Lance Cooke,vcampbell@yahoo.com,Male,25,B.E,,Electrical,Completed,8.36,
Dr. Chelsea Rodriguez,villanuevamatthew@levy-lawson.com,Female,28,MCA,,Electrical,1st Year,7.23,2
Andrew Butler,gregoryharris@yahoo.com,Other,27,B.Tech,,IT,3rd Year,8.56,3+
Denise Smith,pdunn@yahoo.com,Other,19,B.E,,IT,1st Year,8.47,2
Daniel Lara,bryanholmes@hotmail.com,Female,24,M.Tech,,Electrical,3rd Year,7.81,
Mary Valenzuela,michael69@yahoo.com,Female,23,BCA,,Mechanical,Completed,7.33,1
Michael Chapman,jeffreymejia@yahoo.com,Other,24,Other,"Designer, ceramics/pottery",ECE,4th Year,8.82,3+
Keith Payne,vyoung@white.com,Other,25,Other,Marine scientist,IT,4th Year,8.7,
Krystal Clark,bonniecunningham@yahoo.com,Other,30,Other,Recruitment consultant,Electrical,Completed,6.83,2
Cynthia Green,debbie63@miller-pearson.com,Female,28,M.Sc,,Mechanical,1st Year,6.47,2
James Davenport,dwarren@yahoo.com,Other,19,BCA,,CSE,Completed,5.99,2
Erica Crawford,williamlawson@massey-taylor.com,Male,22,B.Sc,,CSE,1st Year,9.27,1
Alec Rosario,diana86@gmail.com,Other,26,M.Sc,,IT,3rd Year,8.7,1
Dr. Chelsea Rodriguez,villanuevamatthew@levy-lawson.com,Female,28,MCA,,Electrical,1st Year,7.23,2
Christopher Kim,sherry76@alexander.info,Other,21,Other,Consulting civil engineer,ECE,4th Year,9.38,
Anthony Cummings,hayespatrick@yahoo.com,Female,23,Other,Homeopath,Electrical,1st Year,6.09,1
Christine Cain,pattontimothy@gmail.com,Other,25,Other,Hospital doctor,Electrical,1st Year,7.83,2
Ryan Roach,fmiller@butler-williams.org,Female,27,B.Tech,,CSE,Completed,5.81,
Timothy White,dcarter@smith.com,Female,19,B.E,,Mechanical,1st Year,7.93,1
Carlos Schaefer,george42@maxwell.biz,Male,21,M.Sc,,Civil,Completed,6.55,2
Amanda Carrillo,andersoncharles@hernandez-brown.net,Other,21,Other,Nature conservation officer,Electrical,Completed,9.56,3+
Sandra Smith,newmancathy@gmail.com,Male,25,Other,Secretary/administrator,Civil,Completed,7.34,2
Cassandra Greene,spencer08@wallace.biz,Female,28,B.E,,Electrical,2nd Year,7.94,2
Joseph Pierce,savannah49@gmail.com,Female,26,BCA,,ECE,1st Year,7.17,3+
Jeffrey Yang,wanda78@gmail.com,Other,23,B.Sc,,Electrical,1st Year,5.43,2
Timothy Rose,amandarivera@gmail.com,Female,29,MCA,,CSE,1st Year,9.96,1
Jessica Carter,millerjennifer@gmail.com,Other,26,M.Tech,,Mechanical,1st Year,6.44,1
Zachary Nichols,brittanyhawkins@robinson.com,Male,22,MCA,,CSE,Completed,6.34,3+
Kimberly Vazquez,amanda97@herman.com,Male,25,MCA,,Civil,2nd Year,9.93,3+
Savannah Howard,dphelps@yahoo.com,Female,20,B.Tech,,Mechanical,Completed,6.88,2
Matthew Yoder,qyoung@gmail.com,Female,26,B.E,,Civil,4th Year,9.77,3+
Michele Robles,joannsmith@yahoo.com,Other,24,B.Tech,,IT,Completed,9.3,
Mr. Alexander Moore DDS,frederick06@yahoo.com,Female,21,M.Tech,,Civil,3rd Year,7.82,1
Theresa Green,maldonadotroy@hill.com,Female,18,MCA,,ECE,Completed,5.35,1
Laurie Phillips,reginakirk@gmail.com,Other,19,M.Tech,,Electrical,4th Year,5.78,3+
Justin Ferguson,hbaker@petersen.com,Female,18,Other,Copy,CSE,3rd Year,6.9,3+
David Bennett,lewiscrystal@gmail.com,Female,25,M.Sc,,CSE,2nd Year,5.62,2
Brian Hicks,medinaandrew@carter.org,Female,21,B.E,,ECE,Completed,8.81,3+
Rachel Smith,alyssaholland@yahoo.com,Female,22,MCA,,Civil,4th Year,5.11,
Diane Griffin,roberthall@valencia.com,Female,21,B.E,,ECE,4th Year,8.96,1
Louis Santana,victoriaguzman@yahoo.com,Male,23,Other,"Producer, television/film/video",Electrical,4th Year,9.27,3+
Kevin Garcia,sarahgonzalez@gmail.com,Other,27,BCA,,Electrical,3rd Year,7.66,
James Simpson,dwilliams@yahoo.com,Other,24,B.Tech,,ECE,4th Year,7.49,1
Travis Jennings,smithkelly@yahoo.com,Male,29,B.E,,IT,3rd Year,5.5,
Paige White,sandra12@yahoo.com,Other,18,BCA,,Civil,2nd Year,7.66,
Brian Martinez,ihudson@hotmail.com,Female,29,M.Tech,,Electrical,3rd Year,9.03,3+
Jessica Cummings,erinhoward@cook.com,Female,21,B.E,,Electrical,4th Year,5.4,3+
Susan Hunt,johnsonyesenia@hotmail.com,Male,19,MCA,,Electrical,1st Year,9.97,2
Crystal Nixon,davidconrad@yahoo.com,Other,27,MCA,,ECE,1st Year,5.65,3+
Richard Garrett,ireed@gmail.com,Male,25,M.Tech,,Mechanical,2nd Year,8.95,1
Tammy Nguyen,houstonnicholas@yahoo.com,Male,23,B.Tech,,CSE,3rd Year,7.16,
Blake Adkins III,scottclay@yahoo.com,Other,22,B.Sc,,Mechanical,Completed,8.62,1
Brian Williams,pricelaura@mckenzie.net,Male,21,M.Sc,,IT,4th Year,5.93,3+
Brandon Chen,kyleharvey@yahoo.com,Female,25,BCA,,Civil,2nd Year,9.95,2
Cheyenne Scott,wmurray@yahoo.com,Female,27,Other,"Production assistant, television",IT,Completed,7.01,2
Danielle Walker,dustinperez@gmail.com,Male,26,M.Tech,,Civil,4th Year,8.35,3+
Stephanie Schmidt,james22@yahoo.com,Male,30,B.E,,ECE,1st Year,9.43,3+
Kenneth Huynh,shawnbrown@yahoo.com,Other,28,B.Tech,,Electrical,1st Year,9.73,2
William Molina,randymedina@yahoo.com,Male,25,B.E,,Civil,4th Year,8.49,3+
Julie Herrera,wadewendy@manning.com,Female,20,B.Sc,,CSE,1st Year,9.96,3+
Steven Tucker,thomaswood@yahoo.com,Male,27,B.E,,Civil,Completed,9.94,2
Jennifer Berry,williamsanders@hotmail.com,Female,24,Other,"Social research officer, government",Mechanical,4th Year,8.68,3+
Jason Carter,dereklester@hotmail.com,Female,29,M.Tech,,Mechanical,4th Year,9.65,1
David Williams,chall@wise-barton.biz,Female,23,B.E,,IT,2nd Year,8.03,1
William Keller,floresjavier@blankenship-mann.com,Female,27,B.Sc,,Electrical,4th Year,6.37,3+
Mark Williams,odelgado@taylor-colon.com,Female,26,B.E,,ECE,Completed,6.49,3+
Dustin Cohen,kevinharrison@garcia-erickson.com,Male,18,Other,"Research officer, government",Civil,1st Year,5.55,3+
Jimmy Crawford,qmiller@murphy.com,Other,28,B.E,,Civil,4th Year,8.55,1
Mark Robinson,svance@gmail.com,Female,21,B.E,,IT,3rd Year,6.03,2
Paul Rogers,anthony86@williams.biz,Female,22,M.Sc,,CSE,1st Year,6.07,2
Michael Gomez,micheleliu@yahoo.com,Male,21,B.Tech,,Mechanical,2nd Year,5.46,
Billy Mcclain,johnjohnson@hotmail.com,Male,29,Other,Hospital pharmacist,IT,4th Year,6.15,1
David Arellano,perryelizabeth@gmail.com,Female,26,M.Sc,,Civil,4th Year,8.27,
Christian White,bowmantanya@randall.info,Male,20,B.Tech,,ECE,4th Year,8.73,
David Ramirez,mphillips@johnson.com,Female,27,M.Sc,,CSE,1st Year,7.89,
Kelly Torres,kyle61@smith.com,Male,28,M.Sc,,CSE,3rd Year,8.99,2
Ernest Bates,campbelllinda@garcia.net,Female,25,Other,"Psychologist, sport and exercise",ECE,1st Year,9.46,2
Michael Obrien,christianwilliams@wade.com,Other,19,MCA,,IT,1st Year,6.3,3+
Mr. Sean Bowers,dennishogan@yahoo.com,Male,22,MCA,,Civil,3rd Year,9.87,2
Alexander Lewis,ricardoford@hotmail.com,Male,20,BCA,,Civil,2nd Year,7.2,
Stephanie Reid,audrey67@rodriguez.org,Female,28,M.Sc,,Electrical,3rd Year,6.01,
Patricia Lewis,kristenchurch@hotmail.com,Other,19,M.Tech,,CSE,1st Year,6.41,3+
William Wall,johnstonsarah@yahoo.com,Female,18,B.Sc,,CSE,3rd Year,8.25,3+
Frances Oneill,valentineallen@gmail.com,Female,30,B.Sc,,CSE,2nd Year,5.72,
Michelle Hill,lisa38@curtis.net,Other,18,M.Sc,,Mechanical,Completed,7.96,2
Brian Velazquez,vandrews@gmail.com,Male,21,M.Sc,,Mechanical,4th Year,8.08,1
Martin Howard,paul29@young.com,Female,29,M.Sc,,Mechanical,1st Year,6.11,
Samantha Francis,peggyferguson@mcdaniel-adams.org,Other,27,Other,Photographer,CSE,2nd Year,8.33,
Ashley Livingston,johnsonaudrey@pierce.org,Other,27,MCA,,IT,2nd Year,5.62,2
Bobby Howell,kimashlee@matthews.info,Male,26,M.Tech,,CSE,1st Year,5.08,3+
Jonathan Lindsey,elittle@anderson-velez.com,Male,26,B.Tech,,Mechanical,2nd Year,7.54,1
Joshua Allison,nicholasmiller@fowler.com,Female,26,M.Tech,,IT,2nd Year,7.18,2
Virginia Friedman,bradleymichael@yahoo.com,Female,21,B.E,,IT,3rd Year,7.04,
Cindy Brown,williamsjessica@hotmail.com,Male,22,Other,Oceanographer,Electrical,1st Year,6.96,3+
Barbara Holmes,alexis16@gmail.com,Female,20,Other,Barrister's clerk,Mechanical,Completed,5.92,1
Jennifer Tate,jeremy64@lee.info,Female,25,BCA,,CSE,3rd Year,8.7,1
Michele Wilson,meganmoreno@patterson-stevens.com,Female,29,B.E,,IT,2nd Year,9.42,3+
Elizabeth Ryan,chuerta@gordon.com,Female,21,B.Tech,,Electrical,1st Year,8.77,1
Mary Schneider,jasonsmith@hotmail.com,Female,26,BCA,,Electrical,Completed,7.22,
Richard Brown,clarknoah@rich.net,Other,30,B.Tech,,Civil,2nd Year,7.51,1
Amy Welch,dweber@yahoo.com,Male,26,B.E,,Civil,4th Year,5.95,
Hunter Atkins,schwartzwendy@massey.com,Female,22,Other,"Nurse, adult",Mechanical,Completed,9.12,
Alicia Ayala,teresa43@gmail.com,Other,18,B.E,,Electrical,2nd Year,5.45,3+
Mary Roberts,harrischristian@hotmail.com,Other,21,B.Sc,,Mechanical,3rd Year,8.88,2
Clayton Turner,victorgibbs@roberts.biz,Female,22,B.E,,CSE,1st Year,6.0,3+
James Olson,erin30@barrera-guzman.net,Male,21,B.E,,Mechanical,Completed,8.89,3+
Monica Gray,tjohnson@smith.net,Other,27,B.E,,Electrical,3rd Year,9.53,
Peter Pham,ryan79@hotmail.com,Other,20,M.Tech,,Electrical,1st Year,7.09,2
Shirley Gonzalez,wwood@yahoo.com,Other,23,Other,Ceramics designer,Electrical,1st Year,7.92,3+
Susan Murphy,brandylynch@thomas-hughes.info,Male,23,M.Tech,,Civil,3rd Year,8.13,2
Pamela Osborne,shannon70@williams.com,Other,30,M.Sc,,Civil,1st Year,7.15,3+
Edward Estrada,kathymccall@pham.com,Other,21,BCA,,Electrical,1st Year,8.22,2
Glenn Smith,danny66@yahoo.com,Other,29,M.Tech,,ECE,Completed,9.99,1
Lindsay Thompson,romerogina@martinez.biz,Female,18,M.Sc,,IT,4th Year,9.6,1
Jeffrey Peterson,crossbrittany@duncan-jackson.com,Female,18,Other,Systems analyst,IT,2nd Year,8.78,1
Crystal Nixon,davidconrad@yahoo.com,Other,27,MCA,,ECE,1st Year,5.65,3+
Lisa Rivas,vlopez@yahoo.com,Other,23,M.Tech,,Civil,4th Year,7.64,
Kenneth Davies,nicholasmartin@gmail.com,Female,27,MCA,,ECE,Completed,6.4,1
Miss Joanna Matthews,christinehaley@yahoo.com,Female,21,B.Tech,,Mechanical,1st Year,9.82,
Cory Alexander,grayautumn@sosa-soto.com,Female,21,BCA,,Electrical,4th Year,8.92,3+
Larry Smith,molly46@mason.com,Female,26,BCA,,CSE,4th Year,7.53,2
Tammy Leblanc,bautistacharles@rodriguez.info,Female,26,B.Tech,,CSE,1st Year,8.37,
Jessica Cook,wdavis@jones.com,Other,22,B.Sc,,CSE,4th Year,9.05,2
Ashley Livingston,johnsonaudrey@pierce.org,Other,27,MCA,,IT,2nd Year,5.62,2
Jason Castillo,hutchinsonnatalie@yahoo.com,Other,25,M.Sc,,Civil,4th Year,5.0,1
Garrett Blackwell,craigfrancis@gmail.com,Other,29,B.Tech,,Civil,Completed,7.97,2
Kimberly Nguyen,nathanrobbins@gonzales-smith.biz,Female,20,BCA,,Civil,3rd Year,9.6,
Donald Jennings,sgarza@hanson.org,Male,28,B.Sc,,CSE,2nd Year,9.64,3+
David Lane,qmartin@yahoo.com,Female,30,Other,Radio producer,Civil,Completed,6.14,2
James Perkins,jasminesantos@davis.info,Male,18,B.Tech,,IT,4th Year,6.51,1
Katrina Frye,morrisamanda@ramos.com,Other,19,M.Tech,,IT,Completed,6.2,3+
Courtney Byrd MD,ellisonmarilyn@smith.com,Female,25,B.Tech,,Electrical,Completed,8.59,
William Kane,larry24@gmail.com,Other,20,M.Tech,,Civil,3rd Year,6.41,2
Holly Robinson,klewis@white-cruz.com,Male,25,M.Sc,,IT,3rd Year,9.13,
Ian Powell,lori39@sanders.com,Male,23,MCA,,Electrical,Completed,9.19,3+
Mikayla Palmer,smithdiana@leach.com,Male,27,Other,"Teacher, English as a foreign language",ECE,4th Year,5.78,2
Erica Moore,mary08@atkinson.com,Other,22,M.Sc,,IT,4th Year,5.47,3+
Justin Humphrey,zdavis@newton.com,Male,24,Other,Seismic interpreter,CSE,4th Year,6.45,
Mark Hudson,vswanson@miller.com,Other,29,M.Tech,,IT,Completed,9.32,1
Edward Williamson,xboyle@hurst.com,Male,19,B.E,,IT,Completed,8.94,3+
April Brock,frios@hotmail.com,Female,23,M.Tech,,ECE,Completed,7.24,3+
Amber Winters,fwilliams@hotmail.com,Female,27,B.Tech,,Mechanical,3rd Year,7.72,1
Alison Wong,ramirezcaitlin@harris-walker.com,Male,18,B.E,,Electrical,Completed,5.65,3+
Chelsea Choi,twilson@acosta.com,Male,20,MCA,,CSE,Completed,5.83,1
Cheyenne Scott,wmurray@yahoo.com,Female,27,Other,"Production assistant, television",IT,Completed,7.01,2
Barbara Holmes,alexis16@gmail.com,Female,20,Other,Barrister's clerk,Mechanical,Completed,5.92,1
Terry Mercado,amberdowns@nunez-washington.net,Other,30,MCA,,Mechanical,4th Year,8.06,
Taylor Reyes,madisonmartinez@yahoo.com,Male,29,B.E,,CSE,2nd Year,8.33,
Sherry Clark,fjackson@hotmail.com,Male,23,BCA,,ECE,3rd Year,9.58,
Monica Gray,tjohnson@smith.net,Other,27,B.E,,Electrical,3rd Year,9.53,
Elizabeth Campbell,hellis@joseph-nolan.org,Male,27,Other,Interpreter,Civil,Completed,6.03,1
Cindy Watson,ricky53@yahoo.com,Female,25,B.Tech,,IT,Completed,5.63,2
Kevin Garcia,sarahgonzalez@gmail.com,Other,27,BCA,,Electrical,3rd Year,7.66,
Denise Smith,pdunn@yahoo.com,Other,19,B.E,,IT,1st Year,8.47,2
Jessica Cummings,erinhoward@cook.com,Female,21,B.E,,Electrical,4th Year,5.4,3+
Kyle Thomas,allenbrian@yahoo.com,Male,22,BCA,,ECE,4th Year,8.89,3+
Anthony Cummings,hayespatrick@yahoo.com,Female,23,Other,Homeopath,Electrical,1st Year,6.09,1
Brandon Grant,cynthiahernandez@gmail.com,Other,20,M.Tech,,Electrical,Completed,8.57,3+
Michael Martinez,edwinlee@gmail.com,Other,22,M.Sc,,CSE,Completed,9.07,3+
Carrie Bishop,zolsen@gaines.com,Female,26,B.Sc,,CSE,1st Year,7.44,3+
Tiffany Williams,meyerjulian@quinn-kelley.com,Male,26,B.Tech,,Electrical,Completed,7.82,1
Andrea Elliott,twhite@salazar.info,Female,23,M.Tech,,Civil,1st Year,8.39,
Matthew Giles,ikim@yahoo.com,Male,30,BCA,,IT,1st Year,9.54,2
Alicia Ayala,teresa43@gmail.com,Other,18,B.E,,Electrical,2nd Year,5.45,3+
Brooke White,csmith@jones.biz,Female,27,B.E,,Mechanical,1st Year,9.98,3+
Carlos Baker,ramirezdaniel@parker-duke.com,Female,30,MCA,,Civil,1st Year,7.79,
Michael Rodriguez,mwise@hotmail.com,Male,29,B.Sc,,Electrical,1st Year,5.47,1
Jillian Stokes,paul88@weber.com,Male,23,M.Sc,,Mechanical,4th Year,7.18,
Katherine Sanchez,vdecker@hotmail.com,Other,24,M.Sc,,IT,4th Year,8.16,3+
Christopher Mcgee,sonya75@yahoo.com,Other,27,B.Tech,,ECE,4th Year,8.15,2
Melanie Miranda,rodriguezmatthew@watts-andrews.com,Male,30,Other,"Engineer, site",IT,1st Year,5.77,2
Paula Blair,brandon34@hotmail.com,Male,20,B.E,,CSE,1st Year,8.14,
Erik Matthews,anthonyandrew@white.info,Other,22,MCA,,Mechanical,Completed,6.88,2
Eric Jones,roycarter@gmail.com,Other,29,MCA,,Mechanical,2nd Year,8.28,1
Pamela Carr,ujones@gmail.com,Other,20,BCA,,IT,Completed,5.47,
Jennifer Mason,ashley82@yahoo.com,Other,19,BCA,,IT,3rd Year,7.74,
Daniel Tucker,william63@yahoo.com,Female,28,Other,"Nurse, adult",Civil,Completed,5.4,
Troy Holden,claire01@kerr.com,Male,30,BCA,,Mechanical,3rd Year,9.69,
Olivia Hernandez,deborah08@hotmail.com,Other,22,BCA,,Civil,2nd Year,10.0,2
Tiffany Smith,cynthia52@cook.com,Male,28,B.Tech,,Mechanical,1st Year,8.79,1
Patrick Chambers,pbowen@lee-olson.com,Other,28,B.E,,Civil,3rd Year,7.32,2
Glenn Smith,adavis@hotmail.com,Female,27,B.E,,Mechanical,Completed,5.55,
Mark Williams,odelgado@taylor-colon.com,Female,26,B.E,,ECE,Completed,6.49,3+
Curtis Vasquez,williamselizabeth@hotmail.com,Other,20,B.Sc,,CSE,4th Year,6.21,3+
Tammy Jackson,mercedescollins@taylor.biz,Other,21,M.Sc,,CSE,1st Year,7.53,3+
Adrian Ward,carol53@hotmail.com,Male,21,B.Tech,,ECE,4th Year,5.54,
Alec Rosario,diana86@gmail.com,Other,26,M.Sc,,IT,3rd Year,8.7,1
Hannah Anderson,kathrynbrown@yahoo.com,Male,18,M.Tech,,Electrical,Completed,9.21,
Kathleen Leonard,frenchjames@yahoo.com,Other,23,B.Tech,,Mechanical,2nd Year,8.02,1
Matthew Martinez,samanthalewis@gmail.com,Female,25,M.Sc,,Electrical,Completed,7.02,1
Paula Burns,samuelfowler@hotmail.com,Male,21,MCA,,Civil,2nd Year,5.33,
Regina Peck,loganmoran@hawkins.org,Female,19,MCA,,IT,2nd Year,9.36,
Dylan Sutton,eugene71@hotmail.com,Male,26,M.Sc,,Civil,2nd Year,7.37,2
Jason Franklin,matthew80@mendoza.com,Other,21,B.E,,Mechanical,3rd Year,7.34,2
David Hernandez,watersjames@gmail.com,Other,22,B.Tech,,Civil,2nd Year,6.8,
Bradley Whitehead,hevans@gregory.com,Other,23,BCA,,ECE,4th Year,5.64,
Kenneth Hunter,wendy91@sanchez.com,Other,25,MCA,,IT,3rd Year,8.23,1
David Cervantes,ypowell@vega-guzman.net,Other,22,B.E,,IT,2nd Year,10.0,2
Kylie Fields,waterslouis@rich-lawson.info,Male,22,B.Sc,,Electrical,Completed,5.42,1
William Molina,randymedina@yahoo.com,Male,25,B.E,,Civil,4th Year,8.49,3+
Michael Johnson,richardsandrea@hotmail.com,Male,21,B.E,,ECE,4th Year,6.74,
Carolyn Smith,athomas@yahoo.com,Other,25,B.Tech,,Civil,Completed,7.41,3+
Natalie Young,janicesparks@yahoo.com,Other,26,B.Tech,,ECE,2nd Year,9.44,
Deanna Richmond,danielle96@yahoo.com,Female,29,Other,Counselling psychologist,Mechanical,Completed,5.21,
Penny Mitchell,patricksimpson@sandoval.com,Other,29,M.Sc,,Electrical,1st Year,7.46,1
Erica Strong,maxwellcassandra@yahoo.com,Male,27,MCA,,Mechanical,3rd Year,5.81,1
Pamela Long,richard79@esparza.com,Female,23,BCA,,IT,Completed,5.73,2
Chloe Hill,owheeler@gmail.com,Female,24,MCA,,Civil,Completed,6.89,
Frank King,philipphillips@terrell.com,Male,23,BCA,,Electrical,2nd Year,8.42,3+
Shelby Mendoza,ianowens@anderson.org,Male,21,MCA,,CSE,3rd Year,7.7,1
Monica Taylor,ruth88@gmail.com,Other,23,B.Sc,,Mechanical,2nd Year,6.0,2
Natalie Davis,david19@yahoo.com,Male,27,B.Sc,,ECE,2nd Year,8.22,3+
Ashley Livingston,johnsonaudrey@pierce.org,Other,27,MCA,,IT,2nd Year,5.62,2
Karen Lee,lharris@bradley.com,Other,27,B.Sc,,ECE,2nd Year,6.5,1
Eric Ryan,hinesrebecca@gilbert.com,Male,20,B.Sc,,Electrical,1st Year,6.4,
Charles Mooney,brian43@mccormick.com,Male,29,Other,Ceramics designer,IT,2nd Year,8.18,
Sherry Clark,fjackson@hotmail.com,Male,23,BCA,,ECE,3rd Year,9.58,
John Moore,christopherwright@clark.com,Other,27,BCA,,ECE,Completed,5.7,1
William Kane,larry24@gmail.com,Other,20,M.Tech,,Civil,3rd Year,6.41,2
Devin Woods,thompsonsarah@goodwin-brown.info,Male,27,M.Sc,,Civil,2nd Year,9.13,3+
Brenda Nguyen,joseph14@hotmail.com,Other,24,M.Sc,,CSE,2nd Year,7.78,1
Amanda Williams,ewalker@sanders-wilson.biz,Other,20,MCA,,Mechanical,4th Year,7.33,
Ryan Garrison,gpowell@moore.com,Other,22,M.Tech,,ECE,Completed,7.33,1
James Schmidt,dylan26@yahoo.com,Other,26,B.Tech,,ECE,4th Year,9.81,
George Gilbert,boydmark@gmail.com,Female,22,B.Tech,,CSE,1st Year,5.84,2
Tony Smith,mary67@yahoo.com,Male,18,B.Sc,,CSE,Completed,8.74,1
Bethany Navarro,nicholas95@yahoo.com,Other,24,B.E,,Electrical,Completed,9.44,1
Frank Douglas,autumn17@wells.info,Male,29,Other,Conference centre manager,Civil,3rd Year,8.25,1
Stephanie Schmidt,james22@yahoo.com,Male,30,B.E,,ECE,1st Year,9.43,3+
Courtney Byrd MD,ellisonmarilyn@smith.com,Female,25,B.Tech,,Electrical,Completed,8.59,
Dylan Sutton,eugene71@hotmail.com,Male,26,M.Sc,,Civil,2nd Year,7.37,2
Linda Wolf,jilllopez@salas.net,Female,30,MCA,,CSE,Completed,9.96,
Edward Smith,kelsey08@gmail.com,Female,25,B.E,,Electrical,1st Year,9.8,2
Anthony Griffin,jessica36@jackson-fox.com,Other,20,BCA,,IT,1st Year,7.4,
Chris Myers,donna53@hotmail.com,Female,30,B.Tech,,CSE,4th Year,5.32,
Christopher Blair,kleincameron@hotmail.com,Female,23,B.Sc,,CSE,2nd Year,9.76,
Alyssa Oneal,xtaylor@cobb-johnson.com,Female,25,BCA,,CSE,Completed,6.56,3+
Joshua Allison,nicholasmiller@fowler.com,Female,26,M.Tech,,IT,2nd Year,7.18,2
Justin Simpson,millernicholas@leon.com,Male,18,BCA,,ECE,Completed,8.14,3+
Tamara Frye,llee@west-wilson.com,Male,28,BCA,,CSE,3rd Year,6.6,1
Angel West,gclark@hotmail.com,Male,29,B.E,,CSE,Completed,7.81,1
James Howell,anna05@gmail.com,Female,30,BCA,,Mechanical,4th Year,7.52,2
Carlos Hoover,thomascarpenter@matthews.com,Female,20,BCA,,CSE,2nd Year,6.05,
Kathleen Leonard,frenchjames@yahoo.com,Other,23,B.Tech,,Mechanical,2nd Year,8.02,1
Michael Chan,xcollins@hotmail.com,Other,19,B.E,,IT,2nd Year,9.07,3+
Frank King,philipphillips@terrell.com,Male,23,BCA,,Electrical,2nd Year,8.42,3+
Jay Lee,tbowman@graham.org,Male,26,B.Sc,,CSE,1st Year,7.96,2
Kathryn Cole,snyderstephanie@reese.info,Male,26,MCA,,Civil,4th Year,6.69,3+
Katrina Frye,morrisamanda@ramos.com,Other,19,M.Tech,,IT,Completed,6.2,3+
John Cox,patrick26@yahoo.com,Male,19,MCA,,ECE,1st Year,5.85,3+
Lauren Thompson,cheryl99@riley-gutierrez.biz,Other,18,M.Sc,,Mechanical,2nd Year,6.34,
Christopher Warner,upowell@carrillo-martin.biz,Male,30,M.Sc,,Civil,4th Year,9.37,3+
Ashley Newman,ashley62@gmail.com,Male,21,Other,Higher education lecturer,ECE,3rd Year,8.73,2
Deanna Martinez,dgardner@williams.info,Female,21,MCA,,Civil,3rd Year,5.7,1
Larry Lane,nicholas26@cook.com,Other,27,MCA,,Mechanical,4th Year,6.5,3+
Katherine Clay,denisecortez@smith.net,Other,21,MCA,,ECE,4th Year,7.42,2
Amanda Fisher,charles61@yahoo.com,Other,19,M.Tech,,Electrical,2nd Year,6.84,2
Jonathan Alexander,duncantim@hotmail.com,Male,24,MCA,,Electrical,4th Year,7.46,2
Richard Tran,ggregory@gmail.com,Other,22,B.Tech,,Electrical,2nd Year,7.7,2
Penny Mitchell,patricksimpson@sandoval.com,Other,29,M.Sc,,Electrical,1st Year,7.46,1
Brian Garner,sweeneydavid@ray-smith.biz,Male,29,M.Sc,,CSE,2nd Year,5.65,
Ian Powell,lori39@sanders.com,Male,23,MCA,,Electrical,Completed,9.19,3+
Debra Shaw,connieharris@levy.com,Female,26,MCA,,ECE,2nd Year,9.85,
Angela Johnson,yhunt@hotmail.com,Other,28,B.Sc,,Civil,4th Year,7.93,
Jamie Avila,jennifer60@anderson-williams.info,Female,21,BCA,,Mechanical,3rd Year,8.82,2
Christopher Johnson,ostewart@hotmail.com,Female,18,MCA,,Civil,4th Year,7.79,2
Christopher Perry,cathy60@yahoo.com,Female,26,B.E,,Mechanical,2nd Year,6.2,3+
Andre Rivas,jefferyferguson@taylor.com,Other,27,BCA,,CSE,1st Year,7.19,1
Kevin Garcia,sarahgonzalez@gmail.com,Other,27,BCA,,Electrical,3rd Year,7.66,
Jason Maldonado,youngmike@young-murray.org,Female,29,B.E,,Electrical,1st Year,9.92,
Alexis Bush,dscott@villa.biz,Other,28,B.Tech,,IT,Completed,5.31,1
Holly Young,xmiller@yahoo.com,Male,28,M.Sc,,CSE,1st Year,6.61,1
Andrea Flores,shannon99@long-gonzalez.com,Other,30,MCA,,CSE,3rd Year,8.13,2
Melanie Miranda,rodriguezmatthew@watts-andrews.com,Male,30,Other,"Engineer, site",IT,1st Year,5.77,2
Nicole Combs,brianawilliams@franklin.org,Male,27,B.E,,Electrical,4th Year,7.98,1
Joshua Morris,jacobschristopher@gmail.com,Male,21,M.Tech,,CSE,2nd Year,9.32,3+
Kathleen Vazquez,mwilson@gmail.com,Male,27,M.Tech,,ECE,2nd Year,6.01,
Deanna Richmond,danielle96@yahoo.com,Female,29,Other,Counselling psychologist,Mechanical,Completed,5.21,
Donna Wallace,tracychen@cardenas.com,Female,27,B.Tech,,CSE,4th Year,8.11,
Krystal Clark,bonniecunningham@yahoo.com,Other,30,Other,Recruitment consultant,Electrical,Completed,6.83,2
Karen Wallace,melissa33@murillo.com,Other,23,Other,General practice doctor,Mechanical,2nd Year,9.6,3+
Jennifer Berry,williamsanders@hotmail.com,Female,24,Other,"Social research officer, government",Mechanical,4th Year,8.68,3+
Curtis Manning,jacob53@hotmail.com,Male,25,M.Sc,,Mechanical,1st Year,7.32,
Paul Ramos,sherry92@bennett.com,Male,24,M.Tech,,Electrical,2nd Year,8.6,1
Adam Martin,heidistanley@howell.com,Other,24,M.Sc,,IT,2nd Year,8.22,2
Michelle Garcia,lambellen@rodgers-cervantes.com,Other,28,BCA,,Civil,Completed,8.07,3+
William Dominguez,christopherthomas@pennington.net,Female,23,B.E,,IT,Completed,8.1,
Paige White,sandra12@yahoo.com,Other,18,BCA,,Civil,2nd Year,7.66,
Michael Parker,peterskrista@gmail.com,Other,22,B.E,,IT,3rd Year,6.46,
Bruce Lawson,donaldskinner@hotmail.com,Other,24,B.E,,IT,Completed,6.54,2
Laurie Phillips,reginakirk@gmail.com,Other,19,M.Tech,,Electrical,4th Year,5.78,3+
Cynthia Santos,melissaskinner@gmail.com,Male,27,BCA,,Electrical,1st Year,6.68,2
Jamie Reese,jessicadickson@perez-rodriguez.com,Male,25,BCA,,Civil,1st Year,8.86,2
Steven Ramos,james35@hunt-king.org,Other,24,Other,Passenger transport manager,IT,1st Year,6.03,1
Maria Schneider,laurahoward@barry-estrada.info,Male,28,BCA,,ECE,2nd Year,8.1,1
Dalton Potts,kelly62@yahoo.com,Male,20,B.Sc,,CSE,1st Year,5.93,3+
Tyler Levy,geraldcooper@walker-rodriguez.biz,Female,28,B.Tech,,Mechanical,Completed,7.82,3+
Anthony Reese,kevin99@anthony-berry.com,Male,25,B.E,,Electrical,4th Year,5.83,3+
Barbara Holmes,alexis16@gmail.com,Female,20,Other,Barrister's clerk,Mechanical,Completed,5.92,1
Jennifer Rosales,brockdavid@yahoo.com,Other,24,B.E,,CSE,1st Year,8.08,3+
Matthew Burton,austinwright@yahoo.com,Female,18,M.Sc,,CSE,1st Year,8.0,1
Edward Williams,nsilva@yahoo.com,Other,27,BCA,,CSE,1st Year,6.01,2
Adam Martin,heidistanley@howell.com,Other,24,M.Sc,,IT,2nd Year,8.22,2
Michelle Clark,millerchristopher@macias.com,Male,26,Other,"Psychotherapist, child",IT,3rd Year,9.95,3+
Julie Green,jermainebrown@jones-davis.info,Other,30,Other,Chief Strategy Officer,ECE,2nd Year,7.05,
Brianna Oliver,jon65@robinson.info,Other,24,M.Tech,,CSE,Completed,9.99,
Hector Mullen,stephanieknox@guzman-hughes.biz,Other,27,B.Tech,,Mechanical,4th Year,8.06,3+
Samuel Gilmore,erin65@hotmail.com,Other,18,M.Tech,,CSE,1st Year,5.41,1
Ashley Mays,nclark@yahoo.com,Male,22,B.E,,Civil,Completed,8.89,
Robert Solis,arianahernandez@yahoo.com,Female,28,BCA,,Electrical,1st Year,5.73,
Jeffrey Cardenas,martinmelanie@hotmail.com,Female,21,BCA,,CSE,2nd Year,9.3,1
David Bennett,lewiscrystal@gmail.com,Female,25,M.Sc,,CSE,2nd Year,5.62,2
Jason Robinson,stephenrivera@hotmail.com,Female,23,MCA,,Mechanical,1st Year,9.1,3+
Michael Martinez,edwinlee@gmail.com,Other,22,M.Sc,,CSE,Completed,9.07,3+
Richard Ortiz,leblanclisa@gmail.com,Other,26,B.Sc,,CSE,Completed,9.73,1
Richard Tran,ggregory@gmail.com,Other,22,B.Tech,,Electrical,2nd Year,7.7,2
Carmen Tapia,joseph82@gmail.com,Other,30,B.Tech,,Mechanical,2nd Year,5.55,
Scott Cole,jedwards@hansen-freeman.org,Other,24,M.Tech,,CSE,3rd Year,8.89,
Jeremy Mcgee,haydennorton@yahoo.com,Male,21,M.Sc,,Mechanical,2nd Year,6.42,2
Heidi Fisher,vincentcruz@dudley-jenkins.net,Female,23,Other,Theatre stage manager,CSE,1st Year,6.96,
Todd Cherry,sarah93@gmail.com,Female,25,BCA,,ECE,4th Year,9.83,2
Chris Myers,donna53@hotmail.com,Female,30,B.Tech,,CSE,4th Year,5.32,
Leslie Davis,tyates@gmail.com,Female,30,M.Tech,,IT,2nd Year,6.45,2
Kyle Escobar,ericksonstacey@wagner.com,Other,27,MCA,,ECE,3rd Year,5.37,2
Jillian Stokes,paul88@weber.com,Male,23,M.Sc,,Mechanical,4th Year,7.18,
Dr. Betty Cunningham,pwilliams@hotmail.com,Other,19,BCA,,IT,3rd Year,9.28,2
Tammy Leblanc,bautistacharles@rodriguez.info,Female,26,B.Tech,,CSE,1st Year,8.37,
Regina Jimenez,wpatterson@hotmail.com,Male,21,B.Sc,,ECE,1st Year,8.57,2
Gary House,earl32@hotmail.com,Other,18,B.E,,IT,Completed,9.0,1
Andre Rivas,jefferyferguson@taylor.com,Other,27,BCA,,CSE,1st Year,7.19,1
Joseph Pierce,savannah49@gmail.com,Female,26,BCA,,ECE,1st Year,7.17,3+
Anthony Warren,amygutierrez@yahoo.com,Male,27,B.Sc,,Mechanical,2nd Year,9.37,3+
Susan Mccall,katherinekelly@hotmail.com,Other,25,M.Tech,,ECE,4th Year,6.62,2
Logan Brown,ureyes@gmail.com,Male,19,MCA,,ECE,Completed,5.64,2
Matthew Burton,austinwright@yahoo.com,Female,18,M.Sc,,CSE,1st Year,8.0,1
Diane Griffin,roberthall@valencia.com,Female,21,B.E,,ECE,4th Year,8.96,1
Jessica Jarvis,jonshea@jones-williams.com,Other,23,B.Sc,,Civil,Completed,6.85,1
Kimberly Vazquez,amanda97@herman.com,Male,25,MCA,,Civil,2nd Year,9.93,3+
Christopher Blair,kleincameron@hotmail.com,Female,23,B.Sc,,CSE,2nd Year,9.76,
Benjamin Davis,tina40@lowery.com,Male,22,M.Sc,,IT,3rd Year,8.17,3+
Mark Ramirez,aobrien@sanchez.com,Female,27,B.E,,ECE,1st Year,9.25,
Kathy White,james99@hotmail.com,Female,20,B.Sc,,CSE,4th Year,9.2,1
Tammy Leblanc,bautistacharles@rodriguez.info,Female,26,B.Tech,,CSE,1st Year,8.37,
Cheyenne Scott,wmurray@yahoo.com,Female,27,Other,"Production assistant, television",IT,Completed,7.01,2
Andre Joseph,pholmes@yahoo.com,Male,28,Other,"Psychologist, sport and exercise",CSE,Completed,6.85,1
Nicole Mills,phamlucas@yahoo.com,Female,21,B.E,,CSE,1st Year,8.62,1
Bradley Burke,ysmith@yahoo.com,Other,24,B.E,,Civil,3rd Year,6.3,3+
Deborah Rivera,joselopez@bauer.info,Other,18,BCA,,Mechanical,4th Year,5.61,3+
Tracy Miller,fhaley@hotmail.com,Female,30,B.Sc,,Electrical,3rd Year,6.47,3+
Pamela Harrison,hallvirginia@yahoo.com,Male,29,B.E,,Mechanical,1st Year,7.98,
Nancy Rodriguez,nicholas25@hotmail.com,Male,27,MCA,,CSE,4th Year,5.52,2
Carlos Hoover,thomascarpenter@matthews.com,Female,20,BCA,,CSE,2nd Year,6.05,
Diane Sims,jeffery45@brown.com,Other,19,M.Sc,,CSE,Completed,7.65,1
Regina Jimenez,wpatterson@hotmail.com,Male,21,B.Sc,,ECE,1st Year,8.57,2
Kelly Duncan,romanelizabeth@yahoo.com,Male,26,Other,Financial manager,CSE,4th Year,6.22,1
Benjamin Stone,richardcooper@hotmail.com,Other,20,M.Tech,,Mechanical,1st Year,9.17,
Kristina Ellis,elaine26@yahoo.com,Other,18,B.E,,Electrical,1st Year,9.22,2
Paula Cox,stephen99@martin.com,Other,19,M.Tech,,ECE,Completed,8.12,2
Scott Rodriguez,robinrobinson@norton.info,Male,25,M.Tech,,CSE,Completed,8.7,
Lisa Davis,mistyanderson@sanders.com,Female,21,M.Tech,,CSE,1st Year,5.39,2
Ashley Diaz,dawnsheppard@davis.com,Other,25,B.E,,Electrical,1st Year,5.88,1
Brian Leonard,srichards@evans.com,Female,30,B.Tech,,Mechanical,1st Year,6.36,3+
Anthony Reed,murphyedward@brown-williams.com,Female,23,B.E,,Mechanical,3rd Year,8.59,
Kenneth Miller,elizabeth15@yahoo.com,Male,23,M.Tech,,IT,4th Year,9.15,1
Jennifer Lopez,rodriguezmatthew@lee.net,Female,27,MCA,,Mechanical,1st Year,9.94,1
Donald Jennings,sgarza@hanson.org,Male,28,B.Sc,,CSE,2nd Year,9.64,3+
Lauren Thompson,cheryl99@riley-gutierrez.biz,Other,18,M.Sc,,Mechanical,2nd Year,6.34,
Brendan Bush,llong@yahoo.com,Other,20,BCA,,Civil,2nd Year,6.01,3+
Thomas Chaney,johnsondavid@cunningham.com,Female,26,Other,"Engineer, manufacturing systems",IT,1st Year,9.72,
Michelle Brown,lharmon@weaver.com,Male,22,M.Tech,,Electrical,Completed,5.38,2
Ryan Garrison,gpowell@moore.com,Other,22,M.Tech,,ECE,Completed,7.33,1
David Garcia,contreraskatie@gmail.com,Male,21,Other,Product manager,IT,4th Year,9.1,2
Tricia Meadows,pfisher@hotmail.com,Other,30,M.Tech,,Electrical,2nd Year,8.97,
Jose Shaffer,mortonzachary@anderson.org,Female,23,Other,"Scientist, clinical (histocompatibility and immunogenetics)",ECE,4th Year,6.87,1
Cory Alexander,grayautumn@sosa-soto.com,Female,21,BCA,,Electrical,4th Year,8.92,3+
Tonya Velez,jzimmerman@gmail.com,Male,22,B.E,,Mechanical,1st Year,7.6,
Donna Lewis,rodriguezsara@gonzalez.com,Female,27,Other,Metallurgist,Civil,3rd Year,5.84,1
John Curry,thomasscott@silva-bowen.com,Other,25,MCA,,IT,1st Year,9.59,
Andrew Hampton,carl06@logan.com,Other,23,M.Sc,,Civil,3rd Year,8.53,2
Tina Gregory,vcarter@yahoo.com,Other,22,BCA,,IT,2nd Year,8.64,
Jay Lee,tbowman@graham.org,Male,26,B.Sc,,CSE,1st Year,7.96,2
Jeffrey Roberts,elizabeth01@hicks.com,Other,25,BCA,,ECE,4th Year,7.97,3+
Michael Adams,katie76@gmail.com,Female,20,M.Tech,,Mechanical,4th Year,8.9,3+
Carrie Bishop,zolsen@gaines.com,Female,26,B.Sc,,CSE,1st Year,7.44,3+
Holly Robinson,klewis@white-cruz.com,Male,25,M.Sc,,IT,3rd Year,9.13,
Suzanne Diaz,calvingriffin@ortiz.info,Other,18,MCA,,Mechanical,Completed,6.32,1
Kyle Escobar,ericksonstacey@wagner.com,Other,27,MCA,,ECE,3rd Year,5.37,2
Carlos Hoover,thomascarpenter@matthews.com,Female,20,BCA,,CSE,2nd Year,6.05,
Gail Brown,heather61@taylor-norris.biz,Other,30,BCA,,Electrical,3rd Year,7.41,
Miss Joanna Matthews,christinehaley@yahoo.com,Female,21,B.Tech,,Mechanical,1st Year,9.82,
Holly Grant,mary81@yahoo.com,Other,23,B.Sc,,Mechanical,1st Year,6.9,1
David Myers,sydneygonzalez@gmail.com,Female,26,Other,Nature conservation officer,IT,1st Year,6.31,3+
Elizabeth Leach,dwells@martinez.com,Other,28,M.Sc,,CSE,3rd Year,7.38,2
Roberta Davies,danielsbrett@rojas-edwards.com,Female,18,BCA,,ECE,2nd Year,8.99,
Tammy Reynolds,adampowers@martinez.com,Male,29,BCA,,Mechanical,3rd Year,6.83,3+
Kimberly Hampton,hking@sullivan.com,Other,29,BCA,,Electrical,1st Year,7.31,2
Steven Holland,fpadilla@nguyen-johnson.com,Other,18,BCA,,Electrical,3rd Year,9.56,2
Joshua Morris,jacobschristopher@gmail.com,Male,21,M.Tech,,CSE,2nd Year,9.32,3+
Kelly Duncan,romanelizabeth@yahoo.com,Male,26,Other,Financial manager,CSE,4th Year,6.22,1
Michael Adams,katie76@gmail.com,Female,20,M.Tech,,Mechanical,4th Year,8.9,3+
Kathy Palmer,patricia55@yahoo.com,Female,28,MCA,,Electrical,Completed,9.64,
Diana Nguyen,noah56@hotmail.com,Male,24,M.Sc,,ECE,Completed,8.26,3+
William Ballard,fjohnson@hotmail.com,Other,24,B.E,,ECE,2nd Year,7.79,
Adam Gilmore,whitepenny@gmail.com,Other,26,MCA,,CSE,3rd Year,8.57,2
Timothy Richards,sototimothy@day-reed.com,Other,19,B.E,,Mechanical,2nd Year,5.69,1
Michael Gardner,ericgriffin@robertson.net,Other,18,M.Tech,,Civil,2nd Year,7.75,3+
Daniel Clay,shawnmiles@hotmail.com,Female,20,M.Tech,,ECE,4th Year,5.4,2
Alec Rosario,diana86@gmail.com,Other,26,M.Sc,,IT,3rd Year,8.7,1
Jeremy Hansen,ashleyjones@gmail.com,Female,23,B.Sc,,IT,4th Year,7.01,2
Emily Moore,katelyn66@hotmail.com,Female,24,B.E,,Electrical,4th Year,9.74,3+
Brian Johnson,michaelmaddox@brennan.com,Male,23,Other,General practice doctor,IT,2nd Year,7.38,3+
Courtney Grant,amoore@bell.net,Female,26,M.Sc,,CSE,2nd Year,8.57,3+
David Johnson,kmullen@gmail.com,Female,25,M.Tech,,IT,1st Year,5.62,
Anthony Reed,murphyedward@brown-williams.com,Female,23,B.E,,Mechanical,3rd Year,8.59,
Harold Obrien,gonzalezjames@romero-flores.info,Female,25,Other,Ceramics designer,CSE,2nd Year,6.71,3+
Lawrence Moore,katelyn09@green-faulkner.info,Male,21,M.Tech,,Civil,2nd Year,5.65,2
Jennifer Berry,williamsanders@hotmail.com,Female,24,Other,"Social research officer, government",Mechanical,4th Year,8.68,3+
Courtney Thompson,rebeccaclay@gmail.com,Female,30,B.Tech,,IT,4th Year,5.98,1
Randy Weber,vincent92@gmail.com,Female,18,Other,Midwife,Mechanical,Completed,6.76,2
Russell Lowe,keithwilliams@duncan.com,Male,26,Other,Regulatory affairs officer,Mechanical,Completed,5.69,
Kevin Green,bradmurphy@bishop.biz,Female,21,B.E,,Mechanical,3rd Year,5.46,3+
Eric Frost,larry35@gmail.com,Other,25,M.Tech,,ECE,Completed,7.4,1
Xavier Mccann,rhampton@yahoo.com,Male,24,Other,Social worker,Mechanical,4th Year,6.6,1
Robert Vega,hdean@hotmail.com,Male,26,B.Tech,,Mechanical,4th Year,5.5,3+
Tim James,diazjamie@hotmail.com,Other,26,Other,Learning mentor,Civil,3rd Year,8.02,3+
Scott Phillips,jennifer69@gmail.com,Other,19,M.Sc,,Civil,2nd Year,5.17,
Lisa Powell,rhonda85@yahoo.com,Male,22,M.Sc,,ECE,4th Year,7.62,
James Jones,arthur77@hotmail.com,Female,27,Other,Advertising copywriter,ECE,3rd Year,7.36,1
Mr. Alexander Moore DDS,frederick06@yahoo.com,Female,21,M.Tech,,Civil,3rd Year,7.82,1
Mr. Alexander Moore DDS,frederick06@yahoo.com,Female,21,M.Tech,,Civil,3rd Year,7.82,1
Thomas Gonzales,ychung@yahoo.com,Male,26,Other,Mining engineer,Mechanical,Completed,9.25,
Dr. Betty Cunningham,pwilliams@hotmail.com,Other,19,BCA,,IT,3rd Year,9.28,2
Carolyn Williams,karithomas@hotmail.com,Male,18,M.Tech,,ECE,1st Year,5.56,1
Phillip Huerta,joseph85@cruz.net,Female,19,M.Sc,,IT,3rd Year,6.51,2
Megan Moreno,tperkins@terry-hanson.info,Other,30,B.E,,CSE,2nd Year,6.33,2
Pamela Osborne,shannon70@williams.com,Other,30,M.Sc,,Civil,1st Year,7.15,3+
Deborah Oconnor,pottersteven@coffey-hess.biz,Female,26,Other,Network engineer,Electrical,Completed,9.76,2
Pamela Carr,ujones@gmail.com,Other,20,BCA,,IT,Completed,5.47,
Kelly Duncan,romanelizabeth@yahoo.com,Male,26,Other,Financial manager,CSE,4th Year,6.22,1
Jonathan Holder,jasonalvarado@richardson.com,Male,20,B.E,,Civil,1st Year,5.65,1
Diane Sims,jeffery45@brown.com,Other,19,M.Sc,,CSE,Completed,7.65,1
Raymond King,lindseyfrost@gmail.com,Male,27,B.Sc,,Civil,1st Year,8.84,1
Sherry Clark,fjackson@hotmail.com,Male,23,BCA,,ECE,3rd Year,9.58,
Ashley Jefferson,juliamorales@williams.info,Other,27,BCA,,Electrical,2nd Year,7.17,3+
Deborah Oconnor,pottersteven@coffey-hess.biz,Female,26,Other,Network engineer,Electrical,Completed,9.76,2
Alicia Foley,kathryndavis@matthews.com,Female,23,M.Tech,,IT,1st Year,7.92,
Brenda Nguyen,joseph14@hotmail.com,Other,24,M.Sc,,CSE,2nd Year,7.78,1
Christian White,bowmantanya@randall.info,Male,20,B.Tech,,ECE,4th Year,8.73,
Teresa Le,katherine43@austin.biz,Other,26,M.Tech,,Electrical,4th Year,6.65,
Dalton Williams,matthew16@cunningham-powell.org,Female,28,B.E,,Electrical,Completed,9.92,1
Carrie Bishop,zolsen@gaines.com,Female,26,B.Sc,,CSE,1st Year,7.44,3+
Jennifer Mason,ashley82@yahoo.com,Other,19,BCA,,IT,3rd Year,7.74,
Stephanie Murphy,mitchellkaitlin@hotmail.com,Female,22,M.Sc,,IT,2nd Year,9.69,
Anthony Griffin,jessica36@jackson-fox.com,Other,20,BCA,,IT,1st Year,7.4,
Christian White,bowmantanya@randall.info,Male,20,B.Tech,,ECE,4th Year,8.73,
Michael Chapman,jeffreymejia@yahoo.com,Other,24,Other,"Designer, ceramics/pottery",ECE,4th Year,8.82,3+
Kelly Conley,patricia72@gmail.com,Other,27,B.Sc,,Civil,Completed,5.76,3+
David Williams,chall@wise-barton.biz,Female,23,B.E,,IT,2nd Year,8.03,1
Daniel Clay,shawnmiles@hotmail.com,Female,20,M.Tech,,ECE,4th Year,5.4,2
Kenneth Hill,snguyen@hotmail.com,Female,29,MCA,,CSE,1st Year,9.73,3+
Robert Bowers,urodriguez@yahoo.com,Male,22,Other,Education administrator,Mechanical,4th Year,8.97,2
Amanda Perry,bwalker@hotmail.com,Male,21,B.E,,IT,3rd Year,8.84,2
Patrick Randolph,michael89@werner.biz,Other,20,M.Sc,,Mechanical,2nd Year,5.43,3+
Joshua Green,pjordan@cooper-chavez.biz,Female,18,MCA,,Civil,1st Year,5.85,3+
Joshua Chan,ihunt@olson.com,Other,24,MCA,,CSE,4th Year,6.05,2
Mark Gutierrez,aodonnell@yahoo.com,Female,30,B.Tech,,CSE,2nd Year,7.54,
Monica Blevins,randytanner@gmail.com,Other,22,BCA,,Mechanical,1st Year,7.37,2
Cynthia Green,debbie63@miller-pearson.com,Female,28,M.Sc,,Mechanical,1st Year,6.47,2
Mr. James Gillespie,xparker@hotmail.com,Other,28,MCA,,Mechanical,1st Year,7.48,3+
Michelle Garcia,lambellen@rodgers-cervantes.com,Other,28,BCA,,Civil,Completed,8.07,3+
Tyler White,montgomeryjulia@hotmail.com,Other,26,BCA,,IT,4th Year,6.6,1
Sandra Smith,youngmallory@gmail.com,Female,22,B.E,,IT,1st Year,5.11,1
Debra Vasquez,newmanjason@gmail.com,Other,26,M.Tech,,IT,3rd Year,6.91,1
Jennifer Lee,millerjeffrey@roberson.net,Female,20,Other,Petroleum engineer,Mechanical,Completed,6.88,3+
Jason Thomas,gponce@anderson.com,Male,21,M.Sc,,Electrical,2nd Year,9.88,
Cody Miller,michaelsanchez@yahoo.com,Other,25,B.Tech,,IT,Completed,7.03,2
Brandy Jones,berrytaylor@mccann.com,Male,29,M.Sc,,IT,1st Year,5.27,1
David Cervantes,ypowell@vega-guzman.net,Other,22,B.E,,IT,2nd Year,10.0,2
Theresa Simpson,samuelmoore@jenkins.net,Female,22,B.E,,CSE,Completed,8.71,2
Brandi Davis,fernandowhitney@gmail.com,Female,28,M.Tech,,IT,3rd Year,6.23,1
James Williams,davisrichard@hotmail.com,Female,29,Other,"Engineer, communications",Mechanical,1st Year,8.99,3+
Dawn Lawrence,malikunderwood@yahoo.com,Male,20,MCA,,ECE,Completed,7.45,3+
Jessica Allen,martinluna@hall-jacobs.biz,Other,27,Other,Civil Service administrator,CSE,3rd Year,7.29,3+
Todd Salas,brianreese@thomas.com,Other,22,B.Sc,,IT,2nd Year,7.94,1
Wayne Marshall,patrickgriffith@boyd.com,Other,30,M.Tech,,Electrical,3rd Year,6.44,3+
Michael Gardner,ericgriffin@robertson.net,Other,18,M.Tech,,Civil,2nd Year,7.75,3+
Arthur Jackson,wcantrell@gmail.com,Female,25,MCA,,ECE,4th Year,5.46,2
Tonya Velez,jzimmerman@gmail.com,Male,22,B.E,,Mechanical,1st Year,7.6,
Mr. Kyle Lewis,paulgreen@hotmail.com,Male,28,B.Tech,,CSE,Completed,7.83,
Richard Houston,ygallagher@yahoo.com,Male,29,Other,"Designer, exhibition/display",Electrical,2nd Year,5.39,3+
Corey Salinas,xlam@bautista.com,Female,21,Other,"Research officer, political party",IT,1st Year,6.75,3+
Michelle Herrera,markvazquez@gmail.com,Male,30,BCA,,ECE,2nd Year,6.92,1
Stephen Wade,nmoreno@carlson.com,Other,27,B.Tech,,ECE,4th Year,9.64,1
Margaret Freeman,jasonpearson@gmail.com,Female,20,MCA,,Mechanical,2nd Year,5.84,2
Angel West,gclark@hotmail.com,Male,29,B.E,,CSE,Completed,7.81,1
David Bennett,lewiscrystal@gmail.com,Female,25,M.Sc,,CSE,2nd Year,5.62,2
Alyssa Cameron,jacksonjose@sanchez.com,Female,18,B.Tech,,IT,2nd Year,7.07,2
Ernest Bates,campbelllinda@garcia.net,Female,25,Other,"Psychologist, sport and exercise",ECE,1st Year,9.46,2
Cindy Brown,williamsjessica@hotmail.com,Male,22,Other,Oceanographer,Electrical,1st Year,6.96,3+
Robert Goodwin,billyfritz@gmail.com,Female,19,B.Tech,,Mechanical,2nd Year,5.68,2
Samantha Brown,zachary37@hotmail.com,Other,26,BCA,,CSE,2nd Year,6.92,2
Kristi Williams,craneamanda@petty.com,Other,24,B.Sc,,CSE,3rd Year,9.96,3+
Donna Lewis,rodriguezsara@gonzalez.com,Female,27,Other,Metallurgist,Civil,3rd Year,5.84,1
Elizabeth Watson,sanderson@smith.com,Other,21,MCA,,ECE,1st Year,6.93,2
Jillian Stokes,paul88@weber.com,Male,23,M.Sc,,Mechanical,4th Year,7.18,
Amanda Williams,ewalker@sanders-wilson.biz,Other,20,MCA,,Mechanical,4th Year,7.33,
Katrina Frye,morrisamanda@ramos.com,Other,19,M.Tech,,IT,Completed,6.2,3+
Shannon Garcia,melissapratt@murillo.info,Male,20,B.Tech,,CSE,2nd Year,9.96,
Michael Parker,peterskrista@gmail.com,Other,22,B.E,,IT,3rd Year,6.46,
Teresa Kemp,athompson@reynolds.com,Male,28,MCA,,IT,2nd Year,9.0,3+
Mary Cohen,armstrongjill@hotmail.com,Other,18,B.Sc,,ECE,1st Year,6.57,1
Anna Baker,ricardo09@gomez.com,Female,26,M.Tech,,Mechanical,3rd Year,9.26,
Nicole Sharp,omiranda@rush.com,Other,24,BCA,,Mechanical,2nd Year,9.78,1
Lindsay Anderson,michael08@gmail.com,Female,30,B.E,,Mechanical,3rd Year,6.21,2
Ashley Jefferson,juliamorales@williams.info,Other,27,BCA,,Electrical,2nd Year,7.17,3+
Brittany Cooper,kevinsmith@burnett-bishop.com,Other,25,M.Tech,,Mechanical,2nd Year,5.2,2
Lauren Willis,david02@gmail.com,Female,22,M.Tech,,CSE,3rd Year,7.51,3+
Jose Shaffer,mortonzachary@anderson.org,Female,23,Other,"Scientist, clinical (histocompatibility and immunogenetics)",ECE,4th Year,6.87,1
Anne Flores,sherrythompson@hotmail.com,Male,18,BCA,,Electrical,2nd Year,7.2,2
Jeffrey Cardenas,martinmelanie@hotmail.com,Female,21,BCA,,CSE,2nd Year,9.3,1
Charles Johnson,nmora@short-hernandez.com,Male,29,M.Tech,,Mechanical,3rd Year,8.18,1
Brian Johnson,michaelmaddox@brennan.com,Male,23,Other,General practice doctor,IT,2nd Year,7.38,3+
Jeffrey Davis,vmcneil@hotmail.com,Female,18,B.Tech,,Electrical,1st Year,7.13,
David Johnson,kmullen@gmail.com,Female,25,M.Tech,,IT,1st Year,5.62,
Tony Smith,mary67@yahoo.com,Male,18,B.Sc,,CSE,Completed,8.74,1
Troy Erickson,bromero@watson.net,Male,25,B.Tech,,Electrical,3rd Year,5.67,2
Jessica Carter,millerjennifer@gmail.com,Other,26,M.Tech,,Mechanical,1st Year,6.44,1
Anna Huang,blackburndanielle@yahoo.com,Female,19,B.E,,Civil,2nd Year,8.39,3+
Taylor Brandt,zacharydixon@gmail.com,Other,19,MCA,,Civil,4th Year,7.55,3+
Melissa Harris,greenlori@gmail.com,Female,20,B.Tech,,Mechanical,2nd Year,6.95,2
Todd Salas,brianreese@thomas.com,Other,22,B.Sc,,IT,2nd Year,7.94,1
Anthony Cummings,hayespatrick@yahoo.com,Female,23,Other,Homeopath,Electrical,1st Year,6.09,1
Jillian Stokes,paul88@weber.com,Male,23,M.Sc,,Mechanical,4th Year,7.18,
Kevin Garcia,sarahgonzalez@gmail.com,Other,27,BCA,,Electrical,3rd Year,7.66,
Victoria Solomon,laurahunt@williams-holland.org,Female,20,BCA,,Electrical,4th Year,6.2,
Virginia Friedman,bradleymichael@yahoo.com,Female,21,B.E,,IT,3rd Year,7.04,
Angelica Henry,kendrapotter@maynard.com,Male,28,BCA,,ECE,4th Year,9.98,
Antonio Garcia,petersana@gmail.com,Male,26,MCA,,ECE,Completed,5.08,2
Kevin Ho,ernestbailey@gmail.com,Male,24,M.Tech,,CSE,1st Year,7.86,2
Alicia Ayala,teresa43@gmail.com,Other,18,B.E,,Electrical,2nd Year,5.45,3+
Justin Mckenzie,fritzjames@gray.com,Other,21,Other,Counselling psychologist,Civil,3rd Year,9.72,1
Nancy Gillespie,john47@allen-santana.info,Female,20,Other,"Surveyor, building",Civil,3rd Year,8.67,
Rebecca Martinez,jessicahill@stephens-lara.com,Male,30,B.E,,ECE,4th Year,6.87,1
Crystal Nixon,davidconrad@yahoo.com,Other,27,MCA,,ECE,1st Year,5.65,3+
Heather Farmer,destinyburgess@morgan.info,Male,19,B.E,,ECE,1st Year,7.79,3+
Jack Lopez,michellemoore@hotmail.com,Other,23,BCA,,Civil,1st Year,6.73,
Charles Mueller,mooremelanie@black.net,Female,22,MCA,,Electrical,3rd Year,9.56,3+
Deborah Cortez,hardinkayla@gmail.com,Male,21,BCA,,Mechanical,3rd Year,7.1,
Andre Mills,powelljason@simon.com,Female,25,Other,Biomedical scientist,ECE,3rd Year,8.63,3+
Michael Pacheco,ynorris@rosales-gilbert.com,Male,27,M.Sc,,CSE,2nd Year,7.45,
Amy Ingram,hartgerald@scott-murray.biz,Other,23,Other,International aid/development worker,IT,1st Year,6.67,2
Brian Hicks,medinaandrew@carter.org,Female,21,B.E,,ECE,Completed,8.81,3+
Elizabeth Harris,dmadden@garner-taylor.com,Other,21,B.Sc,,IT,2nd Year,8.44,3+
Teresa Le,katherine43@austin.biz,Other,26,M.Tech,,Electrical,4th Year,6.65,
David Ramirez,mphillips@johnson.com,Female,27,M.Sc,,CSE,1st Year,7.89,
Andrew Butler,gregoryharris@yahoo.com,Other,27,B.Tech,,IT,3rd Year,8.56,3+
Holly Young,xmiller@yahoo.com,Male,28,M.Sc,,CSE,1st Year,6.61,1
Joseph Morse,agarcia@hotmail.com,Other,30,B.E,,ECE,1st Year,5.69,
Laura Moran,dtran@hotmail.com,Other,29,MCA,,CSE,1st Year,9.2,2
Brenda Nguyen,joseph14@hotmail.com,Other,24,M.Sc,,CSE,2nd Year,7.78,1
Jennifer Glass,james72@gmail.com,Male,22,BCA,,Mechanical,4th Year,9.1,
Tara Allen,russellstafford@hotmail.com,Other,29,M.Tech,,CSE,1st Year,7.94,2
Brian Garner,sweeneydavid@ray-smith.biz,Male,29,M.Sc,,CSE,2nd Year,5.65,
Devin Woods,thompsonsarah@goodwin-brown.info,Male,27,M.Sc,,Civil,2nd Year,9.13,3+
Sydney Williams,wattsgina@lewis-hodges.info,Other,28,Other,Curator,ECE,3rd Year,5.05,1
Deborah Thompson DDS,jacksonheather@forbes-stone.com,Female,30,Other,Warden/ranger,Electrical,4th Year,6.51,1
Matthew Howard,vancewhitney@gmail.com,Other,20,Other,"Therapist, drama",Civil,4th Year,7.53,
Larry Lane,nicholas26@cook.com,Other,27,MCA,,Mechanical,4th Year,6.5,3+
Joshua Green,pjordan@cooper-chavez.biz,Female,18,MCA,,Civil,1st Year,5.85,3+
Elizabeth Smith,jamesstephanie@gmail.com,Male,25,B.Tech,,IT,3rd Year,5.03,1
Larry Bowers,lori52@gmail.com,Other,24,M.Tech,,Electrical,4th Year,6.06,3+
Erica Brooks,kyle93@gomez.net,Other,21,B.Tech,,CSE,4th Year,8.59,3+
Daniel Gonzalez,brian40@gmail.com,Other,21,B.Sc,,ECE,2nd Year,5.39,2
Miranda Conrad,jackyoung@gmail.com,Female,27,B.E,,Mechanical,Completed,7.0,3+
Kenneth Huynh,shawnbrown@yahoo.com,Other,28,B.Tech,,Electrical,1st Year,9.73,2
Michael Adams,katie76@gmail.com,Female,20,M.Tech,,Mechanical,4th Year,8.9,3+
Nicholas Williams,hobbschristina@smith.org,Other,20,B.Sc,,Electrical,Completed,7.52,
Debra Henry,cathy63@zamora.net,Male,24,B.Sc,,IT,1st Year,8.15,
Bradley Colon,owensrachel@hotmail.com,Male,18,BCA,,IT,1st Year,6.03,2
Carlos Schaefer,george42@maxwell.biz,Male,21,M.Sc,,Civil,Completed,6.55,2
Ashley Lutz,iwhite@yahoo.com,Female,24,B.Tech,,IT,2nd Year,6.8,
Cheryl Terrell,shannon51@hoover-butler.com,Male,26,B.Tech,,CSE,2nd Year,9.55,1
Heather Farmer,destinyburgess@morgan.info,Male,19,B.E,,ECE,1st Year,7.79,3+
Katrina Stephens,vatkins@hotmail.com,Male,27,B.Tech,,CSE,3rd Year,9.76,3+
Jennifer Rivera,melendezdale@gmail.com,Other,30,M.Sc,,ECE,3rd Year,6.95,
Sarah Rivera,charleslopez@hotmail.com,Male,23,Other,Advertising copywriter,Mechanical,1st Year,5.03,1
Katherine Bowers,gmaxwell@hotmail.com,Other,18,B.Sc,,CSE,1st Year,7.72,3+
Michael Hester,kgarcia@hernandez.info,Other,29,Other,Cytogeneticist,ECE,4th Year,6.63,2
Warren White,mariapugh@yahoo.com,Female,18,B.Tech,,IT,3rd Year,9.38,1
Heather Werner,fernandezlauren@gmail.com,Other,22,M.Tech,,Electrical,1st Year,9.08,2
Michele Rubio,murraytyler@gmail.com,Other,18,B.E,,CSE,3rd Year,7.51,2
Brandon Mccormick,nhayes@hotmail.com,Female,21,B.E,,IT,4th Year,7.48,3+
Michele Robles,joannsmith@yahoo.com,Other,24,B.Tech,,IT,Completed,9.3,
Heather Tapia,april02@hartman.com,Male,26,B.E,,Electrical,2nd Year,5.97,2
Grant Oconnell,hilllaura@hotmail.com,Female,23,M.Tech,,IT,3rd Year,8.36,2
Jose Walls,aaronpeterson@shelton.com,Female,30,Other,Lobbyist,IT,4th Year,5.06,3+
Brandi Davis,fernandowhitney@gmail.com,Female,28,M.Tech,,IT,3rd Year,6.23,1
Paul Hodge,nhall@gmail.com,Female,23,B.Tech,,ECE,4th Year,8.38,1
Robert West,meganmassey@yahoo.com,Other,27,M.Tech,,Mechanical,4th Year,7.76,1
Steven Tucker,thomaswood@yahoo.com,Male,27,B.E,,Civil,Completed,9.94,2
Cindy Holland,houstonmary@mcdonald.com,Other,21,M.Sc,,Civil,1st Year,6.1,3+
Lisa Phillips,hallcynthia@miller.org,Male,28,MCA,,IT,3rd Year,8.38,3+
Nathan Bowers,michaelsellers@trevino-ramirez.com,Male,18,Other,Lawyer,CSE,3rd Year,7.16,1
Jamie Reese,jessicadickson@perez-rodriguez.com,Male,25,BCA,,Civil,1st Year,8.86,2
Paula Cox,stephen99@martin.com,Other,19,M.Tech,,ECE,Completed,8.12,2
Hunter Atkins,schwartzwendy@massey.com,Female,22,Other,"Nurse, adult",Mechanical,Completed,9.12,
Michele Rubio,murraytyler@gmail.com,Other,18,B.E,,CSE,3rd Year,7.51,2
Rachael Patterson,ashley16@carter-west.com,Female,30,B.E,,ECE,Completed,7.13,2
Julie Green,jermainebrown@jones-davis.info,Other,30,Other,Chief Strategy Officer,ECE,2nd Year,7.05,
Jennifer Allison,michaelbishop@hotmail.com,Other,19,M.Sc,,ECE,Completed,9.58,2
Todd Brewer,mrussell@griffin-martin.com,Other,26,B.Tech,,CSE,2nd Year,5.78,
Edgar Evans,glenpearson@hotmail.com,Male,23,BCA,,CSE,3rd Year,9.6,1
Amber Winters,fwilliams@hotmail.com,Female,27,B.Tech,,Mechanical,3rd Year,7.72,1
Kenneth Miller,elizabeth15@yahoo.com,Male,23,M.Tech,,IT,4th Year,9.15,1
Hannah Anderson,kathrynbrown@yahoo.com,Male,18,M.Tech,,Electrical,Completed,9.21,
Eric Frost,larry35@gmail.com,Other,25,M.Tech,,ECE,Completed,7.4,1
Kristopher Gonzalez,harveynathan@kline.com,Other,25,M.Tech,,CSE,3rd Year,8.18,3+
Kathleen Leonard,frenchjames@yahoo.com,Other,23,B.Tech,,Mechanical,2nd Year,8.02,1
Sharon Colon,zimmermandawn@gmail.com,Other,24,B.Sc,,CSE,3rd Year,9.84,
Dr. Chelsea Rodriguez,villanuevamatthew@levy-lawson.com,Female,28,MCA,,Electrical,1st Year,7.23,2
Caitlin Brown,daniel99@hotmail.com,Other,29,Other,"Engineer, agricultural",Civil,4th Year,9.19,1
Frank Douglas,autumn17@wells.info,Male,29,Other,Conference centre manager,Civil,3rd Year,8.25,1
Sara Chaney,jonesjennifer@gmail.com,Female,23,M.Tech,,Civil,3rd Year,7.83,3+
Heather Richard,brianna30@chang-evans.net,Male,26,BCA,,CSE,3rd Year,6.02,
Cynthia Hopkins,tgreen@ryan-roy.org,Male,27,M.Sc,,CSE,1st Year,5.31,2
Matthew Jones,cameron30@gmail.com,Other,28,M.Tech,,IT,Completed,9.52,3+
Debra Ruiz,hernandezlauren@hotmail.com,Male,28,Other,Community arts worker,CSE,4th Year,8.58,1
Deborah Cortez,hardinkayla@gmail.com,Male,21,BCA,,Mechanical,3rd Year,7.1,
Mr. Sean Bowers,dennishogan@yahoo.com,Male,22,MCA,,Civil,3rd Year,9.87,2
Laura Lewis,sherrymyers@jones.com,Female,29,BCA,,Civil,3rd Year,5.32,3+
Ellen Martinez,morganreginald@maldonado.com,Female,28,B.Sc,,Civil,3rd Year,8.0,2
Madison Walters,ronaldlittle@rodriguez.biz,Female,21,M.Tech,,CSE,1st Year,6.34,2
Christopher Fletcher,linda22@hotmail.com,Other,25,MCA,,Electrical,2nd Year,5.52,3+
Michael Hester,kgarcia@hernandez.info,Other,29,Other,Cytogeneticist,ECE,4th Year,6.63,2
Erica Strong,maxwellcassandra@yahoo.com,Male,27,MCA,,Mechanical,3rd Year,5.81,1
Troy Carter PhD,charlesmichael@murray-osborne.com,Other,21,M.Tech,,ECE,Completed,5.51,3+
Maria Villegas,patricia53@martin.biz,Male,19,Other,Records manager,CSE,4th Year,8.29,3+
Jennifer Torres,michaelkim@spencer-hunter.com,Female,25,Other,Film/video editor,ECE,4th Year,6.11,1
Robert Goodwin,billyfritz@gmail.com,Female,19,B.Tech,,Mechanical,2nd Year,5.68,2
Jay Lee,tbowman@graham.org,Male,26,B.Sc,,CSE,1st Year,7.96,2
Andrew Butler,gregoryharris@yahoo.com,Other,27,B.Tech,,IT,3rd Year,8.56,3+
Michael Davila DVM,mcbridepatricia@hotmail.com,Other,22,B.Tech,,CSE,2nd Year,9.73,1
David Smith,dwolfe@henderson.com,Male,22,Other,"Exhibitions officer, museum/gallery",Civil,2nd Year,5.46,
Billy Mcclain,johnjohnson@hotmail.com,Male,29,Other,Hospital pharmacist,IT,4th Year,6.15,1
Mr. Kyle Lewis,paulgreen@hotmail.com,Male,28,B.Tech,,CSE,Completed,7.83,
Maria Gill,deborahnoble@hotmail.com,Male,27,B.Tech,,Electrical,Completed,9.3,3+
Brandon Mendez,nicolaswang@yahoo.com,Male,29,BCA,,Electrical,3rd Year,7.64,1
Hector Mullen,stephanieknox@guzman-hughes.biz,Other,27,B.Tech,,Mechanical,4th Year,8.06,3+
Margaret Wilkinson,athompson@nguyen.info,Other,18,BCA,,ECE,Completed,9.06,
Brian Martinez,ihudson@hotmail.com,Female,29,M.Tech,,Electrical,3rd Year,9.03,3+
Barbara Howard,adam94@ramsey-meyer.com,Male,22,B.Sc,,IT,2nd Year,7.6,
Brandon Davis,terri58@williams.biz,Male,24,M.Sc,,Civil,Completed,5.71,3+
Jason Franklin,matthew80@mendoza.com,Other,21,B.E,,Mechanical,3rd Year,7.34,2
Jennifer Davis,nruiz@hotmail.com,Male,24,BCA,,Civil,Completed,9.67,1
Leslie Stanley,phillipgarcia@diaz.com,Female,20,B.E,,Civil,3rd Year,8.53,
David Smith,dwolfe@henderson.com,Male,22,Other,"Exhibitions officer, museum/gallery",Civil,2nd Year,5.46,
Susan Murphy,brandylynch@thomas-hughes.info,Male,23,M.Tech,,Civil,3rd Year,8.13,2
Jennifer Allison,michaelbishop@hotmail.com,Other,19,M.Sc,,ECE,Completed,9.58,2
Samantha Morgan,ferrellgregory@ray.com,Male,20,B.E,,Mechanical,1st Year,6.74,
Kelly Torres,kyle61@smith.com,Male,28,M.Sc,,CSE,3rd Year,8.99,2
Tammy Christian PhD,elizabethtrujillo@hotmail.com,Female,29,B.Sc,,ECE,1st Year,9.23,
Keith Payne,vyoung@white.com,Other,25,Other,Marine scientist,IT,4th Year,8.7,
Ashley Livingston,johnsonaudrey@pierce.org,Other,27,MCA,,IT,2nd Year,5.62,2
Brian Leonard,srichards@evans.com,Female,30,B.Tech,,Mechanical,1st Year,6.36,3+
Eric Frost,larry35@gmail.com,Other,25,M.Tech,,ECE,Completed,7.4,1
Sheena Webb,smithconnie@gmail.com,Female,20,BCA,,Civil,1st Year,5.45,1
Jennifer Lopez,rodriguezmatthew@lee.net,Female,27,MCA,,Mechanical,1st Year,9.94,1
Rachael Patterson,ashley16@carter-west.com,Female,30,B.E,,ECE,Completed,7.13,2
Steven Thomas,lisa53@hotmail.com,Other,29,Other,Clinical cytogeneticist,Civil,2nd Year,9.53,2
Jason Davis,tammy09@gross.com,Female,27,B.Sc,,IT,Completed,7.37,3+
Tiffany Williams,meyerjulian@quinn-kelley.com,Male,26,B.Tech,,Electrical,Completed,7.82,1
Jeremy Hansen,ashleyjones@gmail.com,Female,23,B.Sc,,IT,4th Year,7.01,2
Tom Porter,jonesbrianna@gmail.com,Other,29,Other,"Librarian, public",Mechanical,1st Year,9.32,
Laura Pierce,jamesrussell@gmail.com,Other,23,M.Sc,,CSE,2nd Year,7.41,3+
Daniel Lara,bryanholmes@hotmail.com,Female,24,M.Tech,,Electrical,3rd Year,7.81,
Joshua Rollins,morgan91@gmail.com,Male,21,MCA,,CSE,3rd Year,9.75,3+
Elizabeth Ryan,chuerta@gordon.com,Female,21,B.Tech,,Electrical,1st Year,8.77,1
Mark Robinson,svance@gmail.com,Female,21,B.E,,IT,3rd Year,6.03,2
Kevin Flores,halljason@gutierrez.biz,Female,30,B.E,,Electrical,3rd Year,5.51,2
Eric Ryan,hinesrebecca@gilbert.com,Male,20,B.Sc,,Electrical,1st Year,6.4,
Miranda Conrad,jackyoung@gmail.com,Female,27,B.E,,Mechanical,Completed,7.0,3+
Alicia Ayala,teresa43@gmail.com,Other,18,B.E,,Electrical,2nd Year,5.45,3+
Alyssa Oneal,xtaylor@cobb-johnson.com,Female,25,BCA,,CSE,Completed,6.56,3+
Charles Johnson,nmora@short-hernandez.com,Male,29,M.Tech,,Mechanical,3rd Year,8.18,1
Alexander Schneider,cwheeler@gmail.com,Other,25,B.Tech,,CSE,3rd Year,7.13,
Deborah Cortez,hardinkayla@gmail.com,Male,21,BCA,,Mechanical,3rd Year,7.1,
Amanda Fisher,charles61@yahoo.com,Other,19,M.Tech,,Electrical,2nd Year,6.84,2
Carolyn Smith,athomas@yahoo.com,Other,25,B.Tech,,Civil,Completed,7.41,3+
Andrea Elliott,twhite@salazar.info,Female,23,M.Tech,,Civil,1st Year,8.39,
Brent Bennett,odixon@fields.org,Female,21,MCA,,IT,1st Year,9.42,1
Michael Hester,kgarcia@hernandez.info,Other,29,Other,Cytogeneticist,ECE,4th Year,6.63,2
Elizabeth Arnold,nrice@woods-morris.info,Female,30,B.Tech,,IT,3rd Year,6.15,
Brian Garner,sweeneydavid@ray-smith.biz,Male,29,M.Sc,,CSE,2nd Year,5.65,
Kimberly Hampton,hking@sullivan.com,Other,29,BCA,,Electrical,1st Year,7.31,2
Stephanie Bray,ofranklin@heath-martinez.com,Male,25,B.Sc,,Mechanical,Completed,7.99,
David Williams,chall@wise-barton.biz,Female,23,B.E,,IT,2nd Year,8.03,1
William Travis,megan66@christensen.com,Male,29,Other,"Surveyor, rural practice",IT,Completed,9.39,1
Emma Robinson,tgonzalez@gregory.net,Female,19,B.E,,Civil,2nd Year,8.74,
Christine Harris,reesetimothy@blackwell.biz,Male,25,B.Sc,,Civil,2nd Year,9.15,1
Emma Robinson,tgonzalez@gregory.net,Female,19,B.E,,Civil,2nd Year,8.74,
Jeffrey Roberts,elizabeth01@hicks.com,Other,25,BCA,,ECE,4th Year,7.97,3+
Katherine Bowers,gmaxwell@hotmail.com,Other,18,B.Sc,,CSE,1st Year,7.72,3+
Elizabeth Thomas,laurajones@hotmail.com,Other,29,Other,Insurance claims handler,Electrical,3rd Year,5.79,1
Jennifer Glass,james72@gmail.com,Male,22,BCA,,Mechanical,4th Year,9.1,
Richard Ortiz,leblanclisa@gmail.com,Other,26,B.Sc,,CSE,Completed,9.73,1
Regina Jimenez,wpatterson@hotmail.com,Male,21,B.Sc,,ECE,1st Year,8.57,2
Michael Sanders,josephedward@yahoo.com,Male,27,B.Sc,,IT,4th Year,7.67,
Christine Cain,pattontimothy@gmail.com,Other,25,Other,Hospital doctor,Electrical,1st Year,7.83,2
Lori Hill,wilsonsara@hotmail.com,Male,24,B.E,,CSE,2nd Year,9.56,1
David Baker,tylerstevenson@hotmail.com,Male,30,M.Tech,,Mechanical,2nd Year,9.63,
Bradley Whitehead,hevans@gregory.com,Other,23,BCA,,ECE,4th Year,5.64,
Erik Matthews,anthonyandrew@white.info,Other,22,MCA,,Mechanical,Completed,6.88,2
Tiffany Williams,meyerjulian@quinn-kelley.com,Male,26,B.Tech,,Electrical,Completed,7.82,1
William Mcgee,jill58@lowery-mcdowell.net,Female,26,M.Sc,,ECE,4th Year,6.4,3+
Glenn Smith,danny66@yahoo.com,Other,29,M.Tech,,ECE,Completed,9.99,1
Paula Burns,samuelfowler@hotmail.com,Male,21,MCA,,Civil,2nd Year,5.33,
Mr. Calvin Waters,shaneryan@gmail.com,Male,30,M.Sc,,IT,3rd Year,5.51,2
Teresa Kemp,athompson@reynolds.com,Male,28,MCA,,IT,2nd Year,9.0,3+
Kimberly Vazquez,amanda97@herman.com,Male,25,MCA,,Civil,2nd Year,9.93,3+
Tyler Levy,geraldcooper@walker-rodriguez.biz,Female,28,B.Tech,,Mechanical,Completed,7.82,3+
Natalie Young,janicesparks@yahoo.com,Other,26,B.Tech,,ECE,2nd Year,9.44,
Taylor Craig,jacob60@white.org,Male,18,MCA,,CSE,Completed,7.87,3+
Samantha West,rachel60@gmail.com,Female,29,M.Tech,,CSE,3rd Year,6.27,
Monica Gray,tjohnson@smith.net,Other,27,B.E,,Electrical,3rd Year,9.53,
Kevin Flores,halljason@gutierrez.biz,Female,30,B.E,,Electrical,3rd Year,5.51,2
Brenda Nguyen,joseph14@hotmail.com,Other,24,M.Sc,,CSE,2nd Year,7.78,1
Brandy Jones,berrytaylor@mccann.com,Male,29,M.Sc,,IT,1st Year,5.27,1
Nicole Mills,phamlucas@yahoo.com,Female,21,B.E,,CSE,1st Year,8.62,1
Cheryl Terrell,shannon51@hoover-butler.com,Male,26,B.Tech,,CSE,2nd Year,9.55,1
Marilyn Perez,elizabethgarner@gmail.com,Female,23,Other,Advertising art director,Electrical,Completed,6.02,1
Melissa Barron,taylorkelley@hotmail.com,Other,24,BCA,,Mechanical,1st Year,5.33,
Todd Brewer,mrussell@griffin-martin.com,Other,26,B.Tech,,CSE,2nd Year,5.78,
Jenna Hopkins,fherring@rogers.info,Female,21,B.Sc,,Mechanical,2nd Year,9.04,1
Kent Cole,fernandezkimberly@gmail.com,Male,22,MCA,,CSE,4th Year,8.62,2
Diane Brown,sjames@henry-andrews.biz,Female,30,M.Sc,,IT,4th Year,5.83,2
Aaron Williams,vanderson@hotmail.com,Female,25,M.Tech,,Electrical,1st Year,6.36,2
Timothy Rose,amandarivera@gmail.com,Female,29,MCA,,CSE,1st Year,9.96,1
Ana Montgomery,mariagay@benson-ortiz.biz,Female,30,M.Sc,,IT,1st Year,7.01,1
Karen Hogan,cwilliams@rodriguez.com,Male,24,M.Sc,,IT,4th Year,8.84,
Melody Boyd,bhunt@hotmail.com,Female,28,B.E,,CSE,Completed,9.32,1
Stephanie Schmidt,lynchamanda@clark.com,Other,26,M.Sc,,Electrical,2nd Year,8.85,
Tommy Montoya,ramosamanda@gmail.com,Female,29,MCA,,CSE,2nd Year,8.02,1
Maria Villegas,patricia53@martin.biz,Male,19,Other,Records manager,CSE,4th Year,8.29,3+
Jessica Miller,donaldmartinez@cobb.com,Male,18,Other,Dramatherapist,CSE,3rd Year,8.5,2
Christine Cain,pattontimothy@gmail.com,Other,25,Other,Hospital doctor,Electrical,1st Year,7.83,2
Erica Crawford,williamlawson@massey-taylor.com,Male,22,B.Sc,,CSE,1st Year,9.27,1
Terry Navarro,chad95@ellis.com,Other,30,Other,Dramatherapist,CSE,2nd Year,7.51,2
Robert Goodwin,billyfritz@gmail.com,Female,19,B.Tech,,Mechanical,2nd Year,5.68,2
Carlos Hoover,thomascarpenter@matthews.com,Female,20,BCA,,CSE,2nd Year,6.05,
Catherine Kline DDS,gillcandace@gmail.com,Female,26,BCA,,Civil,1st Year,6.64,
Sharon Campbell,icooper@yahoo.com,Male,21,M.Tech,,Electrical,4th Year,5.13,3+
Lauren Davis,zhall@diaz-small.info,Female,25,MCA,,Electrical,2nd Year,5.76,2
Michael Harrison,veronicaryan@blanchard.com,Other,28,M.Sc,,CSE,1st Year,5.06,3+
Mr. Calvin Waters,shaneryan@gmail.com,Male,30,M.Sc,,IT,3rd Year,5.51,2
Christopher Perry,cathy60@yahoo.com,Female,26,B.E,,Mechanical,2nd Year,6.2,3+
Louis Santana,victoriaguzman@yahoo.com,Male,23,Other,"Producer, television/film/video",Electrical,4th Year,9.27,3+
Kathleen Livingston,malik81@kramer.com,Male,26,MCA,,Mechanical,4th Year,6.07,1
Joshua Bowen,williamsxavier@curtis.com,Female,19,B.E,,ECE,2nd Year,7.49,1
William Ballard,fjohnson@hotmail.com,Other,24,B.E,,ECE,2nd Year,7.79,
Shannon Serrano,fwright@yahoo.com,Other,30,Other,Actuary,Mechanical,Completed,5.73,3+
Joe Johnson,ysmith@hotmail.com,Male,20,M.Sc,,ECE,Completed,8.13,
Eric Hayes,lowejeffrey@gmail.com,Other,20,B.Sc,,ECE,4th Year,6.69,
Jeffrey Roberts,elizabeth01@hicks.com,Other,25,BCA,,ECE,4th Year,7.97,3+
Melanie Miranda,rodriguezmatthew@watts-andrews.com,Male,30,Other,"Engineer, site",IT,1st Year,5.77,2
Heather Richard,brianna30@chang-evans.net,Male,26,BCA,,CSE,3rd Year,6.02,
Russell Lowe,keithwilliams@duncan.com,Male,26,Other,Regulatory affairs officer,Mechanical,Completed,5.69,
Teresa Mcdonald,cpowell@yahoo.com,Male,23,M.Sc,,Civil,Completed,6.73,3+
Linda Stevens,thompsondanielle@hotmail.com,Other,23,B.Sc,,ECE,3rd Year,9.7,2
Jordan Miller,ckirk@gmail.com,Male,19,B.Sc,,Mechanical,4th Year,8.81,1
Thomas Gill,rachel05@allen.com,Other,26,MCA,,IT,Completed,6.46,2
Anthony Cabrera,melissa53@yahoo.com,Other,20,B.Tech,,Electrical,1st Year,7.62,1
Dr. Betty Cunningham,pwilliams@hotmail.com,Other,19,BCA,,IT,3rd Year,9.28,2
Jason Carter,dereklester@hotmail.com,Female,29,M.Tech,,Mechanical,4th Year,9.65,1
Rebecca Stout,john02@yahoo.com,Male,24,M.Sc,,Mechanical,1st Year,8.51,2
Eric Frost,larry35@gmail.com,Other,25,M.Tech,,ECE,Completed,7.4,1
Ana Montgomery,mariagay@benson-ortiz.biz,Female,30,M.Sc,,IT,1st Year,7.01,1
Tara Allen,russellstafford@hotmail.com,Other,29,M.Tech,,CSE,1st Year,7.94,2
Patrick Parker,josephwilkins@padilla.net,Female,30,M.Sc,,CSE,4th Year,7.69,
Jamie Avila,jennifer60@anderson-williams.info,Female,21,BCA,,Mechanical,3rd Year,8.82,2
Tony Smith,mary67@yahoo.com,Male,18,B.Sc,,CSE,Completed,8.74,1
Stephanie Murphy,mitchellkaitlin@hotmail.com,Female,22,M.Sc,,IT,2nd Year,9.69,
Julie Herrera,wadewendy@manning.com,Female,20,B.Sc,,CSE,1st Year,9.96,3+
Anna Baker,ricardo09@gomez.com,Female,26,M.Tech,,Mechanical,3rd Year,9.26,
Katrina Stephens,vatkins@hotmail.com,Male,27,B.Tech,,CSE,3rd Year,9.76,3+
Elizabeth Ryan,chuerta@gordon.com,Female,21,B.Tech,,Electrical,1st Year,8.77,1
Marie Parker,phogan@jackson-higgins.com,Female,19,B.E,,ECE,2nd Year,9.57,3+
Amy Moreno,georgealvarez@krause.biz,Female,26,MCA,,IT,4th Year,6.22,2
Jeffery Oliver,tiffanylambert@simpson.com,Male,22,B.E,,Mechanical,2nd Year,6.03,1
Michael Hester,kgarcia@hernandez.info,Other,29,Other,Cytogeneticist,ECE,4th Year,6.63,2
Bradley Colon,owensrachel@hotmail.com,Male,18,BCA,,IT,1st Year,6.03,2
Barbara Howard,adam94@ramsey-meyer.com,Male,22,B.Sc,,IT,2nd Year,7.6,
Carlos Hoover,thomascarpenter@matthews.com,Female,20,BCA,,CSE,2nd Year,6.05,
Jose Reyes,smithjohn@gmail.com,Female,23,B.Tech,,CSE,3rd Year,8.69,1
Kristina Ellis,elaine26@yahoo.com,Other,18,B.E,,Electrical,1st Year,9.22,2
Stephanie Davis,kenneth21@brown-sanders.org,Other,25,MCA,,Civil,2nd Year,5.41,
Shirley Gonzalez,wwood@yahoo.com,Other,23,Other,Ceramics designer,Electrical,1st Year,7.92,3+
Paula Cox,stephen99@martin.com,Other,19,M.Tech,,ECE,Completed,8.12,2
Steven Miranda,matthewponce@hotmail.com,Other,21,B.E,,Electrical,3rd Year,6.22,3+
Tonya Velez,jzimmerman@gmail.com,Male,22,B.E,,Mechanical,1st Year,7.6,
Tony Smith,mary67@yahoo.com,Male,18,B.Sc,,CSE,Completed,8.74,1
Melissa Harris,greenlori@gmail.com,Female,20,B.Tech,,Mechanical,2nd Year,6.95,2
Deborah Cortez,hardinkayla@gmail.com,Male,21,BCA,,Mechanical,3rd Year,7.1,
Pamela Carr,ujones@gmail.com,Other,20,BCA,,IT,Completed,5.47,
Edward Williams,nsilva@yahoo.com,Other,27,BCA,,CSE,1st Year,6.01,2
Amanda Carrillo,andersoncharles@hernandez-brown.net,Other,21,Other,Nature conservation officer,Electrical,Completed,9.56,3+
Clayton Turner,victorgibbs@roberts.biz,Female,22,B.E,,CSE,1st Year,6.0,3+
Linda Stevens,thompsondanielle@hotmail.com,Other,23,B.Sc,,ECE,3rd Year,9.7,2
Justin Humphrey,zdavis@newton.com,Male,24,Other,Seismic interpreter,CSE,4th Year,6.45,
James Humphrey,davisedward@pierce.biz,Other,19,Other,Set designer,ECE,1st Year,6.65,1
Jesse Boyer,emilyandrews@stone-alvarado.com,Male,30,M.Tech,,Electrical,Completed,6.5,2
Erin Hammond,emilymontgomery@hotmail.com,Female,24,B.Tech,,CSE,Completed,6.02,
April Brock,frios@hotmail.com,Female,23,M.Tech,,ECE,Completed,7.24,3+
Taylor Reyes,madisonmartinez@yahoo.com,Male,29,B.E,,CSE,2nd Year,8.33,
Cassidy Wilson,gregory70@gmail.com,Male,23,B.E,,IT,1st Year,9.79,3+
Sydney Roberts,elizabetherickson@hall.net,Female,24,B.Tech,,IT,1st Year,6.96,2
Karen Wallace,melissa33@murillo.com,Other,23,Other,General practice doctor,Mechanical,2nd Year,9.6,3+
Scott Phillips,jennifer69@gmail.com,Other,19,M.Sc,,Civil,2nd Year,5.17,
Katelyn Graham,ohampton@king.com,Female,18,B.Tech,,CSE,3rd Year,9.82,1
Courtney Thompson,rebeccaclay@gmail.com,Female,30,B.Tech,,IT,4th Year,5.98,1
Michael Chapman,jeffreymejia@yahoo.com,Other,24,Other,"Designer, ceramics/pottery",ECE,4th Year,8.82,3+
Jennifer Lee,millerjeffrey@roberson.net,Female,20,Other,Petroleum engineer,Mechanical,Completed,6.88,3+
Tara Allen,russellstafford@hotmail.com,Other,29,M.Tech,,CSE,1st Year,7.94,2
Paul Mcdonald,roblesjames@yahoo.com,Male,21,B.E,,Mechanical,3rd Year,6.83,1
Nicole Flowers,mdavis@craig.com,Male,20,B.Tech,,Mechanical,4th Year,7.55,2
Catherine Gonzalez,ocole@moody.com,Male,21,B.Sc,,IT,4th Year,7.19,2
Victoria Sutton,julie41@austin.com,Other,27,B.Tech,,ECE,2nd Year,8.26,1
Garrett Blackwell,craigfrancis@gmail.com,Other,29,B.Tech,,Civil,Completed,7.97,2
Sydney Williams,wattsgina@lewis-hodges.info,Other,28,Other,Curator,ECE,3rd Year,5.05,1
Nancy Horton,catherine75@patterson.com,Male,22,M.Tech,,Mechanical,Completed,8.96,2
Terry Navarro,chad95@ellis.com,Other,30,Other,Dramatherapist,CSE,2nd Year,7.51,2
Janet Brown,omorris@moyer.info,Male,25,MCA,,IT,3rd Year,5.62,
Brenda Chapman,abowers@thomas.net,Other,23,MCA,,Civil,3rd Year,6.67,
Megan Smith,huffmanjonathan@lowe-steele.com,Female,20,M.Sc,,ECE,Completed,9.22,2
Brian Williams,pricelaura@mckenzie.net,Male,21,M.Sc,,IT,4th Year,5.93,3+
Mary Valenzuela,michael69@yahoo.com,Female,23,BCA,,Mechanical,Completed,7.33,1
Nicole Morales,garnerwilliam@robinson-murray.net,Other,20,Other,Risk manager,CSE,1st Year,8.02,2
Heather Tapia,april02@hartman.com,Male,26,B.E,,Electrical,2nd Year,5.97,2
David Arellano,perryelizabeth@gmail.com,Female,26,M.Sc,,Civil,4th Year,8.27,
Edward Williamson,xboyle@hurst.com,Male,19,B.E,,IT,Completed,8.94,3+
James Young,gadams@campbell.net,Male,21,Other,Clinical research associate,CSE,3rd Year,5.41,3+
Morgan Cherry,blairxavier@yahoo.com,Female,27,B.Tech,,IT,1st Year,8.23,3+
Justin Ferguson,hbaker@petersen.com,Female,18,Other,Copy,CSE,3rd Year,6.9,3+
Jeremy Hansen,ashleyjones@gmail.com,Female,23,B.Sc,,IT,4th Year,7.01,2
Russell Lowe,keithwilliams@duncan.com,Male,26,Other,Regulatory affairs officer,Mechanical,Completed,5.69,
Harold Obrien,gonzalezjames@romero-flores.info,Female,25,Other,Ceramics designer,CSE,2nd Year,6.71,3+
Mary Schneider,jasonsmith@hotmail.com,Female,26,BCA,,Electrical,Completed,7.22,
Leslie Davis,tyates@gmail.com,Female,30,M.Tech,,IT,2nd Year,6.45,2
Stephen Wade,nmoreno@carlson.com,Other,27,B.Tech,,ECE,4th Year,9.64,1
Tara Allen,russellstafford@hotmail.com,Other,29,M.Tech,,CSE,1st Year,7.94,2
Tiffany Smith,cynthia52@cook.com,Male,28,B.Tech,,Mechanical,1st Year,8.79,1
Vernon Ochoa,tracyjackson@gmail.com,Other,26,B.Tech,,IT,2nd Year,7.79,
Adrian Hunt,mortonandrew@wallace-coleman.org,Other,30,M.Tech,,ECE,4th Year,7.27,3+
Pamela Carr,ujones@gmail.com,Other,20,BCA,,IT,Completed,5.47,
Thomas Freeman,pjohnson@fisher-casey.biz,Other,18,M.Tech,,ECE,3rd Year,7.11,
Jeffrey Davis,vmcneil@hotmail.com,Female,18,B.Tech,,Electrical,1st Year,7.13,
Brandon Mccormick,nhayes@hotmail.com,Female,21,B.E,,IT,4th Year,7.48,3+
Edward Walker,eric90@gmail.com,Male,23,M.Sc,,Electrical,4th Year,6.8,2
Lisa Davis,mistyanderson@sanders.com,Female,21,M.Tech,,CSE,1st Year,5.39,2
Steven Ramos,james35@hunt-king.org,Other,24,Other,Passenger transport manager,IT,1st Year,6.03,1
Troy Holden,claire01@kerr.com,Male,30,BCA,,Mechanical,3rd Year,9.69,
Patrick Randolph,michael89@werner.biz,Other,20,M.Sc,,Mechanical,2nd Year,5.43,3+
Pamela Long,richard79@esparza.com,Female,23,BCA,,IT,Completed,5.73,2
Kelly Conley,patricia72@gmail.com,Other,27,B.Sc,,Civil,Completed,5.76,3+
Alexis Bush,dscott@villa.biz,Other,28,B.Tech,,IT,Completed,5.31,1
Heather Werner,fernandezlauren@gmail.com,Other,22,M.Tech,,Electrical,1st Year,9.08,2
Amanda Khan,jcarroll@curry-foster.com,Other,23,M.Tech,,IT,Completed,7.32,1
Troy Carter PhD,charlesmichael@murray-osborne.com,Other,21,M.Tech,,ECE,Completed,5.51,3+
Jessica Carter,millerjennifer@gmail.com,Other,26,M.Tech,,Mechanical,1st Year,6.44,1
Anne Flores,sherrythompson@hotmail.com,Male,18,BCA,,Electrical,2nd Year,7.2,2
Troy Erickson,bromero@watson.net,Male,25,B.Tech,,Electrical,3rd Year,5.67,2
Margaret Freeman,jasonpearson@gmail.com,Female,20,MCA,,Mechanical,2nd Year,5.84,2
Larry Bowers,lori52@gmail.com,Other,24,M.Tech,,Electrical,4th Year,6.06,3+
Jeanne Cohen,carolwagner@williams-wright.biz,Male,24,B.E,,Civil,2nd Year,8.26,3+
Heidi Brooks,mayrobert@jones-allen.com,Male,28,BCA,,Civil,2nd Year,6.31,2
Laura Pierce,jamesrussell@gmail.com,Other,23,M.Sc,,CSE,2nd Year,7.41,3+
Sean Suarez,shawnrobinson@hotmail.com,Other,20,M.Tech,,IT,1st Year,7.15,3+
Jennifer Rosales,brockdavid@yahoo.com,Other,24,B.E,,CSE,1st Year,8.08,3+
Thomas Gill,rachel05@allen.com,Other,26,MCA,,IT,Completed,6.46,2
Victor Mcmahon,omorgan@yahoo.com,Other,25,B.Tech,,ECE,1st Year,9.05,3+
Sara Morgan,hsimmons@davis-montoya.com,Male,28,B.E,,Mechanical,2nd Year,9.88,1
Willie Alvarez,tmcneil@ferguson.com,Male,18,B.E,,Mechanical,2nd Year,9.4,3+
Troy Holden,claire01@kerr.com,Male,30,BCA,,Mechanical,3rd Year,9.69,
Ashley Lutz,iwhite@yahoo.com,Female,24,B.Tech,,IT,2nd Year,6.8,
Alicia Foley,kathryndavis@matthews.com,Female,23,M.Tech,,IT,1st Year,7.92,
James Acevedo,kroman@holden.biz,Female,28,MCA,,Mechanical,2nd Year,8.41,2
Shelby Mendoza,ianowens@anderson.org,Male,21,MCA,,CSE,3rd Year,7.7,1
Ashley Livingston,johnsonaudrey@pierce.org,Other,27,MCA,,IT,2nd Year,5.62,2
Ernest Bates,campbelllinda@garcia.net,Female,25,Other,"Psychologist, sport and exercise",ECE,1st Year,9.46,2
Lori Hill,wilsonsara@hotmail.com,Male,24,B.E,,CSE,2nd Year,9.56,1
Andre Rivas,jefferyferguson@taylor.com,Other,27,BCA,,CSE,1st Year,7.19,1
Maurice Cook,mturner@jones.com,Female,20,M.Sc,,ECE,2nd Year,6.59,3+
Joseph Ramirez,yoderlarry@tran.com,Male,25,M.Tech,,IT,1st Year,9.03,2
Michael Chapman,jeffreymejia@yahoo.com,Other,24,Other,"Designer, ceramics/pottery",ECE,4th Year,8.82,3+
Lori Hill,wilsonsara@hotmail.com,Male,24,B.E,,CSE,2nd Year,9.56,1
Carrie Ayala,ariana57@cobb.com,Female,19,M.Sc,,ECE,1st Year,7.38,
Ashley Arnold,kyle37@miller-preston.com,Female,28,M.Sc,,Mechanical,3rd Year,6.88,3+
Bobby Choi,allisonwilson@sosa.org,Other,24,M.Tech,,IT,3rd Year,6.68,
Scott Phillips,jennifer69@gmail.com,Other,19,M.Sc,,Civil,2nd Year,5.17,
Anna Baker,ricardo09@gomez.com,Female,26,M.Tech,,Mechanical,3rd Year,9.26,
Samuel Levine,williamallen@hotmail.com,Female,25,B.Tech,,Electrical,Completed,8.73,2
Misty Phillips,griffinlaurie@hill.com,Other,30,M.Sc,,CSE,1st Year,6.65,2
Cindy Brown,williamsjessica@hotmail.com,Male,22,Other,Oceanographer,Electrical,1st Year,6.96,3+
Brooke White,csmith@jones.biz,Female,27,B.E,,Mechanical,1st Year,9.98,3+
Timothy Rose,amandarivera@gmail.com,Female,29,MCA,,CSE,1st Year,9.96,1
Mrs. Mariah Randall DDS,eric44@morgan.com,Female,26,Other,Agricultural engineer,Mechanical,1st Year,5.39,2
Tamara Frye,llee@west-wilson.com,Male,28,BCA,,CSE,3rd Year,6.6,1
Kevin Garcia,sarahgonzalez@gmail.com,Other,27,BCA,,Electrical,3rd Year,7.66,
Joshua Rollins,morgan91@gmail.com,Male,21,MCA,,CSE,3rd Year,9.75,3+
Matthew Burton,austinwright@yahoo.com,Female,18,M.Sc,,CSE,1st Year,8.0,1
Robert Ward,angela01@hotmail.com,Female,30,M.Sc,,IT,Completed,6.38,
Bobby Howell,kimashlee@matthews.info,Male,26,M.Tech,,CSE,1st Year,5.08,3+
Mark Gutierrez,aodonnell@yahoo.com,Female,30,B.Tech,,CSE,2nd Year,7.54,
Emily Moore,katelyn66@hotmail.com,Female,24,B.E,,Electrical,4th Year,9.74,3+
Henry Murphy,todd88@lowe.org,Female,30,BCA,,IT,3rd Year,6.09,1
Monica Taylor,ruth88@gmail.com,Other,23,B.Sc,,Mechanical,2nd Year,6.0,2
Tara Allen,russellstafford@hotmail.com,Other,29,M.Tech,,CSE,1st Year,7.94,2
Teresa Le,katherine43@austin.biz,Other,26,M.Tech,,Electrical,4th Year,6.65,
Kathleen Leonard,frenchjames@yahoo.com,Other,23,B.Tech,,Mechanical,2nd Year,8.02,1
Ashley Newman,ashley62@gmail.com,Male,21,Other,Higher education lecturer,ECE,3rd Year,8.73,2
Michael Hester,cwilliams@hotmail.com,Other,19,Other,Structural engineer,ECE,2nd Year,7.7,1
Lauren Davis,zhall@diaz-small.info,Female,25,MCA,,Electrical,2nd Year,5.76,2
Heather Werner,fernandezlauren@gmail.com,Other,22,M.Tech,,Electrical,1st Year,9.08,2
Dana Robinson,leedrake@gilbert-keith.com,Other,22,M.Tech,,ECE,3rd Year,8.1,
Patrick Davis,kaylarobertson@hotmail.com,Other,29,Other,Herbalist,ECE,4th Year,5.61,
Jennifer Cook,anthony84@yahoo.com,Male,28,BCA,,Electrical,1st Year,8.15,1
Stephanie Bray,ofranklin@heath-martinez.com,Male,25,B.Sc,,Mechanical,Completed,7.99,
Karen Bryan,davisoscar@hotmail.com,Male,29,B.Tech,,CSE,1st Year,9.58,2
Kelli Jones,alexander19@mercado.com,Female,20,Other,Chartered accountant,Civil,1st Year,8.19,
Todd Schneider,rdean@yahoo.com,Other,27,BCA,,Civil,1st Year,9.4,2
Gina Burns,williamsjessica@hodge.com,Other,19,MCA,,IT,1st Year,5.86,2
Andrea Flores,shannon99@long-gonzalez.com,Other,30,MCA,,CSE,3rd Year,8.13,2
Robert Rocha,johnanderson@farley.com,Female,21,Other,Air broker,Electrical,Completed,8.69,1
Ryan Roach,fmiller@butler-williams.org,Female,27,B.Tech,,CSE,Completed,5.81,
Ashley West,jasonmorgan@simpson.info,Other,18,M.Sc,,IT,2nd Year,7.67,3+
Taylor Craig,jacob60@white.org,Male,18,MCA,,CSE,Completed,7.87,3+
Jennifer Mccarty,jamesjames@garcia-thompson.com,Other,30,M.Sc,,IT,Completed,8.24,
Thomas Chavez,jessica83@cowan-kaiser.com,Other,26,BCA,,ECE,Completed,5.49,2
Rachel Smith,alyssaholland@yahoo.com,Female,22,MCA,,Civil,4th Year,5.11,
Angelica Franklin,johnsonclaudia@montes.biz,Other,19,MCA,,IT,Completed,7.52,
Kelly Conley,patricia72@gmail.com,Other,27,B.Sc,,Civil,Completed,5.76,3+
Jennifer Lee,millerjeffrey@roberson.net,Female,20,Other,Petroleum engineer,Mechanical,Completed,6.88,3+
Margaret Wilkinson,athompson@nguyen.info,Other,18,BCA,,ECE,Completed,9.06,
George Gilbert,boydmark@gmail.com,Female,22,B.Tech,,CSE,1st Year,5.84,2
Ashley Newman,ashley62@gmail.com,Male,21,Other,Higher education lecturer,ECE,3rd Year,8.73,2
Karen Bryan,davisoscar@hotmail.com,Male,29,B.Tech,,CSE,1st Year,9.58,2
Robert Collier,kimberlyblankenship@kim.com,Male,28,B.Sc,,CSE,4th Year,8.61,1
James Jackson,whendrix@yahoo.com,Female,21,M.Sc,,ECE,1st Year,9.58,1
Michael Mccall,cheryl93@reynolds.com,Other,22,Other,Chief Operating Officer,Civil,1st Year,8.98,3+
John Mack,lorettafleming@gmail.com,Male,28,M.Tech,,CSE,Completed,9.3,
Dustin Jones,kathleen27@gmail.com,Other,22,M.Tech,,ECE,Completed,8.8,2
Steven Miranda,matthewponce@hotmail.com,Other,21,B.E,,Electrical,3rd Year,6.22,3+
William Dominguez,christopherthomas@pennington.net,Female,23,B.E,,IT,Completed,8.1,
Edward Smith,kelsey08@gmail.com,Female,25,B.E,,Electrical,1st Year,9.8,2
Tammy Nguyen,houstonnicholas@yahoo.com,Male,23,B.Tech,,CSE,3rd Year,7.16,
Richard Houston,ygallagher@yahoo.com,Male,29,Other,"Designer, exhibition/display",Electrical,2nd Year,5.39,3+
Peter Pham,ryan79@hotmail.com,Other,20,M.Tech,,Electrical,1st Year,7.09,2
Andrew Munoz,cholloway@harrison-villarreal.org,Male,28,B.Tech,,CSE,4th Year,6.65,
Michele Wilson,meganmoreno@patterson-stevens.com,Female,29,B.E,,IT,2nd Year,9.42,3+
Tricia Meadows,pfisher@hotmail.com,Other,30,M.Tech,,Electrical,2nd Year,8.97,
Thomas Winters,lnelson@yahoo.com,Other,26,B.Sc,,Electrical,2nd Year,6.78,1
Curtis Vasquez,williamselizabeth@hotmail.com,Other,20,B.Sc,,CSE,4th Year,6.21,3+
Erin Clark,millerkurt@daugherty.info,Other,19,BCA,,Mechanical,3rd Year,9.84,1
Elizabeth Thomas,laurajones@hotmail.com,Other,29,Other,Insurance claims handler,Electrical,3rd Year,5.79,1
Nancy Gillespie,john47@allen-santana.info,Female,20,Other,"Surveyor, building",Civil,3rd Year,8.67,
David Johnson,kmullen@gmail.com,Female,25,M.Tech,,IT,1st Year,5.62,
Michelle Garcia,lambellen@rodgers-cervantes.com,Other,28,BCA,,Civil,Completed,8.07,3+
Joshua Jensen,adam66@woods-small.com,Male,22,B.E,,ECE,1st Year,5.72,
Heidi Fisher,vincentcruz@dudley-jenkins.net,Female,23,Other,Theatre stage manager,CSE,1st Year,6.96,
Kristen Jefferson,vasquezrobert@bell.com,Other,21,MCA,,CSE,3rd Year,6.54,1
Michael Johnson,richardsandrea@hotmail.com,Male,21,B.E,,ECE,4th Year,6.74,
Christopher Cummings DDS,vwallace@hotmail.com,Female,26,M.Sc,,ECE,4th Year,7.55,
Kenneth Hill,snguyen@hotmail.com,Female,29,MCA,,CSE,1st Year,9.73,3+
Joshua Morris,jacobschristopher@gmail.com,Male,21,M.Tech,,CSE,2nd Year,9.32,3+
Richard Wilson,zmathews@lopez.biz,Male,25,MCA,,ECE,2nd Year,7.8,2
Lance Murphy,ynelson@hotmail.com,Other,20,B.E,,Electrical,3rd Year,6.49,
Zachary Nichols,brittanyhawkins@robinson.com,Male,22,MCA,,CSE,Completed,6.34,3+
Sandra Smith,youngmallory@gmail.com,Female,22,B.E,,IT,1st Year,5.11,1
James Young,gadams@campbell.net,Male,21,Other,Clinical research associate,CSE,3rd Year,5.41,3+
Hunter Atkins,schwartzwendy@massey.com,Female,22,Other,"Nurse, adult",Mechanical,Completed,9.12,
Miss Joanna Matthews,christinehaley@yahoo.com,Female,21,B.Tech,,Mechanical,1st Year,9.82,
Bradley Whitehead,hevans@gregory.com,Other,23,BCA,,ECE,4th Year,5.64,
Thomas Freeman,pjohnson@fisher-casey.biz,Other,18,M.Tech,,ECE,3rd Year,7.11,
Monique Burns,tammystephens@hotmail.com,Male,25,B.Sc,,CSE,2nd Year,9.3,2
Carlos Baker,ramirezdaniel@parker-duke.com,Female,30,MCA,,Civil,1st Year,7.79,
Richard Gutierrez,calebsmith@hotmail.com,Other,23,M.Tech,,Civil,1st Year,9.99,
Ashley Lutz,iwhite@yahoo.com,Female,24,B.Tech,,IT,2nd Year,6.8,
Barbara Yang,joann68@yahoo.com,Male,22,M.Tech,,CSE,4th Year,7.96,2
Suzanne Diaz,calvingriffin@ortiz.info,Other,18,MCA,,Mechanical,Completed,6.32,1
Melanie Miranda,rodriguezmatthew@watts-andrews.com,Male,30,Other,"Engineer, site",IT,1st Year,5.77,2
Barbara Howard,adam94@ramsey-meyer.com,Male,22,B.Sc,,IT,2nd Year,7.6,
Stephanie Schmidt,lynchamanda@clark.com,Other,26,M.Sc,,Electrical,2nd Year,8.85,
Mr. James Gillespie,xparker@hotmail.com,Other,28,MCA,,Mechanical,1st Year,7.48,3+
Laura Pierce,jamesrussell@gmail.com,Other,23,M.Sc,,CSE,2nd Year,7.41,3+
Heidi Fisher,vincentcruz@dudley-jenkins.net,Female,23,Other,Theatre stage manager,CSE,1st Year,6.96,
Jackie Carter,shortrichard@dawson.com,Other,22,M.Tech,,IT,3rd Year,8.38,2
Sheena Webb,smithconnie@gmail.com,Female,20,BCA,,Civil,1st Year,5.45,1
Gabriel Ayers,jeremy48@yahoo.com,Female,19,Other,"Clinical scientist, histocompatibility and immunogenetics",Electrical,2nd Year,6.19,1
Eric Frost,larry35@gmail.com,Other,25,M.Tech,,ECE,Completed,7.4,1
Stephanie Boyer,danachandler@gmail.com,Other,25,MCA,,Civil,2nd Year,9.35,3+
Felicia Thomas,blakeboyd@yahoo.com,Female,18,M.Tech,,CSE,1st Year,9.85,
Matthew Goodman,katie04@clarke-kelley.net,Other,19,B.Sc,,Mechanical,2nd Year,8.89,2
Jimmy Crawford,qmiller@murphy.com,Other,28,B.E,,Civil,4th Year,8.55,1
Adrian Ward,carol53@hotmail.com,Male,21,B.Tech,,ECE,4th Year,5.54,
Willie Alvarez,tmcneil@ferguson.com,Male,18,B.E,,Mechanical,2nd Year,9.4,3+
Samuel Levine,williamallen@hotmail.com,Female,25,B.Tech,,Electrical,Completed,8.73,2
Anthony Reed,murphyedward@brown-williams.com,Female,23,B.E,,Mechanical,3rd Year,8.59,
Michael Blake,nstanley@hotmail.com,Male,23,B.Sc,,ECE,4th Year,9.91,1
Christine Wise,thomaskaren@garrison-miller.org,Male,22,B.Sc,,Civil,3rd Year,8.0,1
Anna Huang,blackburndanielle@yahoo.com,Female,19,B.E,,Civil,2nd Year,8.39,3+
Brendan Bush,llong@yahoo.com,Other,20,BCA,,Civil,2nd Year,6.01,3+
Justin Simpson,millernicholas@leon.com,Male,18,BCA,,ECE,Completed,8.14,3+
Gerald Campbell,davidsmith@yahoo.com,Female,19,B.Sc,,ECE,2nd Year,7.27,2
Jennifer Rivera,melendezdale@gmail.com,Other,30,M.Sc,,ECE,3rd Year,6.95,
Anthony Reese,kevin99@anthony-berry.com,Male,25,B.E,,Electrical,4th Year,5.83,3+
Sarah Rivera,charleslopez@hotmail.com,Male,23,Other,Advertising copywriter,Mechanical,1st Year,5.03,1
Timothy Yates,brendacarter@cooper.net,Male,24,Other,Minerals surveyor,Civil,Completed,5.83,2
Paul Ramos,sherry92@bennett.com,Male,24,M.Tech,,Electrical,2nd Year,8.6,1
Adam Sutton,mark42@stevens.com,Male,23,B.E,,Mechanical,4th Year,8.89,1
Megan Norman,xjordan@grant-martinez.com,Other,25,M.Tech,,Mechanical,3rd Year,9.63,2
Ian Powell,lori39@sanders.com,Male,23,MCA,,Electrical,Completed,9.19,3+
James Acevedo,kroman@holden.biz,Female,28,MCA,,Mechanical,2nd Year,8.41,2
Jonathan Smith,kristinagarza@yahoo.com,Male,18,Other,Retail banker,IT,Completed,5.17,3+
Katherine Clay,denisecortez@smith.net,Other,21,MCA,,ECE,4th Year,7.42,2
Steven Thomas,lisa53@hotmail.com,Other,29,Other,Clinical cytogeneticist,Civil,2nd Year,9.53,2
Erin Hammond,emilymontgomery@hotmail.com,Female,24,B.Tech,,CSE,Completed,6.02,
Samantha Brown,zachary37@hotmail.com,Other,26,BCA,,CSE,2nd Year,6.92,2
Dawn Franklin,benjamin05@yahoo.com,Male,18,B.Tech,,Civil,4th Year,7.78,2
Karen Wallace,melissa33@murillo.com,Other,23,Other,General practice doctor,Mechanical,2nd Year,9.6,3+
Marisa Flowers,joy29@yahoo.com,Other,28,Other,Artist,Electrical,2nd Year,6.35,3+
Michael Adams,katie76@gmail.com,Female,20,M.Tech,,Mechanical,4th Year,8.9,3+
Wesley Barker,rodriguezeric@hotmail.com,Male,27,M.Sc,,Civil,4th Year,5.54,3+
Alexis Bush,dscott@villa.biz,Other,28,B.Tech,,IT,Completed,5.31,1
Steven Miranda,matthewponce@hotmail.com,Other,21,B.E,,Electrical,3rd Year,6.22,3+
Melissa Barron,taylorkelley@hotmail.com,Other,24,BCA,,Mechanical,1st Year,5.33,
Kathryn Freeman,alexanderlambert@martin.net,Other,22,M.Sc,,ECE,2nd Year,5.22,
Robin Evans,richardyoung@lewis-maynard.com,Male,22,B.E,,CSE,1st Year,6.57,1
Jason Gonzalez,leebarbara@edwards-haley.com,Female,30,B.Tech,,IT,1st Year,7.08,1
Andrew Hall,hmatthews@gmail.com,Female,19,M.Sc,,Mechanical,4th Year,5.75,
Susan Hunt,johnsonyesenia@hotmail.com,Male,19,MCA,,Electrical,1st Year,9.97,2
Daniel Gonzalez,brian40@gmail.com,Other,21,B.Sc,,ECE,2nd Year,5.39,2
Pamela Osborne,shannon70@williams.com,Other,30,M.Sc,,Civil,1st Year,7.15,3+
Jacob Anderson,julielewis@ferguson.com,Female,18,BCA,,CSE,2nd Year,6.57,3+
Ashley Lutz,iwhite@yahoo.com,Female,24,B.Tech,,IT,2nd Year,6.8,
Linda Stevens,thompsondanielle@hotmail.com,Other,23,B.Sc,,ECE,3rd Year,9.7,2
Christian White,bowmantanya@randall.info,Male,20,B.Tech,,ECE,4th Year,8.73,
Justin Mckenzie,fritzjames@gray.com,Other,21,Other,Counselling psychologist,Civil,3rd Year,9.72,1
Charles Johnson,nmora@short-hernandez.com,Male,29,M.Tech,,Mechanical,3rd Year,8.18,1
Martin Howard,paul29@young.com,Female,29,M.Sc,,Mechanical,1st Year,6.11,
Ariana Moore,carteranthony@hotmail.com,Other,23,BCA,,Civil,4th Year,9.86,2
Richard Hunt,walterbrandon@owens-lewis.com,Male,28,BCA,,Civil,Completed,6.33,3+
Christopher Kim,sherry76@alexander.info,Other,21,Other,Consulting civil engineer,ECE,4th Year,9.38,
Vanessa Horn,thompsonmary@hotmail.com,Other,26,B.Sc,,ECE,1st Year,9.33,2
Ashley Mays,nclark@yahoo.com,Male,22,B.E,,Civil,Completed,8.89,
Todd Cherry,sarah93@gmail.com,Female,25,BCA,,ECE,4th Year,9.83,2
Alec Rosario,diana86@gmail.com,Other,26,M.Sc,,IT,3rd Year,8.7,1
Michael Johnson,jessicachen@richards.com,Other,24,MCA,,CSE,2nd Year,5.44,3+
Christopher Perry,cathy60@yahoo.com,Female,26,B.E,,Mechanical,2nd Year,6.2,3+
Mary Carter,melvin83@barnes.net,Female,23,M.Tech,,Electrical,Completed,5.01,2
Lisa Ferguson,qbriggs@wilson.net,Other,23,B.Sc,,Mechanical,4th Year,5.42,3+
Jennifer Tate,jeremy64@lee.info,Female,25,BCA,,CSE,3rd Year,8.7,1
Jennifer Lopez,rodriguezmatthew@lee.net,Female,27,MCA,,Mechanical,1st Year,9.94,1
Richard Tran,ggregory@gmail.com,Other,22,B.Tech,,Electrical,2nd Year,7.7,2
Richard Brown,clarknoah@rich.net,Other,30,B.Tech,,Civil,2nd Year,7.51,1
Kathleen Murphy,lynn98@hotmail.com,Other,22,MCA,,Civil,3rd Year,6.34,
Amanda Fisher,charles61@yahoo.com,Other,19,M.Tech,,Electrical,2nd Year,6.84,2
Joshua Soto,lorismith@hotmail.com,Male,21,M.Tech,,ECE,4th Year,8.95,3+
Deanna Shepherd,crosszachary@hotmail.com,Male,19,BCA,,Electrical,4th Year,9.83,1
Frank King,philipphillips@terrell.com,Male,23,BCA,,Electrical,2nd Year,8.42,3+
Jacob Christian,ythomas@gmail.com,Female,18,M.Sc,,IT,4th Year,9.54,
Andre Rivas,jefferyferguson@taylor.com,Other,27,BCA,,CSE,1st Year,7.19,1
Steven Miranda,matthewponce@hotmail.com,Other,21,B.E,,Electrical,3rd Year,6.22,3+
Troy Merritt,nguyenjoshua@hotmail.com,Other,27,Other,Jewellery designer,Electrical,2nd Year,8.92,
Elizabeth Arnold,nrice@woods-morris.info,Female,30,B.Tech,,IT,3rd Year,6.15,
Linda Stevens,thompsondanielle@hotmail.com,Other,23,B.Sc,,ECE,3rd Year,9.7,2
Monica Taylor,ruth88@gmail.com,Other,23,B.Sc,,Mechanical,2nd Year,6.0,2
David Ramirez,mphillips@johnson.com,Female,27,M.Sc,,CSE,1st Year,7.89,
Chloe Hill,owheeler@gmail.com,Female,24,MCA,,Civil,Completed,6.89,
Andrea Coleman,triciaharris@gmail.com,Other,22,M.Tech,,Mechanical,Completed,7.21,3+
Michael Parker,peterskrista@gmail.com,Other,22,B.E,,IT,3rd Year,6.46,
Jeremy Mcgee,haydennorton@yahoo.com,Male,21,M.Sc,,Mechanical,2nd Year,6.42,2
Christopher Cummings DDS,vwallace@hotmail.com,Female,26,M.Sc,,ECE,4th Year,7.55,
Amy Brown,rachelcook@hotmail.com,Male,26,B.E,,ECE,4th Year,8.14,3+
Michael Chapman,jeffreymejia@yahoo.com,Other,24,Other,"Designer, ceramics/pottery",ECE,4th Year,8.82,3+
Rachel Sanchez DDS,hday@yahoo.com,Other,23,MCA,,IT,1st Year,8.22,2
Brian Gutierrez,walterbarnes@dickson.info,Female,23,M.Sc,,CSE,1st Year,5.59,
Steven Tucker,thomaswood@yahoo.com,Male,27,B.E,,Civil,Completed,9.94,2
Matthew Abbott,andersenashley@johnson.biz,Other,22,M.Sc,,IT,4th Year,6.53,2
Julia Villanueva,blopez@gmail.com,Female,29,B.Sc,,Electrical,3rd Year,5.46,1
Kimberly Nguyen,nathanrobbins@gonzales-smith.biz,Female,20,BCA,,Civil,3rd Year,9.6,
Kyle Lewis,lisamccall@gmail.com,Other,18,B.Tech,,Electrical,1st Year,5.28,3+
Mr. Kyle Lewis,paulgreen@hotmail.com,Male,28,B.Tech,,CSE,Completed,7.83,
Brent Bennett,odixon@fields.org,Female,21,MCA,,IT,1st Year,9.42,1
Richard Tran,ggregory@gmail.com,Other,22,B.Tech,,Electrical,2nd Year,7.7,2
Andrea Elliott,twhite@salazar.info,Female,23,M.Tech,,Civil,1st Year,8.39,
Troy Merritt,nguyenjoshua@hotmail.com,Other,27,Other,Jewellery designer,Electrical,2nd Year,8.92,
Morgan Cherry,blairxavier@yahoo.com,Female,27,B.Tech,,IT,1st Year,8.23,3+
Timothy Richards,sototimothy@day-reed.com,Other,19,B.E,,Mechanical,2nd Year,5.69,1
Daniel Lara,bryanholmes@hotmail.com,Female,24,M.Tech,,Electrical,3rd Year,7.81,
Mr. Zachary Green,cbrown@walters.com,Male,18,M.Tech,,Civil,4th Year,6.35,1
Corey Salinas,xlam@bautista.com,Female,21,Other,"Research officer, political party",IT,1st Year,6.75,3+
Monica Gray,tjohnson@smith.net,Other,27,B.E,,Electrical,3rd Year,9.53,
Kevin Hampton,michael96@johnson-li.info,Other,28,B.Sc,,Mechanical,Completed,6.18,1
Dr. Jessica Rivera PhD,tracy39@hotmail.com,Female,29,M.Tech,,ECE,Completed,9.41,3+
Jennifer Mccarty,jamesjames@garcia-thompson.com,Other,30,M.Sc,,IT,Completed,8.24,
Teresa Le,katherine43@austin.biz,Other,26,M.Tech,,Electrical,4th Year,6.65,
Karen Wallace,melissa33@murillo.com,Other,23,Other,General practice doctor,Mechanical,2nd Year,9.6,3+
Kenneth Huynh,shawnbrown@yahoo.com,Other,28,B.Tech,,Electrical,1st Year,9.73,2
Elizabeth Arnold,nrice@woods-morris.info,Female,30,B.Tech,,IT,3rd Year,6.15,
Sara Chaney,jonesjennifer@gmail.com,Female,23,M.Tech,,Civil,3rd Year,7.83,3+
Patrick Parker,josephwilkins@padilla.net,Female,30,M.Sc,,CSE,4th Year,7.69,
Alyssa Oneal,xtaylor@cobb-johnson.com,Female,25,BCA,,CSE,Completed,6.56,3+
Amy Welch,dweber@yahoo.com,Male,26,B.E,,Civil,4th Year,5.95,
Michelle Valdez,richardstafford@yahoo.com,Male,23,B.Sc,,ECE,4th Year,8.75,
Shannon Sosa,gonzalezcatherine@gomez-davis.net,Other,26,M.Sc,,Mechanical,1st Year,9.79,
Kenneth Huynh,shawnbrown@yahoo.com,Other,28,B.Tech,,Electrical,1st Year,9.73,2
Jesse Boyer,emilyandrews@stone-alvarado.com,Male,30,M.Tech,,Electrical,Completed,6.5,2
Hunter Atkins,schwartzwendy@massey.com,Female,22,Other,"Nurse, adult",Mechanical,Completed,9.12,
Troy Holden,claire01@kerr.com,Male,30,BCA,,Mechanical,3rd Year,9.69,
Lauren Thompson,cheryl99@riley-gutierrez.biz,Other,18,M.Sc,,Mechanical,2nd Year,6.34,
Jeremy Mcgee,haydennorton@yahoo.com,Male,21,M.Sc,,Mechanical,2nd Year,6.42,2
Brian Garner,sweeneydavid@ray-smith.biz,Male,29,M.Sc,,CSE,2nd Year,5.65,
Troy Merritt,nguyenjoshua@hotmail.com,Other,27,Other,Jewellery designer,Electrical,2nd Year,8.92,
Courtney Thompson,rebeccaclay@gmail.com,Female,30,B.Tech,,IT,4th Year,5.98,1
Jonathan Alexander,duncantim@hotmail.com,Male,24,MCA,,Electrical,4th Year,7.46,2
Deanna Richmond,danielle96@yahoo.com,Female,29,Other,Counselling psychologist,Mechanical,Completed,5.21,
Jennifer Rosales,brockdavid@yahoo.com,Other,24,B.E,,CSE,1st Year,8.08,3+
Richard Hunt,walterbrandon@owens-lewis.com,Male,28,BCA,,Civil,Completed,6.33,3+
Peter Pham,ryan79@hotmail.com,Other,20,M.Tech,,Electrical,1st Year,7.09,2
Tony Smith,mary67@yahoo.com,Male,18,B.Sc,,CSE,Completed,8.74,1
Megan Moreno,tperkins@terry-hanson.info,Other,30,B.E,,CSE,2nd Year,6.33,2
Larry Lane,nicholas26@cook.com,Other,27,MCA,,Mechanical,4th Year,6.5,3+
Frank Douglas,autumn17@wells.info,Male,29,Other,Conference centre manager,Civil,3rd Year,8.25,1
Amanda Perry,bwalker@hotmail.com,Male,21,B.E,,IT,3rd Year,8.84,2
Hunter Atkins,schwartzwendy@massey.com,Female,22,Other,"Nurse, adult",Mechanical,Completed,9.12,
Lauren Davis,zhall@diaz-small.info,Female,25,MCA,,Electrical,2nd Year,5.76,2
Rebecca Mckinney,johncaldwell@schmitt.com,Female,25,B.Tech,,Electrical,Completed,8.59,3+
Christine Wise,thomaskaren@garrison-miller.org,Male,22,B.Sc,,Civil,3rd Year,8.0,1
Tina Gregory,vcarter@yahoo.com,Other,22,BCA,,IT,2nd Year,8.64,
Kimberly Vazquez,amanda97@herman.com,Male,25,MCA,,Civil,2nd Year,9.93,3+
Cathy Cox,johnsonashley@hotmail.com,Male,25,B.E,,ECE,Completed,5.13,3+
Christopher Richmond,wilsonjoseph@galvan.com,Other,27,B.Tech,,Civil,2nd Year,6.04,1
Samantha West,rachel60@gmail.com,Female,29,M.Tech,,CSE,3rd Year,6.27,
Michael Rodriguez,mwise@hotmail.com,Male,29,B.Sc,,Electrical,1st Year,5.47,1
Antonio Wood,joshua80@maxwell.com,Other,26,B.Tech,,Civil,3rd Year,9.68,1
Hector Mullen,stephanieknox@guzman-hughes.biz,Other,27,B.Tech,,Mechanical,4th Year,8.06,3+
Cassidy Wilson,gregory70@gmail.com,Male,23,B.E,,IT,1st Year,9.79,3+
James Acevedo,kroman@holden.biz,Female,28,MCA,,Mechanical,2nd Year,8.41,2
Sydney Roberts,elizabetherickson@hall.net,Female,24,B.Tech,,IT,1st Year,6.96,2
Kimberly Powell,zjuarez@petersen-hughes.com,Female,18,BCA,,IT,Completed,5.55,3+
Stephanie Davis,kenneth21@brown-sanders.org,Other,25,MCA,,Civil,2nd Year,5.41,
Kenneth Miller,elizabeth15@yahoo.com,Male,23,M.Tech,,IT,4th Year,9.15,1
Jillian Stokes,paul88@weber.com,Male,23,M.Sc,,Mechanical,4th Year,7.18,
Paula Burns,samuelfowler@hotmail.com,Male,21,MCA,,Civil,2nd Year,5.33,
James Perkins,jasminesantos@davis.info,Male,18,B.Tech,,IT,4th Year,6.51,1
Laurie Phillips,reginakirk@gmail.com,Other,19,M.Tech,,Electrical,4th Year,5.78,3+
Wayne Marshall,patrickgriffith@boyd.com,Other,30,M.Tech,,Electrical,3rd Year,6.44,3+
Jennifer Lee,chandlertoni@lucas-stephens.org,Female,23,Other,Passenger transport manager,Civil,3rd Year,6.21,2
Susan Harvey,amber30@martinez.net,Male,24,B.Sc,,Civil,1st Year,9.71,2
Timothy Rose,amandarivera@gmail.com,Female,29,MCA,,CSE,1st Year,9.96,1
Joshua Jensen,adam66@woods-small.com,Male,22,B.E,,ECE,1st Year,5.72,
Theresa Green,maldonadotroy@hill.com,Female,18,MCA,,ECE,Completed,5.35,1
Gary House,earl32@hotmail.com,Other,18,B.E,,IT,Completed,9.0,1
Andrea Coleman,triciaharris@gmail.com,Other,22,M.Tech,,Mechanical,Completed,7.21,3+
Michael Rodriguez,mwise@hotmail.com,Male,29,B.Sc,,Electrical,1st Year,5.47,1
Michele Conway,hardychristina@gmail.com,Male,22,B.Sc,,Civil,1st Year,8.63,
Adam Beck,elarson@owens-mitchell.com,Male,25,M.Tech,,IT,Completed,5.72,2
Justin Humphrey,zdavis@newton.com,Male,24,Other,Seismic interpreter,CSE,4th Year,6.45,
Elizabeth Thomas,laurajones@hotmail.com,Other,29,Other,Insurance claims handler,Electrical,3rd Year,5.79,1
John Moore,christopherwright@clark.com,Other,27,BCA,,ECE,Completed,5.7,1
Tara Allen,russellstafford@hotmail.com,Other,29,M.Tech,,CSE,1st Year,7.94,2
William Cardenas,harrisrandy@hotmail.com,Other,28,B.E,,IT,1st Year,7.46,1
Cory Alexander,grayautumn@sosa-soto.com,Female,21,BCA,,Electrical,4th Year,8.92,3+
Kevin Garcia,sarahgonzalez@gmail.com,Other,27,BCA,,Electrical,3rd Year,7.66,
Deanna Richmond,danielle96@yahoo.com,Female,29,Other,Counselling psychologist,Mechanical,Completed,5.21,
Brian Johnson,michaelmaddox@brennan.com,Male,23,Other,General practice doctor,IT,2nd Year,7.38,3+
Regina Peck,loganmoran@hawkins.org,Female,19,MCA,,IT,2nd Year,9.36,
Kristopher Gonzalez,harveynathan@kline.com,Other,25,M.Tech,,CSE,3rd Year,8.18,3+
Melissa Barron,taylorkelley@hotmail.com,Other,24,BCA,,Mechanical,1st Year,5.33,
Jeremy Mcgee,haydennorton@yahoo.com,Male,21,M.Sc,,Mechanical,2nd Year,6.42,2
Raymond Peck,solomonpatricia@monroe.net,Male,21,MCA,,ECE,2nd Year,9.84,
Tonya Velez,jzimmerman@gmail.com,Male,22,B.E,,Mechanical,1st Year,7.6,
Kathryn Freeman,alexanderlambert@martin.net,Other,22,M.Sc,,ECE,2nd Year,5.22,
Julie Herrera,wadewendy@manning.com,Female,20,B.Sc,,CSE,1st Year,9.96,3+
Holly Robinson,klewis@white-cruz.com,Male,25,M.Sc,,IT,3rd Year,9.13,
Jessica Jarvis,jonshea@jones-williams.com,Other,23,B.Sc,,Civil,Completed,6.85,1
Jeffery Oliver,tiffanylambert@simpson.com,Male,22,B.E,,Mechanical,2nd Year,6.03,1
Amber Winters,fwilliams@hotmail.com,Female,27,B.Tech,,Mechanical,3rd Year,7.72,1
Cynthia Hopkins,tgreen@ryan-roy.org,Male,27,M.Sc,,CSE,1st Year,5.31,2
Jessica Merritt,zcollins@edwards.com,Male,27,M.Sc,,ECE,2nd Year,8.21,3+
Thomas Chaney,johnsondavid@cunningham.com,Female,26,Other,"Engineer, manufacturing systems",IT,1st Year,9.72,
Michael Gibbs,stephen62@gmail.com,Male,23,B.Tech,,ECE,2nd Year,5.63,
Heather Farmer,destinyburgess@morgan.info,Male,19,B.E,,ECE,1st Year,7.79,3+
Jacqueline Long,raymondweber@yahoo.com,Female,30,B.Tech,,Mechanical,2nd Year,8.52,
Edward Smith,kelsey08@gmail.com,Female,25,B.E,,Electrical,1st Year,9.8,2
Cheyenne Scott,wmurray@yahoo.com,Female,27,Other,"Production assistant, television",IT,Completed,7.01,2
Heather Johnson,gary28@hotmail.com,Other,23,B.Tech,,ECE,3rd Year,6.87,
Dawn Lawrence,malikunderwood@yahoo.com,Male,20,MCA,,ECE,Completed,7.45,3+
Stephanie Becker,ksmith@gmail.com,Male,21,Other,"Accountant, chartered",CSE,2nd Year,6.56,2
Rachel Gomez,brandon01@gmail.com,Other,21,B.E,,IT,4th Year,5.48,2
Karen Padilla,gavin10@mcclure.net,Other,22,B.Tech,,IT,4th Year,6.43,3+
Cynthia Parker,pattongary@kelly.com,Female,25,B.E,,Mechanical,1st Year,8.59,3+
Joshua Chan,ihunt@olson.com,Other,24,MCA,,CSE,4th Year,6.05,2
Tony Smith,mary67@yahoo.com,Male,18,B.Sc,,CSE,Completed,8.74,1
Rebecca Martinez,jessicahill@stephens-lara.com,Male,30,B.E,,ECE,4th Year,6.87,1
Mark Williams,odelgado@taylor-colon.com,Female,26,B.E,,ECE,Completed,6.49,3+
Chad Thomas,huntjessica@spencer.com,Other,18,B.E,,Civil,Completed,5.21,3+
Shane Church,swansonkimberly@johnson.net,Other,28,MCA,,CSE,Completed,6.5,
Natalie Young,janicesparks@yahoo.com,Other,26,B.Tech,,ECE,2nd Year,9.44,
Matthew Jones,cameron30@gmail.com,Other,28,M.Tech,,IT,Completed,9.52,3+
Jason Thomas,gponce@anderson.com,Male,21,M.Sc,,Electrical,2nd Year,9.88,
Richard Houston,ygallagher@yahoo.com,Male,29,Other,"Designer, exhibition/display",Electrical,2nd Year,5.39,3+
Dalton Potts,kelly62@yahoo.com,Male,20,B.Sc,,CSE,1st Year,5.93,3+
Jessica Trevino,nlyons@gmail.com,Other,27,M.Tech,,CSE,3rd Year,9.48,3+
Robert Collier,kimberlyblankenship@kim.com,Male,28,B.Sc,,CSE,4th Year,8.61,1
Duane Reeves,sgarcia@richardson-peters.com,Male,19,M.Tech,,CSE,2nd Year,7.16,
Mark Ramirez,aobrien@sanchez.com,Female,27,B.E,,ECE,1st Year,9.25,
Christian White,bowmantanya@randall.info,Male,20,B.Tech,,ECE,4th Year,8.73,
Denise Smith,pdunn@yahoo.com,Other,19,B.E,,IT,1st Year,8.47,2
Benjamin Davis,tina40@lowery.com,Male,22,M.Sc,,IT,3rd Year,8.17,3+
Nicole Mills,phamlucas@yahoo.com,Female,21,B.E,,CSE,1st Year,8.62,1
Teresa Mcdonald,cpowell@yahoo.com,Male,23,M.Sc,,Civil,Completed,6.73,3+
Karen Lee,lharris@bradley.com,Other,27,B.Sc,,ECE,2nd Year,6.5,1
Nathan Reynolds,moralesashley@yahoo.com,Male,21,Other,Merchant navy officer,ECE,1st Year,7.33,1
Robert Collier,kimberlyblankenship@kim.com,Male,28,B.Sc,,CSE,4th Year,8.61,1
Michael Goodwin,yphillips@hotmail.com,Other,26,B.E,,CSE,3rd Year,8.64,1
Justin Oneal,michellerodgers@gamble.org,Other,21,BCA,,ECE,1st Year,5.71,1
Kathy Palmer,patricia55@yahoo.com,Female,28,MCA,,Electrical,Completed,9.64,
Taylor Brandt,zacharydixon@gmail.com,Other,19,MCA,,Civil,4th Year,7.55,3+
Felicia Thomas,blakeboyd@yahoo.com,Female,18,M.Tech,,CSE,1st Year,9.85,
Michelle Brown,lharmon@weaver.com,Male,22,M.Tech,,Electrical,Completed,5.38,2
Theresa Nunez,jamesyoder@castillo.info,Male,18,Other,Public affairs consultant,Mechanical,3rd Year,8.77,3+
Michele Rubio,murraytyler@gmail.com,Other,18,B.E,,CSE,3rd Year,7.51,2
Michael Johnson,richardsandrea@hotmail.com,Male,21,B.E,,ECE,4th Year,6.74,
Stephanie Bray,ofranklin@heath-martinez.com,Male,25,B.Sc,,Mechanical,Completed,7.99,
Mr. Kyle Lewis,paulgreen@hotmail.com,Male,28,B.Tech,,CSE,Completed,7.83,
Frank Douglas,autumn17@wells.info,Male,29,Other,Conference centre manager,Civil,3rd Year,8.25,1
Xavier Mccann,rhampton@yahoo.com,Male,24,Other,Social worker,Mechanical,4th Year,6.6,1
Elizabeth Ryan,chuerta@gordon.com,Female,21,B.Tech,,Electrical,1st Year,8.77,1
Brooke Smith,juliemurphy@rios.net,Male,21,BCA,,Electrical,3rd Year,5.4,3+
Paula Burns,samuelfowler@hotmail.com,Male,21,MCA,,Civil,2nd Year,5.33,
Mary Schneider,jasonsmith@hotmail.com,Female,26,BCA,,Electrical,Completed,7.22,
Edward Williamson,xboyle@hurst.com,Male,19,B.E,,IT,Completed,8.94,3+
Kevin Webb,kevinmcneil@miller-morton.com,Male,30,B.Sc,,Electrical,4th Year,6.55,2
Michele Robles,joannsmith@yahoo.com,Other,24,B.Tech,,IT,Completed,9.3,
Veronica Stephens,icastro@fisher.biz,Other,20,B.E,,Civil,4th Year,9.32,1
Tammy Jackson,mercedescollins@taylor.biz,Other,21,M.Sc,,CSE,1st Year,7.53,3+
Felicia Boyd,danielrobinson@yahoo.com,Other,27,BCA,,Electrical,Completed,5.94,3+
Ashley Newman,ashley62@gmail.com,Male,21,Other,Higher education lecturer,ECE,3rd Year,8.73,2
Jack Lopez,michellemoore@hotmail.com,Other,23,BCA,,Civil,1st Year,6.73,
Amber Riley,rushchristopher@hotmail.com,Female,25,B.Tech,,Civil,1st Year,8.11,3+
Linda Stevens,thompsondanielle@hotmail.com,Other,23,B.Sc,,ECE,3rd Year,9.7,2
Chloe Hill,owheeler@gmail.com,Female,24,MCA,,Civil,Completed,6.89,
Wyatt Coleman,sroberts@cummings-taylor.com,Female,20,B.Sc,,Civil,3rd Year,6.52,
April Moran,lgreene@yahoo.com,Other,19,M.Tech,,Civil,2nd Year,8.46,3+
Tricia Meadows,pfisher@hotmail.com,Other,30,M.Tech,,Electrical,2nd Year,8.97,
Erica Brooks,kyle93@gomez.net,Other,21,B.Tech,,CSE,4th Year,8.59,3+
Alex Villanueva,walkerjasmine@wright.biz,Female,26,MCA,,Mechanical,1st Year,9.52,1
Tammy Henson,carlos11@yahoo.com,Female,18,B.Sc,,Civil,3rd Year,7.86,2
Robert Roberson,knightabigail@hotmail.com,Other,22,M.Tech,,Electrical,3rd Year,7.08,
Susan Murphy,brandylynch@thomas-hughes.info,Male,23,M.Tech,,Civil,3rd Year,8.13,2
Nicole Bolton,weverett@phillips-edwards.com,Other,18,MCA,,Mechanical,4th Year,5.72,
Amanda Perry,bwalker@hotmail.com,Male,21,B.E,,IT,3rd Year,8.84,2
Cindy Brown,williamsjessica@hotmail.com,Male,22,Other,Oceanographer,Electrical,1st Year,6.96,3+
Rebecca Stout,john02@yahoo.com,Male,24,M.Sc,,Mechanical,1st Year,8.51,2
Ruben Bell,rlewis@yahoo.com,Male,22,B.E,,CSE,Completed,9.13,1
Justin Ferguson,hbaker@petersen.com,Female,18,Other,Copy,CSE,3rd Year,6.9,3+
Brian Gutierrez,walterbarnes@dickson.info,Female,23,M.Sc,,CSE,1st Year,5.59,
Kayla Jones,paulaortiz@snyder.info,Male,25,BCA,,Mechanical,4th Year,9.32,1
Heather Cruz,vangmonique@jones.info,Male,19,B.E,,Electrical,1st Year,5.26,1
Jeremy Bell,timothy93@evans.com,Other,30,M.Tech,,Mechanical,1st Year,9.87,2
James Acevedo,kroman@holden.biz,Female,28,MCA,,Mechanical,2nd Year,8.41,2
Todd Salas,brianreese@thomas.com,Other,22,B.Sc,,IT,2nd Year,7.94,1
Adam Gilmore,whitepenny@gmail.com,Other,26,MCA,,CSE,3rd Year,8.57,2
Michael Gibbs,stephen62@gmail.com,Male,23,B.Tech,,ECE,2nd Year,5.63,
Alicia Foley,kathryndavis@matthews.com,Female,23,M.Tech,,IT,1st Year,7.92,
Jonathan Smith,kristinagarza@yahoo.com,Male,18,Other,Retail banker,IT,Completed,5.17,3+
Anne Flores,sherrythompson@hotmail.com,Male,18,BCA,,Electrical,2nd Year,7.2,2
James Acevedo,kroman@holden.biz,Female,28,MCA,,Mechanical,2nd Year,8.41,2
Jennifer Davis,nruiz@hotmail.com,Male,24,BCA,,Civil,Completed,9.67,1
Monica Taylor,ruth88@gmail.com,Other,23,B.Sc,,Mechanical,2nd Year,6.0,2
Wendy Martinez,michaelnelson@cole-taylor.com,Male,22,M.Sc,,Civil,4th Year,6.99,3+
Joshua Soto,lorismith@hotmail.com,Male,21,M.Tech,,ECE,4th Year,8.95,3+
Miss Karina Pearson,fwong@hotmail.com,Other,27,B.Tech,,Electrical,4th Year,8.8,
Lindsay Martin,christinawilliams@mcgee.com,Male,23,B.Tech,,Civil,1st Year,8.47,3+
Krystal Clark,bonniecunningham@yahoo.com,Other,30,Other,Recruitment consultant,Electrical,Completed,6.83,2
Theresa Green,maldonadotroy@hill.com,Female,18,MCA,,ECE,Completed,5.35,1
Katrina Frye,morrisamanda@ramos.com,Other,19,M.Tech,,IT,Completed,6.2,3+
Aaron Williams,vanderson@hotmail.com,Female,25,M.Tech,,Electrical,1st Year,6.36,2
James Jackson,whendrix@yahoo.com,Female,21,M.Sc,,ECE,1st Year,9.58,1
Jason Robinson,stephenrivera@hotmail.com,Female,23,MCA,,Mechanical,1st Year,9.1,3+
Justin Mckenzie,fritzjames@gray.com,Other,21,Other,Counselling psychologist,Civil,3rd Year,9.72,1
John Hernandez,wwagner@cohen.com,Male,23,M.Sc,,Mechanical,2nd Year,9.0,3+
Rachael Patterson,ashley16@carter-west.com,Female,30,B.E,,ECE,Completed,7.13,2
Hunter Atkins,schwartzwendy@massey.com,Female,22,Other,"Nurse, adult",Mechanical,Completed,9.12,
Chelsea Collins,thopkins@long.com,Other,25,B.Sc,,Electrical,2nd Year,5.57,3+
Jennifer Lopez,rodriguezmatthew@lee.net,Female,27,MCA,,Mechanical,1st Year,9.94,1
Shawna Boone,shelley13@foster-lopez.com,Male,30,Other,Writer,IT,Completed,5.27,1
Kimberly Pace,kimberly34@yahoo.com,Female,20,B.E,,CSE,2nd Year,5.15,1
Nathaniel Herrera,seanhayden@yahoo.com,Female,22,M.Sc,,ECE,2nd Year,5.52,1
Jacqueline Long,raymondweber@yahoo.com,Female,30,B.Tech,,Mechanical,2nd Year,8.52,
Charles Collins,jchavez@smith.org,Female,21,M.Tech,,Civil,4th Year,5.73,1
Elizabeth Thomas,doyleanthony@gilbert.com,Female,23,B.Sc,,ECE,2nd Year,8.93,2
Diane Griffin,roberthall@valencia.com,Female,21,B.E,,ECE,4th Year,8.96,1
Antonio Garcia,petersana@gmail.com,Male,26,MCA,,ECE,Completed,5.08,2
Henry Murphy,todd88@lowe.org,Female,30,BCA,,IT,3rd Year,6.09,1
Joshua Soto,lorismith@hotmail.com,Male,21,M.Tech,,ECE,4th Year,8.95,3+
Amanda Khan,jcarroll@curry-foster.com,Other,23,M.Tech,,IT,Completed,7.32,1
Timothy Calderon,reedgabriel@yahoo.com,Other,25,B.Tech,,CSE,1st Year,9.44,2
Paula Burns,samuelfowler@hotmail.com,Male,21,MCA,,Civil,2nd Year,5.33,
Michael Parker,peterskrista@gmail.com,Other,22,B.E,,IT,3rd Year,6.46,
Tyler White,montgomeryjulia@hotmail.com,Other,26,BCA,,IT,4th Year,6.6,1
Danielle Walker,dustinperez@gmail.com,Male,26,M.Tech,,Civil,4th Year,8.35,3+
Ashley West,jasonmorgan@simpson.info,Other,18,M.Sc,,IT,2nd Year,7.67,3+
Christopher Richmond,wilsonjoseph@galvan.com,Other,27,B.Tech,,Civil,2nd Year,6.04,1
Alison Wong,ramirezcaitlin@harris-walker.com,Male,18,B.E,,Electrical,Completed,5.65,3+
Mary Valenzuela,michael69@yahoo.com,Female,23,BCA,,Mechanical,Completed,7.33,1
Ernest Bates,campbelllinda@garcia.net,Female,25,Other,"Psychologist, sport and exercise",ECE,1st Year,9.46,2
Penny Mitchell,patricksimpson@sandoval.com,Other,29,M.Sc,,Electrical,1st Year,7.46,1
Richard Brown,clarknoah@rich.net,Other,30,B.Tech,,Civil,2nd Year,7.51,1
Elizabeth Ryan,chuerta@gordon.com,Female,21,B.Tech,,Electrical,1st Year,8.77,1
Christian White,bowmantanya@randall.info,Male,20,B.Tech,,ECE,4th Year,8.73,
Xavier Mccann,rhampton@yahoo.com,Male,24,Other,Social worker,Mechanical,4th Year,6.6,1
Paul Mcdonald,roblesjames@yahoo.com,Male,21,B.E,,Mechanical,3rd Year,6.83,1
Erika Gross,carlos09@hotmail.com,Female,27,M.Sc,,CSE,4th Year,8.43,3+
Jason Ayala,kim99@huynh-jacobs.com,Female,21,B.Sc,,Mechanical,4th Year,5.23,1
Andre Rivas,jefferyferguson@taylor.com,Other,27,BCA,,CSE,1st Year,7.19,1
William Molina,randymedina@yahoo.com,Male,25,B.E,,Civil,4th Year,8.49,3+
Matthew Jones,cameron30@gmail.com,Other,28,M.Tech,,IT,Completed,9.52,3+
Michael Chapman,jeffreymejia@yahoo.com,Other,24,Other,"Designer, ceramics/pottery",ECE,4th Year,8.82,3+
Cynthia Mayo,urodriguez@yahoo.com,Male,30,Other,"Journalist, broadcasting",IT,1st Year,6.22,3+
Julie Wilkerson,kristinmoore@cervantes.com,Female,21,BCA,,CSE,Completed,8.98,2
Joshua Jensen,adam66@woods-small.com,Male,22,B.E,,ECE,1st Year,5.72,
Kristopher Gonzalez,harveynathan@kline.com,Other,25,M.Tech,,CSE,3rd Year,8.18,3+
Holly Young,xmiller@yahoo.com,Male,28,M.Sc,,CSE,1st Year,6.61,1
Carmen Owen,kaitlynwebb@baker-flowers.com,Female,25,M.Tech,,CSE,4th Year,7.83,
Maria Villegas,patricia53@martin.biz,Male,19,Other,Records manager,CSE,4th Year,8.29,3+
Natalie Lara,nthompson@morris-miller.net,Other,29,B.Sc,,IT,3rd Year,5.04,1
Christina White,fosterlisa@brown-miller.biz,Female,26,M.Tech,,ECE,3rd Year,9.03,
Emily Jones,jennifer94@gmail.com,Other,20,B.E,,IT,2nd Year,5.07,1
Diane Griffin,roberthall@valencia.com,Female,21,B.E,,ECE,4th Year,8.96,1
Roberta Davies,danielsbrett@rojas-edwards.com,Female,18,BCA,,ECE,2nd Year,8.99,
Karen Padilla,gavin10@mcclure.net,Other,22,B.Tech,,IT,4th Year,6.43,3+
Kevin Flores,halljason@gutierrez.biz,Female,30,B.E,,Electrical,3rd Year,5.51,2
Mark Williams,odelgado@taylor-colon.com,Female,26,B.E,,ECE,Completed,6.49,3+
Heather Werner,fernandezlauren@gmail.com,Other,22,M.Tech,,Electrical,1st Year,9.08,2
Joshua Chan,ihunt@olson.com,Other,24,MCA,,CSE,4th Year,6.05,2
April Moran,lgreene@yahoo.com,Other,19,M.Tech,,Civil,2nd Year,8.46,3+
Nicole Johnson,qnewton@hotmail.com,Male,30,Other,Press sub,IT,2nd Year,7.24,
Brian Johnson,michaelmaddox@brennan.com,Male,23,Other,General practice doctor,IT,2nd Year,7.38,3+
Richard Hunt,walterbrandon@owens-lewis.com,Male,28,BCA,,Civil,Completed,6.33,3+
Amy Welch,dweber@yahoo.com,Male,26,B.E,,Civil,4th Year,5.95,
Michael Carey,billygarza@brown.com,Other,23,B.Tech,,CSE,3rd Year,7.43,3+
Ashley Lutz,iwhite@yahoo.com,Female,24,B.Tech,,IT,2nd Year,6.8,
Jesse Young,carolyn85@yahoo.com,Other,27,B.Sc,,CSE,1st Year,6.52,
Willie Alvarez,tmcneil@ferguson.com,Male,18,B.E,,Mechanical,2nd Year,9.4,3+
Heidi Fisher,vincentcruz@dudley-jenkins.net,Female,23,Other,Theatre stage manager,CSE,1st Year,6.96,
Carolyn Smith,athomas@yahoo.com,Other,25,B.Tech,,Civil,Completed,7.41,3+
Benjamin Davis,tina40@lowery.com,Male,22,M.Sc,,IT,3rd Year,8.17,3+
William Keller,floresjavier@blankenship-mann.com,Female,27,B.Sc,,Electrical,4th Year,6.37,3+
Paige White,sandra12@yahoo.com,Other,18,BCA,,Civil,2nd Year,7.66,
Melissa Harris,greenlori@gmail.com,Female,20,B.Tech,,Mechanical,2nd Year,6.95,2
Brian Hicks,medinaandrew@carter.org,Female,21,B.E,,ECE,Completed,8.81,3+
Adam Sutton,mark42@stevens.com,Male,23,B.E,,Mechanical,4th Year,8.89,1
Krista Houston,uball@gmail.com,Male,28,BCA,,IT,3rd Year,6.48,2
Tiffany Smith,cynthia52@cook.com,Male,28,B.Tech,,Mechanical,1st Year,8.79,1
Amanda Carrillo,andersoncharles@hernandez-brown.net,Other,21,Other,Nature conservation officer,Electrical,Completed,9.56,3+
John Solomon,dmitchell@hotmail.com,Male,29,B.E,,IT,2nd Year,6.27,1
Edward Williams,nsilva@yahoo.com,Other,27,BCA,,CSE,1st Year,6.01,2
Erica Crawford,williamlawson@massey-taylor.com,Male,22,B.Sc,,CSE,1st Year,9.27,1
Kenneth Avery,coxdarren@hernandez.com,Female,26,MCA,,Civil,Completed,7.16,
Ashley Brooks,cbrewer@gmail.com,Male,25,M.Sc,,CSE,2nd Year,6.35,
Mr. Ryan Weber,jorgeingram@montgomery-lewis.info,Male,28,M.Sc,,Electrical,1st Year,7.65,3+
Joshua Jensen,adam66@woods-small.com,Male,22,B.E,,ECE,1st Year,5.72,
Victoria Sanders,ncook@yahoo.com,Other,20,B.E,,Mechanical,Completed,8.67,
Anne Flores,sherrythompson@hotmail.com,Male,18,BCA,,Electrical,2nd Year,7.2,2
Roberta Davies,danielsbrett@rojas-edwards.com,Female,18,BCA,,ECE,2nd Year,8.99,
Cody Sims,jerrygreen@foley-cox.com,Female,25,B.E,,IT,2nd Year,6.4,2
Eric Davis,kimberlyyoung@gmail.com,Male,24,M.Sc,,Civil,1st Year,8.4,2
Alexandria Townsend,uprince@lopez.net,Male,19,B.Tech,,Electrical,3rd Year,9.94,1
Deborah Thompson DDS,jacksonheather@forbes-stone.com,Female,30,Other,Warden/ranger,Electrical,4th Year,6.51,1
Todd Salas,brianreese@thomas.com,Other,22,B.Sc,,IT,2nd Year,7.94,1
Deborah Thompson DDS,jacksonheather@forbes-stone.com,Female,30,Other,Warden/ranger,Electrical,4th Year,6.51,1
Diane Brown,sjames@henry-andrews.biz,Female,30,M.Sc,,IT,4th Year,5.83,2
Shelby Mendoza,ianowens@anderson.org,Male,21,MCA,,CSE,3rd Year,7.7,1
Kimberly Nguyen,nathanrobbins@gonzales-smith.biz,Female,20,BCA,,Civil,3rd Year,9.6,
William Mcgee,jill58@lowery-mcdowell.net,Female,26,M.Sc,,ECE,4th Year,6.4,3+
Pamela Harrison,hallvirginia@yahoo.com,Male,29,B.E,,Mechanical,1st Year,7.98,
Christopher Kim,sherry76@alexander.info,Other,21,Other,Consulting civil engineer,ECE,4th Year,9.38,
Larry Bowers,lori52@gmail.com,Other,24,M.Tech,,Electrical,4th Year,6.06,3+
Shane Church,swansonkimberly@johnson.net,Other,28,MCA,,CSE,Completed,6.5,
Carla Page,gilbertjoanne@davidson.com,Other,22,M.Sc,,ECE,3rd Year,7.43,3+
Dr. Linda Beck,samuellarson@williams.net,Other,29,B.Sc,,Civil,4th Year,9.2,2
Holly Grant,mary81@yahoo.com,Other,23,B.Sc,,Mechanical,1st Year,6.9,1
Larry Smith,molly46@mason.com,Female,26,BCA,,CSE,4th Year,7.53,2
Joseph Pierce,savannah49@gmail.com,Female,26,BCA,,ECE,1st Year,7.17,3+
William Travis,megan66@christensen.com,Male,29,Other,"Surveyor, rural practice",IT,Completed,9.39,1
Jason Davis,tammy09@gross.com,Female,27,B.Sc,,IT,Completed,7.37,3+
Alice Gonzalez,paullittle@zuniga.com,Other,26,M.Sc,,Civil,1st Year,5.02,
Vanessa Parker,vargasbenjamin@davis.net,Female,22,B.Tech,,IT,Completed,5.68,3+
Gerald Campbell,davidsmith@yahoo.com,Female,19,B.Sc,,ECE,2nd Year,7.27,2
Nicole Morales,garnerwilliam@robinson-murray.net,Other,20,Other,Risk manager,CSE,1st Year,8.02,2
Dr. John Galvan,wmartin@davis-aguilar.com,Other,23,MCA,,IT,3rd Year,9.54,1
Rachael Patterson,ashley16@carter-west.com,Female,30,B.E,,ECE,Completed,7.13,2
Timothy Medina,xroth@gmail.com,Male,29,BCA,,IT,3rd Year,8.69,
Charles Davis,william22@yahoo.com,Other,19,B.E,,Electrical,2nd Year,5.73,3+
Heidi Brooks,mayrobert@jones-allen.com,Male,28,BCA,,Civil,2nd Year,6.31,2
Stephanie Schmidt,james22@yahoo.com,Male,30,B.E,,ECE,1st Year,9.43,3+
Cindy Brown,williamsjessica@hotmail.com,Male,22,Other,Oceanographer,Electrical,1st Year,6.96,3+
Charles Allen,scott40@gmail.com,Other,18,B.Tech,,ECE,2nd Year,7.25,3+
Lindsay Anderson,michael08@gmail.com,Female,30,B.E,,Mechanical,3rd Year,6.21,2
Hunter Atkins,schwartzwendy@massey.com,Female,22,Other,"Nurse, adult",Mechanical,Completed,9.12,
Richard Gutierrez,calebsmith@hotmail.com,Other,23,M.Tech,,Civil,1st Year,9.99,
Crystal Nixon,davidconrad@yahoo.com,Other,27,MCA,,ECE,1st Year,5.65,3+
Breanna Cox,alison39@norris.com,Female,28,M.Sc,,Civil,4th Year,6.46,3+
Louis Santana,victoriaguzman@yahoo.com,Male,23,Other,"Producer, television/film/video",Electrical,4th Year,9.27,3+
Warren White,mariapugh@yahoo.com,Female,18,B.Tech,,IT,3rd Year,9.38,1
Amy Moreno,georgealvarez@krause.biz,Female,26,MCA,,IT,4th Year,6.22,2
Michael Thomas,brownjoseph@yahoo.com,Other,27,B.Tech,,CSE,1st Year,8.7,1
Ashley Livingston,johnsonaudrey@pierce.org,Other,27,MCA,,IT,2nd Year,5.62,2
Jennifer Allison,michaelbishop@hotmail.com,Other,19,M.Sc,,ECE,Completed,9.58,2
Matthew Yoder,qyoung@gmail.com,Female,26,B.E,,Civil,4th Year,9.77,3+
Dr. Linda Beck,samuellarson@williams.net,Other,29,B.Sc,,Civil,4th Year,9.2,2
Patrick Cook,tmiles@cross-jackson.biz,Female,19,MCA,,ECE,4th Year,8.84,1
Carrie Ayala,ariana57@cobb.com,Female,19,M.Sc,,ECE,1st Year,7.38,
Dr. John Galvan,wmartin@davis-aguilar.com,Other,23,MCA,,IT,3rd Year,9.54,1
Amy Beck,anne86@hotmail.com,Male,19,BCA,,Electrical,4th Year,7.26,1
Caleb Kennedy,sanchezmary@yahoo.com,Female,29,B.E,,Electrical,Completed,8.12,2
Tina Cox,pkelly@larsen.com,Other,19,BCA,,Civil,1st Year,8.37,1
Sean Suarez,shawnrobinson@hotmail.com,Other,20,M.Tech,,IT,1st Year,7.15,3+
Joseph Lee,csanchez@alvarez-potter.net,Male,19,B.E,,Electrical,Completed,9.92,1
Shannon Garcia,melissapratt@murillo.info,Male,20,B.Tech,,CSE,2nd Year,9.96,
Andre Joseph,pholmes@yahoo.com,Male,28,Other,"Psychologist, sport and exercise",CSE,Completed,6.85,1
Anne Flores,sherrythompson@hotmail.com,Male,18,BCA,,Electrical,2nd Year,7.2,2
Curtis Vasquez,williamselizabeth@hotmail.com,Other,20,B.Sc,,CSE,4th Year,6.21,3+
Laura Lewis,sherrymyers@jones.com,Female,29,BCA,,Civil,3rd Year,5.32,3+
Hector Mullen,stephanieknox@guzman-hughes.biz,Other,27,B.Tech,,Mechanical,4th Year,8.06,3+
Gregory Jones,denise54@holland.net,Male,23,B.Tech,,Civil,2nd Year,8.02,
Amber Riley,rushchristopher@hotmail.com,Female,25,B.Tech,,Civil,1st Year,8.11,3+
Joseph Pierce,savannah49@gmail.com,Female,26,BCA,,ECE,1st Year,7.17,3+
Holly Atkinson,robynfisher@gonzalez-rodriguez.org,Female,27,B.E,,Electrical,2nd Year,9.98,
Kathy Walker,kimberly97@gmail.com,Male,21,BCA,,ECE,Completed,8.46,3+
Shawna Boone,shelley13@foster-lopez.com,Male,30,Other,Writer,IT,Completed,5.27,1
Jeffery Lane,ashley72@yahoo.com,Female,22,B.E,,Electrical,Completed,9.02,2
Krista Houston,uball@gmail.com,Male,28,BCA,,IT,3rd Year,6.48,2
Erin Hammond,emilymontgomery@hotmail.com,Female,24,B.Tech,,CSE,Completed,6.02,
Stephanie Schmidt,lynchamanda@clark.com,Other,26,M.Sc,,Electrical,2nd Year,8.85,
Eric Jones,roycarter@gmail.com,Other,29,MCA,,Mechanical,2nd Year,8.28,1
Stephanie Schmidt,james22@yahoo.com,Male,30,B.E,,ECE,1st Year,9.43,3+
Melissa Harris,greenlori@gmail.com,Female,20,B.Tech,,Mechanical,2nd Year,6.95,2
Jeremy Mcgee,haydennorton@yahoo.com,Male,21,M.Sc,,Mechanical,2nd Year,6.42,2
Shannon Serrano,fwright@yahoo.com,Other,30,Other,Actuary,Mechanical,Completed,5.73,3+
Elizabeth Campbell,hellis@joseph-nolan.org,Male,27,Other,Interpreter,Civil,Completed,6.03,1
Samantha Ramsey,kellyking@gmail.com,Male,22,B.Sc,,Civil,Completed,7.8,1
Marie Parker,phogan@jackson-higgins.com,Female,19,B.E,,ECE,2nd Year,9.57,3+
Maurice Cook,mturner@jones.com,Female,20,M.Sc,,ECE,2nd Year,6.59,3+
Dustin Cohen,kevinharrison@garcia-erickson.com,Male,18,Other,"Research officer, government",Civil,1st Year,5.55,3+
Stephanie Schmidt,lynchamanda@clark.com,Other,26,M.Sc,,Electrical,2nd Year,8.85,
Regina Peck,loganmoran@hawkins.org,Female,19,MCA,,IT,2nd Year,9.36,
Terry Navarro,chad95@ellis.com,Other,30,Other,Dramatherapist,CSE,2nd Year,7.51,2
Jonathan Jones,zmarshall@ryan.com,Other,24,B.E,,Mechanical,2nd Year,8.91,1
David Myers,sydneygonzalez@gmail.com,Female,26,Other,Nature conservation officer,IT,1st Year,6.31,3+
Debra Peterson,weaverjason@todd-rasmussen.net,Female,21,B.Tech,,Mechanical,1st Year,5.14,1
Tracy Miller,fhaley@hotmail.com,Female,30,B.Sc,,Electrical,3rd Year,6.47,3+
Megan Moreno,tperkins@terry-hanson.info,Other,30,B.E,,CSE,2nd Year,6.33,2
William Keller,floresjavier@blankenship-mann.com,Female,27,B.Sc,,Electrical,4th Year,6.37,3+
Justin Rodriguez,jonathan58@yahoo.com,Male,26,MCA,,Civil,2nd Year,9.4,
Victoria Sutton,julie41@austin.com,Other,27,B.Tech,,ECE,2nd Year,8.26,1
Nicole Allen,brookewilson@hall.com,Other,20,B.Tech,,Mechanical,3rd Year,5.41,
Joshua Jensen,adam66@woods-small.com,Male,22,B.E,,ECE,1st Year,5.72,
Patrick Cook,tmiles@cross-jackson.biz,Female,19,MCA,,ECE,4th Year,8.84,1
Chloe Hill,owheeler@gmail.com,Female,24,MCA,,Civil,Completed,6.89,
Chelsea Collins,thopkins@long.com,Other,25,B.Sc,,Electrical,2nd Year,5.57,3+
Wendy Martinez,michaelnelson@cole-taylor.com,Male,22,M.Sc,,Civil,4th Year,6.99,3+
Joshua Green,pjordan@cooper-chavez.biz,Female,18,MCA,,Civil,1st Year,5.85,3+
Tommy Montoya,ramosamanda@gmail.com,Female,29,MCA,,CSE,2nd Year,8.02,1
David Garcia,contreraskatie@gmail.com,Male,21,Other,Product manager,IT,4th Year,9.1,2
Robert Rocha,johnanderson@farley.com,Female,21,Other,Air broker,Electrical,Completed,8.69,1
John Cox,patrick26@yahoo.com,Male,19,MCA,,ECE,1st Year,5.85,3+
Cassandra Greene,spencer08@wallace.biz,Female,28,B.E,,Electrical,2nd Year,7.94,2
Amber Winters,fwilliams@hotmail.com,Female,27,B.Tech,,Mechanical,3rd Year,7.72,1
Wayne Marshall,patrickgriffith@boyd.com,Other,30,M.Tech,,Electrical,3rd Year,6.44,3+
Taylor Reyes,madisonmartinez@yahoo.com,Male,29,B.E,,CSE,2nd Year,8.33,
Curtis Vasquez,williamselizabeth@hotmail.com,Other,20,B.Sc,,CSE,4th Year,6.21,3+
Theresa Green,maldonadotroy@hill.com,Female,18,MCA,,ECE,Completed,5.35,1
Jason Rodriguez,christinapotts@hotmail.com,Female,25,BCA,,Mechanical,1st Year,9.15,2
Alyssa Oneal,xtaylor@cobb-johnson.com,Female,25,BCA,,CSE,Completed,6.56,3+
Ronald Monroe,morenotimothy@anderson.com,Other,18,B.E,,IT,1st Year,8.62,
Amanda Fisher,charles61@yahoo.com,Other,19,M.Tech,,Electrical,2nd Year,6.84,2
Curtis Manning,jacob53@hotmail.com,Male,25,M.Sc,,Mechanical,1st Year,7.32,
Curtis Vasquez,williamselizabeth@hotmail.com,Other,20,B.Sc,,CSE,4th Year,6.21,3+
Catherine Kline DDS,gillcandace@gmail.com,Female,26,BCA,,Civil,1st Year,6.64,
Jimmy Crawford,qmiller@murphy.com,Other,28,B.E,,Civil,4th Year,8.55,1
Caleb Kennedy,sanchezmary@yahoo.com,Female,29,B.E,,Electrical,Completed,8.12,2
Ruben Bell,rlewis@yahoo.com,Male,22,B.E,,CSE,Completed,9.13,1
Miss Karina Pearson,fwong@hotmail.com,Other,27,B.Tech,,Electrical,4th Year,8.8,
Benjamin Stone,richardcooper@hotmail.com,Other,20,M.Tech,,Mechanical,1st Year,9.17,
Debra Peterson,weaverjason@todd-rasmussen.net,Female,21,B.Tech,,Mechanical,1st Year,5.14,1
Jose Shaffer,mortonzachary@anderson.org,Female,23,Other,"Scientist, clinical (histocompatibility and immunogenetics)",ECE,4th Year,6.87,1
Adam Sutton,mark42@stevens.com,Male,23,B.E,,Mechanical,4th Year,8.89,1
Lisa Powell,rhonda85@yahoo.com,Male,22,M.Sc,,ECE,4th Year,7.62,
Nicole Allen,brookewilson@hall.com,Other,20,B.Tech,,Mechanical,3rd Year,5.41,
Kimberly Nguyen,nathanrobbins@gonzales-smith.biz,Female,20,BCA,,Civil,3rd Year,9.6,
David Garcia,contreraskatie@gmail.com,Male,21,Other,Product manager,IT,4th Year,9.1,2
Victoria Solomon,laurahunt@williams-holland.org,Female,20,BCA,,Electrical,4th Year,6.2,
Paula Cox,stephen99@martin.com,Other,19,M.Tech,,ECE,Completed,8.12,2
Brian Leonard,srichards@evans.com,Female,30,B.Tech,,Mechanical,1st Year,6.36,3+
Angelica Henry,kendrapotter@maynard.com,Male,28,BCA,,ECE,4th Year,9.98,
Donna Lewis,rodriguezsara@gonzalez.com,Female,27,Other,Metallurgist,Civil,3rd Year,5.84,1
Savannah Howard,dphelps@yahoo.com,Female,20,B.Tech,,Mechanical,Completed,6.88,2
Marissa Flores,bradleylinda@gmail.com,Male,19,MCA,,Mechanical,Completed,5.25,
Nathan Bowers,michaelsellers@trevino-ramirez.com,Male,18,Other,Lawyer,CSE,3rd Year,7.16,1
Troy Merritt,nguyenjoshua@hotmail.com,Other,27,Other,Jewellery designer,Electrical,2nd Year,8.92,
Samantha Morgan,ferrellgregory@ray.com,Male,20,B.E,,Mechanical,1st Year,6.74,
Steven Ramos,james35@hunt-king.org,Other,24,Other,Passenger transport manager,IT,1st Year,6.03,1
Marilyn Perez,elizabethgarner@gmail.com,Female,23,Other,Advertising art director,Electrical,Completed,6.02,1
Michael Carey,billygarza@brown.com,Other,23,B.Tech,,CSE,3rd Year,7.43,3+
Jeffrey Yang,wanda78@gmail.com,Other,23,B.Sc,,Electrical,1st Year,5.43,2
Scott Grimes,sherriturner@hotmail.com,Other,20,Other,Metallurgist,CSE,2nd Year,7.51,
Scott Rodriguez,robinrobinson@norton.info,Male,25,M.Tech,,CSE,Completed,8.7,
Paul Spencer,christinamurphy@crawford.org,Male,18,B.E,,Civil,3rd Year,8.84,1
James Mccarty,gbates@yahoo.com,Female,18,B.Tech,,CSE,3rd Year,7.47,
Tim James,diazjamie@hotmail.com,Other,26,Other,Learning mentor,Civil,3rd Year,8.02,3+
Warren White,mariapugh@yahoo.com,Female,18,B.Tech,,IT,3rd Year,9.38,1
Michelle Clark,millerchristopher@macias.com,Male,26,Other,"Psychotherapist, child",IT,3rd Year,9.95,3+
Anthony Reese,kevin99@anthony-berry.com,Male,25,B.E,,Electrical,4th Year,5.83,3+
Stephanie Bray,ofranklin@heath-martinez.com,Male,25,B.Sc,,Mechanical,Completed,7.99,
Brian Peters,burnspeter@anderson.com,Male,23,Other,Warden/ranger,CSE,3rd Year,9.93,2
Joshua Rollins,morgan91@gmail.com,Male,21,MCA,,CSE,3rd Year,9.75,3+
Pamela Osborne,shannon70@williams.com,Other,30,M.Sc,,Civil,1st Year,7.15,3+
John Porter,petersonlogan@hotmail.com,Other,23,Other,"Designer, fashion/clothing",Civil,3rd Year,6.71,2
Adrian Ward,carol53@hotmail.com,Male,21,B.Tech,,ECE,4th Year,5.54,
Edward Estrada,kathymccall@pham.com,Other,21,BCA,,Electrical,1st Year,8.22,2
Miss Joanna Matthews,christinehaley@yahoo.com,Female,21,B.Tech,,Mechanical,1st Year,9.82,
Theresa Simpson,samuelmoore@jenkins.net,Female,22,B.E,,CSE,Completed,8.71,2
Melissa Barron,taylorkelley@hotmail.com,Other,24,BCA,,Mechanical,1st Year,5.33,
Katrina Frye,morrisamanda@ramos.com,Other,19,M.Tech,,IT,Completed,6.2,3+
Debra Vasquez,newmanjason@gmail.com,Other,26,M.Tech,,IT,3rd Year,6.91,1
Michael Hester,cwilliams@hotmail.com,Other,19,Other,Structural engineer,ECE,2nd Year,7.7,1
Matthew Yoder,qyoung@gmail.com,Female,26,B.E,,Civil,4th Year,9.77,3+
Laura Lewis,sherrymyers@jones.com,Female,29,BCA,,Civil,3rd Year,5.32,3+
Anthony Cabrera,melissa53@yahoo.com,Other,20,B.Tech,,Electrical,1st Year,7.62,1
Michele Rubio,murraytyler@gmail.com,Other,18,B.E,,CSE,3rd Year,7.51,2
Kevin Garcia,sarahgonzalez@gmail.com,Other,27,BCA,,Electrical,3rd Year,7.66,
Shelly Vang,gortega@gmail.com,Male,21,M.Sc,,IT,3rd Year,5.05,1
Alexander Williams,padillamorgan@gmail.com,Male,22,M.Tech,,IT,3rd Year,5.11,
Michael Chan,xcollins@hotmail.com,Other,19,B.E,,IT,2nd Year,9.07,3+
Kenneth Miller,elizabeth15@yahoo.com,Male,23,M.Tech,,IT,4th Year,9.15,1
Kathy Walker,kimberly97@gmail.com,Male,21,BCA,,ECE,Completed,8.46,3+
Richard Brown,clarknoah@rich.net,Other,30,B.Tech,,Civil,2nd Year,7.51,1
Blake Adkins III,scottclay@yahoo.com,Other,22,B.Sc,,Mechanical,Completed,8.62,1
Daniel Hawkins,francisco47@gmail.com,Female,23,Other,Leisure centre manager,IT,1st Year,6.36,1
Charles Johnson,nmora@short-hernandez.com,Male,29,M.Tech,,Mechanical,3rd Year,8.18,1
Joshua Morris,jacobschristopher@gmail.com,Male,21,M.Tech,,CSE,2nd Year,9.32,3+
Dawn Kim,brendastewart@yahoo.com,Other,24,M.Tech,,Electrical,2nd Year,9.84,2
Monica Taylor,ruth88@gmail.com,Other,23,B.Sc,,Mechanical,2nd Year,6.0,2
Deanna Richmond,danielle96@yahoo.com,Female,29,Other,Counselling psychologist,Mechanical,Completed,5.21,
Kristen Clements,marshallmolly@gmail.com,Female,22,B.Tech,,Electrical,4th Year,7.73,3+
Sean Chavez,alyssa39@yahoo.com,Female,27,B.Tech,,ECE,2nd Year,6.71,2
Jessica Cook,wdavis@jones.com,Other,22,B.Sc,,CSE,4th Year,9.05,2
Regina Jimenez,wpatterson@hotmail.com,Male,21,B.Sc,,ECE,1st Year,8.57,2
Jessica Cook,wdavis@jones.com,Other,22,B.Sc,,CSE,4th Year,9.05,2
Michael Gardner,ericgriffin@robertson.net,Other,18,M.Tech,,Civil,2nd Year,7.75,3+
Michael Smith,zfreeman@fields.org,Male,23,MCA,,Civil,Completed,7.72,
Brandon Mendez,nicolaswang@yahoo.com,Male,29,BCA,,Electrical,3rd Year,7.64,1
Elizabeth Ryan,chuerta@gordon.com,Female,21,B.Tech,,Electrical,1st Year,8.77,1
Brandon Mccormick,nhayes@hotmail.com,Female,21,B.E,,IT,4th Year,7.48,3+
Joshua Jensen,adam66@woods-small.com,Male,22,B.E,,ECE,1st Year,5.72,
Savannah Howard,dphelps@yahoo.com,Female,20,B.Tech,,Mechanical,Completed,6.88,2
Victor Mcmahon,omorgan@yahoo.com,Other,25,B.Tech,,ECE,1st Year,9.05,3+
Daniel Lara,bryanholmes@hotmail.com,Female,24,M.Tech,,Electrical,3rd Year,7.81,
Michael Goodwin,yphillips@hotmail.com,Other,26,B.E,,CSE,3rd Year,8.64,1
Jesse Young,carolyn85@yahoo.com,Other,27,B.Sc,,CSE,1st Year,6.52,
Terry Navarro,chad95@ellis.com,Other,30,Other,Dramatherapist,CSE,2nd Year,7.51,2
Bruce Mayo,dstevens@gmail.com,Male,29,B.Tech,,Mechanical,3rd Year,8.5,1
Paige White,sandra12@yahoo.com,Other,18,BCA,,Civil,2nd Year,7.66,
Duane Arnold,castillorandall@griffin-duran.com,Male,25,B.E,,ECE,4th Year,5.12,3+
Courtney Byrd MD,ellisonmarilyn@smith.com,Female,25,B.Tech,,Electrical,Completed,8.59,
Amanda Mckay,shannon49@yahoo.com,Male,27,B.Sc,,Electrical,4th Year,5.51,3+
John Young,agarza@hotmail.com,Male,27,B.Tech,,Mechanical,1st Year,8.93,1
Patricia Lewis,kristenchurch@hotmail.com,Other,19,M.Tech,,CSE,1st Year,6.41,3+
Teresa Mcdonald,cpowell@yahoo.com,Male,23,M.Sc,,Civil,Completed,6.73,3+
Tracy Allen,ylopez@mcintyre.info,Male,25,B.Tech,,CSE,3rd Year,7.01,
Todd Brewer,mrussell@griffin-martin.com,Other,26,B.Tech,,CSE,2nd Year,5.78,
Angelica Franklin,johnsonclaudia@montes.biz,Other,19,MCA,,IT,Completed,7.52,
Teresa Mcdonald,cpowell@yahoo.com,Male,23,M.Sc,,Civil,Completed,6.73,3+
Antonio Garcia,petersana@gmail.com,Male,26,MCA,,ECE,Completed,5.08,2
Michael Martinez,edwinlee@gmail.com,Other,22,M.Sc,,CSE,Completed,9.07,3+
Rebecca Olson,weisskeith@murillo.info,Male,29,M.Tech,,Mechanical,3rd Year,5.75,
Edward Scott,angelaroberts@gmail.com,Female,24,M.Tech,,CSE,1st Year,6.9,2
Elizabeth Watson,sanderson@smith.com,Other,21,MCA,,ECE,1st Year,6.93,2
Samuel Gilmore,erin65@hotmail.com,Other,18,M.Tech,,CSE,1st Year,5.41,1
Shannon Sosa,gonzalezcatherine@gomez-davis.net,Other,26,M.Sc,,Mechanical,1st Year,9.79,
Deanna Martinez,dgardner@williams.info,Female,21,MCA,,Civil,3rd Year,5.7,1
Amanda Gonzales,ybrennan@webb.com,Female,23,BCA,,IT,1st Year,5.12,
Madison Walters,ronaldlittle@rodriguez.biz,Female,21,M.Tech,,CSE,1st Year,6.34,2
Debra Shaw,connieharris@levy.com,Female,26,MCA,,ECE,2nd Year,9.85,
Michael Sanders,josephedward@yahoo.com,Male,27,B.Sc,,IT,4th Year,7.67,
Victor Mcmahon,omorgan@yahoo.com,Other,25,B.Tech,,ECE,1st Year,9.05,3+
Angela Curtis,brandtsally@hotmail.com,Other,19,B.Sc,,Electrical,2nd Year,9.55,
Samantha Ramsey,kellyking@gmail.com,Male,22,B.Sc,,Civil,Completed,7.8,1
Monica Taylor,ruth88@gmail.com,Other,23,B.Sc,,Mechanical,2nd Year,6.0,2
Rebecca Mckinney,johncaldwell@schmitt.com,Female,25,B.Tech,,Electrical,Completed,8.59,3+
Deborah Thompson DDS,jacksonheather@forbes-stone.com,Female,30,Other,Warden/ranger,Electrical,4th Year,6.51,1
Kelly Duncan,romanelizabeth@yahoo.com,Male,26,Other,Financial manager,CSE,4th Year,6.22,1
Sharon Campbell,icooper@yahoo.com,Male,21,M.Tech,,Electrical,4th Year,5.13,3+
Adam Beck,elarson@owens-mitchell.com,Male,25,M.Tech,,IT,Completed,5.72,2
Heather Johnson,gary28@hotmail.com,Other,23,B.Tech,,ECE,3rd Year,6.87,
Alicia Foley,kathryndavis@matthews.com,Female,23,M.Tech,,IT,1st Year,7.92,
Marissa Willis,cstewart@hotmail.com,Female,27,M.Tech,,ECE,2nd Year,7.63,1
Billy Mcclain,johnjohnson@hotmail.com,Male,29,Other,Hospital pharmacist,IT,4th Year,6.15,1
Jacob Anderson,julielewis@ferguson.com,Female,18,BCA,,CSE,2nd Year,6.57,3+
Jennifer Tate,jeremy64@lee.info,Female,25,BCA,,CSE,3rd Year,8.7,1
Erika Gross,carlos09@hotmail.com,Female,27,M.Sc,,CSE,4th Year,8.43,3+
Richard Hunt,walterbrandon@owens-lewis.com,Male,28,BCA,,Civil,Completed,6.33,3+
Maria Gill,deborahnoble@hotmail.com,Male,27,B.Tech,,Electrical,Completed,9.3,3+
Jennifer Rosales,brockdavid@yahoo.com,Other,24,B.E,,CSE,1st Year,8.08,3+
Michelle Clark,millerchristopher@macias.com,Male,26,Other,"Psychotherapist, child",IT,3rd Year,9.95,3+
Deborah Oconnor,pottersteven@coffey-hess.biz,Female,26,Other,Network engineer,Electrical,Completed,9.76,2
Emma Robinson,tgonzalez@gregory.net,Female,19,B.E,,Civil,2nd Year,8.74,
Nancy Gillespie,john47@allen-santana.info,Female,20,Other,"Surveyor, building",Civil,3rd Year,8.67,
Tricia Meadows,pfisher@hotmail.com,Other,30,M.Tech,,Electrical,2nd Year,8.97,
Debra Vasquez,newmanjason@gmail.com,Other,26,M.Tech,,IT,3rd Year,6.91,1
Tara Allen,russellstafford@hotmail.com,Other,29,M.Tech,,CSE,1st Year,7.94,2
Ian Nelson,imorrow@adams.biz,Other,30,MCA,,CSE,4th Year,5.15,3+
Brandon Davis,terri58@williams.biz,Male,24,M.Sc,,Civil,Completed,5.71,3+
Patrick Randolph,michael89@werner.biz,Other,20,M.Sc,,Mechanical,2nd Year,5.43,3+
Tracy Allen,ylopez@mcintyre.info,Male,25,B.Tech,,CSE,3rd Year,7.01,
Julia Villanueva,blopez@gmail.com,Female,29,B.Sc,,Electrical,3rd Year,5.46,1
Susan Hunt,johnsonyesenia@hotmail.com,Male,19,MCA,,Electrical,1st Year,9.97,2
Jason Thomas,gponce@anderson.com,Male,21,M.Sc,,Electrical,2nd Year,9.88,
Kylie Fields,waterslouis@rich-lawson.info,Male,22,B.Sc,,Electrical,Completed,5.42,1
Kenneth Davies,nicholasmartin@gmail.com,Female,27,MCA,,ECE,Completed,6.4,1
Christian White,bowmantanya@randall.info,Male,20,B.Tech,,ECE,4th Year,8.73,
Michael Thomas,brownjoseph@yahoo.com,Other,27,B.Tech,,CSE,1st Year,8.7,1
Joshua Jensen,adam66@woods-small.com,Male,22,B.E,,ECE,1st Year,5.72,
Jennifer Wilson,imercado@york.info,Female,18,M.Sc,,Civil,Completed,8.35,1
Mary Barnes,taylorfrancis@hotmail.com,Male,22,BCA,,CSE,3rd Year,6.47,2
William Molina,randymedina@yahoo.com,Male,25,B.E,,Civil,4th Year,8.49,3+
Heidi Brooks,mayrobert@jones-allen.com,Male,28,BCA,,Civil,2nd Year,6.31,2
Caleb Kennedy,sanchezmary@yahoo.com,Female,29,B.E,,Electrical,Completed,8.12,2
Michele Conway,hardychristina@gmail.com,Male,22,B.Sc,,Civil,1st Year,8.63,
Justin Hudson,morganeric@cohen.org,Other,24,M.Tech,,CSE,3rd Year,9.67,3+
Jordan Miller,ckirk@gmail.com,Male,19,B.Sc,,Mechanical,4th Year,8.81,1
Kenneth Davies,nicholasmartin@gmail.com,Female,27,MCA,,ECE,Completed,6.4,1
Laura Keller,barbara07@schroeder.com,Male,28,Other,Customer service manager,Electrical,Completed,7.37,1
Todd Brewer,mrussell@griffin-martin.com,Other,26,B.Tech,,CSE,2nd Year,5.78,
Jeffrey Davis,vmcneil@hotmail.com,Female,18,B.Tech,,Electrical,1st Year,7.13,
Shelly Vang,gortega@gmail.com,Male,21,M.Sc,,IT,3rd Year,5.05,1
Debra Holland,meaton@hotmail.com,Male,18,B.E,,Electrical,1st Year,7.74,2
Lauren Morales,zramirez@yahoo.com,Other,30,B.E,,Electrical,3rd Year,9.72,1
Hunter Atkins,schwartzwendy@massey.com,Female,22,Other,"Nurse, adult",Mechanical,Completed,9.12,
Adrian Hunt,mortonandrew@wallace-coleman.org,Other,30,M.Tech,,ECE,4th Year,7.27,3+
Emily Moore,katelyn66@hotmail.com,Female,24,B.E,,Electrical,4th Year,9.74,3+
Charles Mooney,brian43@mccormick.com,Male,29,Other,Ceramics designer,IT,2nd Year,8.18,
Karen Hogan,cwilliams@rodriguez.com,Male,24,M.Sc,,IT,4th Year,8.84,
Troy Holden,claire01@kerr.com,Male,30,BCA,,Mechanical,3rd Year,9.69,
Cathy Cox,johnsonashley@hotmail.com,Male,25,B.E,,ECE,Completed,5.13,3+
Raymond Peck,solomonpatricia@monroe.net,Male,21,MCA,,ECE,2nd Year,9.84,
Taylor Craig,jacob60@white.org,Male,18,MCA,,CSE,Completed,7.87,3+
Thomas Gill,rachel05@allen.com,Other,26,MCA,,IT,Completed,6.46,2
Laura Moran,dtran@hotmail.com,Other,29,MCA,,CSE,1st Year,9.2,2
Caleb Kennedy,sanchezmary@yahoo.com,Female,29,B.E,,Electrical,Completed,8.12,2
Eric Ryan,hinesrebecca@gilbert.com,Male,20,B.Sc,,Electrical,1st Year,6.4,
Jaime Johnson,carrie64@jones.org,Female,21,BCA,,CSE,4th Year,7.42,2
Jamie Reese,jessicadickson@perez-rodriguez.com,Male,25,BCA,,Civil,1st Year,8.86,2
Susan Le,ojackson@smith.com,Other,26,B.Tech,,Mechanical,2nd Year,8.27,1
Victoria Sutton,julie41@austin.com,Other,27,B.Tech,,ECE,2nd Year,8.26,1
Kyle Thomas,allenbrian@yahoo.com,Male,22,BCA,,ECE,4th Year,8.89,3+
Heather Farmer,destinyburgess@morgan.info,Male,19,B.E,,ECE,1st Year,7.79,3+
Joshua Soto,lorismith@hotmail.com,Male,21,M.Tech,,ECE,4th Year,8.95,3+
Kimberly Hampton,hking@sullivan.com,Other,29,BCA,,Electrical,1st Year,7.31,2
Jacqueline Long,raymondweber@yahoo.com,Female,30,B.Tech,,Mechanical,2nd Year,8.52,
Tracy Allen,ylopez@mcintyre.info,Male,25,B.Tech,,CSE,3rd Year,7.01,
David Ramirez,mphillips@johnson.com,Female,27,M.Sc,,CSE,1st Year,7.89,
Jacqueline Briggs,mannjeremy@price.org,Other,20,M.Tech,,Civil,4th Year,9.79,2
Dr. Jessica Rivera PhD,tracy39@hotmail.com,Female,29,M.Tech,,ECE,Completed,9.41,3+
Victor Mcmahon,omorgan@yahoo.com,Other,25,B.Tech,,ECE,1st Year,9.05,3+
Jeffrey Lee,rachaelmartin@kirby.com,Male,18,B.Sc,,IT,4th Year,9.23,1
Charles Davis,william22@yahoo.com,Other,19,B.E,,Electrical,2nd Year,5.73,3+
Lisa Ferguson,qbriggs@wilson.net,Other,23,B.Sc,,Mechanical,4th Year,5.42,3+
Terry Mercado,amberdowns@nunez-washington.net,Other,30,MCA,,Mechanical,4th Year,8.06,
James Mccarty,gbates@yahoo.com,Female,18,B.Tech,,CSE,3rd Year,7.47,
Dr. Thomas Mckee Jr.,angelameza@guerrero-sullivan.com,Female,22,M.Tech,,Civil,3rd Year,8.19,2
Debra Henry,cathy63@zamora.net,Male,24,B.Sc,,IT,1st Year,8.15,
Diana Nguyen,noah56@hotmail.com,Male,24,M.Sc,,ECE,Completed,8.26,3+
Deanna Richmond,danielle96@yahoo.com,Female,29,Other,Counselling psychologist,Mechanical,Completed,5.21,
Benjamin Fernandez,tsmith@turner-greer.com,Female,26,B.Tech,,ECE,1st Year,6.71,
Gina Burns,williamsjessica@hodge.com,Other,19,MCA,,IT,1st Year,5.86,2
Robert Roberts,johnpennington@rodriguez.info,Other,21,M.Sc,,CSE,1st Year,9.99,3+
Michael Chapman,jeffreymejia@yahoo.com,Other,24,Other,"Designer, ceramics/pottery",ECE,4th Year,8.82,3+
Alexis Bush,dscott@villa.biz,Other,28,B.Tech,,IT,Completed,5.31,1
Kimberly Nguyen,nathanrobbins@gonzales-smith.biz,Female,20,BCA,,Civil,3rd Year,9.6,
Denise Smith,pdunn@yahoo.com,Other,19,B.E,,IT,1st Year,8.47,2
Jennifer Lee,millerjeffrey@roberson.net,Female,20,Other,Petroleum engineer,Mechanical,Completed,6.88,3+
Abigail Griffin,vanderson@rodriguez-ramirez.com,Male,30,B.Tech,,ECE,1st Year,8.98,
John Young,agarza@hotmail.com,Male,27,B.Tech,,Mechanical,1st Year,8.93,1
William Keller,floresjavier@blankenship-mann.com,Female,27,B.Sc,,Electrical,4th Year,6.37,3+
Mathew Smith,grahamryan@montgomery-dawson.com,Other,26,M.Sc,,CSE,Completed,9.25,2
Tiffany Douglas,alikenneth@yahoo.com,Other,26,M.Tech,,IT,4th Year,8.4,3+
Michael Rodriguez,mwise@hotmail.com,Male,29,B.Sc,,Electrical,1st Year,5.47,1
Donna Wallace,tracychen@cardenas.com,Female,27,B.Tech,,CSE,4th Year,8.11,
Lindsay Thompson,romerogina@martinez.biz,Female,18,M.Sc,,IT,4th Year,9.6,1
Kylie Fields,waterslouis@rich-lawson.info,Male,22,B.Sc,,Electrical,Completed,5.42,1
Lori Hill,wilsonsara@hotmail.com,Male,24,B.E,,CSE,2nd Year,9.56,1
Justin Oneal,michellerodgers@gamble.org,Other,21,BCA,,ECE,1st Year,5.71,1
Terry Navarro,chad95@ellis.com,Other,30,Other,Dramatherapist,CSE,2nd Year,7.51,2
Jason Rodriguez,christinapotts@hotmail.com,Female,25,BCA,,Mechanical,1st Year,9.15,2
Christine Wise,thomaskaren@garrison-miller.org,Male,22,B.Sc,,Civil,3rd Year,8.0,1
Justin Mckenzie,fritzjames@gray.com,Other,21,Other,Counselling psychologist,Civil,3rd Year,9.72,1
Jennifer Torres,michaelkim@spencer-hunter.com,Female,25,Other,Film/video editor,ECE,4th Year,6.11,1
Pamela Osborne,shannon70@williams.com,Other,30,M.Sc,,Civil,1st Year,7.15,3+
Edward Williams,nsilva@yahoo.com,Other,27,BCA,,CSE,1st Year,6.01,2
Craig Daniels,allenmallory@yahoo.com,Male,22,M.Sc,,Civil,1st Year,9.72,2
Elizabeth Willis,sarajohnson@clark.net,Other,29,MCA,,IT,4th Year,6.42,3+
Brandon Mendez,nicolaswang@yahoo.com,Male,29,BCA,,Electrical,3rd Year,7.64,1
Kyle Lewis,lisamccall@gmail.com,Other,18,B.Tech,,Electrical,1st Year,5.28,3+
Michelle Garcia,lambellen@rodgers-cervantes.com,Other,28,BCA,,Civil,Completed,8.07,3+
Kenneth Hunter,wendy91@sanchez.com,Other,25,MCA,,IT,3rd Year,8.23,1
Jack Lopez,michellemoore@hotmail.com,Other,23,BCA,,Civil,1st Year,6.73,
Shari Garcia,dustin21@yahoo.com,Other,30,MCA,,Electrical,3rd Year,9.92,3+
Hannah Anderson,kathrynbrown@yahoo.com,Male,18,M.Tech,,Electrical,Completed,9.21,
Debra Henry,cathy63@zamora.net,Male,24,B.Sc,,IT,1st Year,8.15,
Nancy Brooks,thomas31@hotmail.com,Female,28,B.E,,ECE,3rd Year,9.9,
Kristina Ellis,elaine26@yahoo.com,Other,18,B.E,,Electrical,1st Year,9.22,2
Robert Johnson,yhernandez@harper.com,Male,26,B.Sc,,CSE,1st Year,8.42,2
Katherine Bowers,gmaxwell@hotmail.com,Other,18,B.Sc,,CSE,1st Year,7.72,3+
Lindsay Grimes,rfranklin@nguyen.com,Other,20,B.Sc,,IT,2nd Year,9.63,2
Debra Peterson,weaverjason@todd-rasmussen.net,Female,21,B.Tech,,Mechanical,1st Year,5.14,1
Wendy Martinez,michaelnelson@cole-taylor.com,Male,22,M.Sc,,Civil,4th Year,6.99,3+
Edward Estrada,kathymccall@pham.com,Other,21,BCA,,Electrical,1st Year,8.22,2
Michael Gardner,ericgriffin@robertson.net,Other,18,M.Tech,,Civil,2nd Year,7.75,3+
Alice Gonzalez,paullittle@zuniga.com,Other,26,M.Sc,,Civil,1st Year,5.02,
Dylan Sutton,eugene71@hotmail.com,Male,26,M.Sc,,Civil,2nd Year,7.37,2
Theresa Simpson,samuelmoore@jenkins.net,Female,22,B.E,,CSE,Completed,8.71,2
Kristina Hernandez,unelson@gmail.com,Female,21,BCA,,Electrical,Completed,5.17,3+
Bradley Colon,owensrachel@hotmail.com,Male,18,BCA,,IT,1st Year,6.03,2
Richard Tran,ggregory@gmail.com,Other,22,B.Tech,,Electrical,2nd Year,7.7,2
Jonathan Ramirez,catherinewalker@hotmail.com,Male,20,M.Tech,,Electrical,2nd Year,9.64,1
Nathaniel Herrera,seanhayden@yahoo.com,Female,22,M.Sc,,ECE,2nd Year,5.52,1
Henry Murphy,todd88@lowe.org,Female,30,BCA,,IT,3rd Year,6.09,1
Christian White,bowmantanya@randall.info,Male,20,B.Tech,,ECE,4th Year,8.73,
Sharon Campbell,icooper@yahoo.com,Male,21,M.Tech,,Electrical,4th Year,5.13,3+
Bryan King,sara20@gmail.com,Other,30,Other,Special educational needs teacher,Mechanical,2nd Year,6.47,1
Deborah Oconnor,pottersteven@coffey-hess.biz,Female,26,Other,Network engineer,Electrical,Completed,9.76,2
Duane Arnold,castillorandall@griffin-duran.com,Male,25,B.E,,ECE,4th Year,5.12,3+
James Olson,erin30@barrera-guzman.net,Male,21,B.E,,Mechanical,Completed,8.89,3+
Michael Pacheco,markrodriguez@simmons-skinner.info,Male,18,B.E,,Electrical,3rd Year,6.77,2
Edward Williams,nsilva@yahoo.com,Other,27,BCA,,CSE,1st Year,6.01,2
David Cervantes,ypowell@vega-guzman.net,Other,22,B.E,,IT,2nd Year,10.0,2
Ellen Martinez,morganreginald@maldonado.com,Female,28,B.Sc,,Civil,3rd Year,8.0,2
Dr. John Galvan,wmartin@davis-aguilar.com,Other,23,MCA,,IT,3rd Year,9.54,1
Michael Mccall,cheryl93@reynolds.com,Other,22,Other,Chief Operating Officer,Civil,1st Year,8.98,3+
Emily Jones,jennifer94@gmail.com,Other,20,B.E,,IT,2nd Year,5.07,1
Blake Adkins III,scottclay@yahoo.com,Other,22,B.Sc,,Mechanical,Completed,8.62,1
Shannon Sosa,gonzalezcatherine@gomez-davis.net,Other,26,M.Sc,,Mechanical,1st Year,9.79,
Stephen Reynolds,phyllisnelson@smith.org,Female,28,M.Sc,,Civil,3rd Year,5.78,1
Steven Holland,fpadilla@nguyen-johnson.com,Other,18,BCA,,Electrical,3rd Year,9.56,2
Bryan King,sara20@gmail.com,Other,30,Other,Special educational needs teacher,Mechanical,2nd Year,6.47,1
Harold Obrien,gonzalezjames@romero-flores.info,Female,25,Other,Ceramics designer,CSE,2nd Year,6.71,3+
Mr. Ryan Weber,jorgeingram@montgomery-lewis.info,Male,28,M.Sc,,Electrical,1st Year,7.65,3+
David Baker,tylerstevenson@hotmail.com,Male,30,M.Tech,,Mechanical,2nd Year,9.63,
Joseph Ramirez,yoderlarry@tran.com,Male,25,M.Tech,,IT,1st Year,9.03,2
Brent Bennett,odixon@fields.org,Female,21,MCA,,IT,1st Year,9.42,1
Dr. Chelsea Rodriguez,villanuevamatthew@levy-lawson.com,Female,28,MCA,,Electrical,1st Year,7.23,2
Carlos Schaefer,george42@maxwell.biz,Male,21,M.Sc,,Civil,Completed,6.55,2
Mary Cohen,armstrongjill@hotmail.com,Other,18,B.Sc,,ECE,1st Year,6.57,1
Lisa Rivas,vlopez@yahoo.com,Other,23,M.Tech,,Civil,4th Year,7.64,
Xavier Mccann,rhampton@yahoo.com,Male,24,Other,Social worker,Mechanical,4th Year,6.6,1
Madison Walters,ronaldlittle@rodriguez.biz,Female,21,M.Tech,,CSE,1st Year,6.34,2
Glenn Smith,danny66@yahoo.com,Other,29,M.Tech,,ECE,Completed,9.99,1
Jenna Hopkins,fherring@rogers.info,Female,21,B.Sc,,Mechanical,2nd Year,9.04,1
Cynthia Santos,melissaskinner@gmail.com,Male,27,BCA,,Electrical,1st Year,6.68,2
Nicole Mills,phamlucas@yahoo.com,Female,21,B.E,,CSE,1st Year,8.62,1
Erik Rogers,wbright@yahoo.com,Male,24,B.Sc,,Electrical,3rd Year,7.99,
Michael Obrien,christianwilliams@wade.com,Other,19,MCA,,IT,1st Year,6.3,3+
Heather Cruz,vangmonique@jones.info,Male,19,B.E,,Electrical,1st Year,5.26,1
Amy Herrera,david13@gmail.com,Other,19,BCA,,Civil,Completed,6.16,
Tyler White,montgomeryjulia@hotmail.com,Other,26,BCA,,IT,4th Year,6.6,1
Erica Strong,maxwellcassandra@yahoo.com,Male,27,MCA,,Mechanical,3rd Year,5.81,1
Sandra Smith,youngmallory@gmail.com,Female,22,B.E,,IT,1st Year,5.11,1
Miss Karina Pearson,fwong@hotmail.com,Other,27,B.Tech,,Electrical,4th Year,8.8,
Gabriel Ayers,jeremy48@yahoo.com,Female,19,Other,"Clinical scientist, histocompatibility and immunogenetics",Electrical,2nd Year,6.19,1
Kyle Escobar,ericksonstacey@wagner.com,Other,27,MCA,,ECE,3rd Year,5.37,2
Dalton Williams,matthew16@cunningham-powell.org,Female,28,B.E,,Electrical,Completed,9.92,1
Lance Cooke,vcampbell@yahoo.com,Male,25,B.E,,Electrical,Completed,8.36,
Ruben Bell,rlewis@yahoo.com,Male,22,B.E,,CSE,Completed,9.13,1
Jacob Christian,ythomas@gmail.com,Female,18,M.Sc,,IT,4th Year,9.54,
Christina Martinez,perryregina@gmail.com,Other,22,B.Sc,,Civil,1st Year,6.96,
Sharon Campbell,icooper@yahoo.com,Male,21,M.Tech,,Electrical,4th Year,5.13,3+
Jonathan Smith,kristinagarza@yahoo.com,Male,18,Other,Retail banker,IT,Completed,5.17,3+
Debra Moore,joel02@hotmail.com,Female,26,M.Tech,,Electrical,2nd Year,9.33,2
Andrea Flores,shannon99@long-gonzalez.com,Other,30,MCA,,CSE,3rd Year,8.13,2
Melody Boyd,bhunt@hotmail.com,Female,28,B.E,,CSE,Completed,9.32,1
Philip Perez,beardtanya@wolf-obrien.com,Male,26,Other,Art therapist,ECE,2nd Year,7.03,
Alicia Foley,kathryndavis@matthews.com,Female,23,M.Tech,,IT,1st Year,7.92,
Grant Oconnell,hilllaura@hotmail.com,Female,23,M.Tech,,IT,3rd Year,8.36,2
David Cervantes,ypowell@vega-guzman.net,Other,22,B.E,,IT,2nd Year,10.0,2
Diane Sims,jeffery45@brown.com,Other,19,M.Sc,,CSE,Completed,7.65,1
Carlos Schaefer,george42@maxwell.biz,Male,21,M.Sc,,Civil,Completed,6.55,2
Thomas Donovan,wgill@yahoo.com,Male,22,B.Sc,,Electrical,Completed,8.43,
Kathleen Leonard,frenchjames@yahoo.com,Other,23,B.Tech,,Mechanical,2nd Year,8.02,1
Renee Baker,crich@white.biz,Male,29,B.Sc,,CSE,Completed,5.95,2
Misty Phillips,griffinlaurie@hill.com,Other,30,M.Sc,,CSE,1st Year,6.65,2
Rachel Smith,alyssaholland@yahoo.com,Female,22,MCA,,Civil,4th Year,5.11,
Diane Griffin,roberthall@valencia.com,Female,21,B.E,,ECE,4th Year,8.96,1
Robert West,meganmassey@yahoo.com,Other,27,M.Tech,,Mechanical,4th Year,7.76,1
Jennifer Wilson,imercado@york.info,Female,18,M.Sc,,Civil,Completed,8.35,1
Kristi Williams,craneamanda@petty.com,Other,24,B.Sc,,CSE,3rd Year,9.96,3+
Elizabeth Leach,dwells@martinez.com,Other,28,M.Sc,,CSE,3rd Year,7.38,2
Alyssa Cameron,jacksonjose@sanchez.com,Female,18,B.Tech,,IT,2nd Year,7.07,2
John Roberts,nhendricks@yahoo.com,Female,23,B.E,,ECE,1st Year,9.66,1
Andrew Stanley,vmolina@reyes.info,Other,19,MCA,,Electrical,4th Year,5.82,1
Erik Rogers,wbright@yahoo.com,Male,24,B.Sc,,Electrical,3rd Year,7.99,
Todd Cherry,sarah93@gmail.com,Female,25,BCA,,ECE,4th Year,9.83,2
Andrea Flores,shannon99@long-gonzalez.com,Other,30,MCA,,CSE,3rd Year,8.13,2
Nancy Brooks,thomas31@hotmail.com,Female,28,B.E,,ECE,3rd Year,9.9,
Victoria Solomon,laurahunt@williams-holland.org,Female,20,BCA,,Electrical,4th Year,6.2,
Olivia Hernandez,deborah08@hotmail.com,Other,22,BCA,,Civil,2nd Year,10.0,2
Vanessa Parker,vargasbenjamin@davis.net,Female,22,B.Tech,,IT,Completed,5.68,3+
John Hernandez,wwagner@cohen.com,Male,23,M.Sc,,Mechanical,2nd Year,9.0,3+
James Davenport,dwarren@yahoo.com,Other,19,BCA,,CSE,Completed,5.99,2
William Molina,randymedina@yahoo.com,Male,25,B.E,,Civil,4th Year,8.49,3+
Hector Mullen,stephanieknox@guzman-hughes.biz,Other,27,B.Tech,,Mechanical,4th Year,8.06,3+
Monica Gray,tjohnson@smith.net,Other,27,B.E,,Electrical,3rd Year,9.53,
Bruce Mayo,dstevens@gmail.com,Male,29,B.Tech,,Mechanical,3rd Year,8.5,1
Paul Mcdonald,roblesjames@yahoo.com,Male,21,B.E,,Mechanical,3rd Year,6.83,1
Troy Merritt,nguyenjoshua@hotmail.com,Other,27,Other,Jewellery designer,Electrical,2nd Year,8.92,
Patrick Chambers,pbowen@lee-olson.com,Other,28,B.E,,Civil,3rd Year,7.32,2
Michael Obrien,christianwilliams@wade.com,Other,19,MCA,,IT,1st Year,6.3,3+
Daniel Hawkins,francisco47@gmail.com,Female,23,Other,Leisure centre manager,IT,1st Year,6.36,1
Larry Smith,molly46@mason.com,Female,26,BCA,,CSE,4th Year,7.53,2
Olivia Hernandez,deborah08@hotmail.com,Other,22,BCA,,Civil,2nd Year,10.0,2
Ryan Gomez,rogergoodman@chung.com,Other,23,B.Tech,,CSE,3rd Year,8.04,3+
Richard Tran,ggregory@gmail.com,Other,22,B.Tech,,Electrical,2nd Year,7.7,2
John Roberts,nhendricks@yahoo.com,Female,23,B.E,,ECE,1st Year,9.66,1
Alicia Foley,kathryndavis@matthews.com,Female,23,M.Tech,,IT,1st Year,7.92,
Richard Houston,ygallagher@yahoo.com,Male,29,Other,"Designer, exhibition/display",Electrical,2nd Year,5.39,3+
Marisa Flowers,joy29@yahoo.com,Other,28,Other,Artist,Electrical,2nd Year,6.35,3+
Mr. Kyle Lewis,paulgreen@hotmail.com,Male,28,B.Tech,,CSE,Completed,7.83,
Jennifer Rivera,melendezdale@gmail.com,Other,30,M.Sc,,ECE,3rd Year,6.95,
Anthony Warren,amygutierrez@yahoo.com,Male,27,B.Sc,,Mechanical,2nd Year,9.37,3+
Susan Le,ojackson@smith.com,Other,26,B.Tech,,Mechanical,2nd Year,8.27,1
Timothy Rose,amandarivera@gmail.com,Female,29,MCA,,CSE,1st Year,9.96,1
Patrick Cook,tmiles@cross-jackson.biz,Female,19,MCA,,ECE,4th Year,8.84,1
Stephanie Schmidt,james22@yahoo.com,Male,30,B.E,,ECE,1st Year,9.43,3+
Daniel Gonzalez,brian40@gmail.com,Other,21,B.Sc,,ECE,2nd Year,5.39,2
Megan Norman,xjordan@grant-martinez.com,Other,25,M.Tech,,Mechanical,3rd Year,9.63,2
Alison Hall,johnsonmatthew@brown.com,Male,18,M.Sc,,CSE,1st Year,5.97,3+
Shannon Garcia,melissapratt@murillo.info,Male,20,B.Tech,,CSE,2nd Year,9.96,
Brianna Oliver,jon65@robinson.info,Other,24,M.Tech,,CSE,Completed,9.99,
Bruce Lawson,donaldskinner@hotmail.com,Other,24,B.E,,IT,Completed,6.54,2
Jessica Jackson,carlosenglish@perez.com,Female,19,Other,Adult guidance worker,Civil,Completed,8.77,
Jessica Allen,martinluna@hall-jacobs.biz,Other,27,Other,Civil Service administrator,CSE,3rd Year,7.29,3+
Matthew Howard,vancewhitney@gmail.com,Other,20,Other,"Therapist, drama",Civil,4th Year,7.53,
Melody Boyd,bhunt@hotmail.com,Female,28,B.E,,CSE,Completed,9.32,1
Morgan Cherry,blairxavier@yahoo.com,Female,27,B.Tech,,IT,1st Year,8.23,3+
Thomas Chaney,johnsondavid@cunningham.com,Female,26,Other,"Engineer, manufacturing systems",IT,1st Year,9.72,
Joshua Hall,bruce72@gmail.com,Other,28,MCA,,Electrical,Completed,6.19,1
Tina Tucker,zwhite@yahoo.com,Female,18,BCA,,CSE,Completed,7.4,2
Christopher Cochran,walshheather@rodriguez-martin.com,Female,25,B.Tech,,Civil,1st Year,8.96,2
Holly Price,fosterkelly@norman.biz,Other,25,B.Sc,,Mechanical,4th Year,7.1,
Melanie Miranda,rodriguezmatthew@watts-andrews.com,Male,30,Other,"Engineer, site",IT,1st Year,5.77,2
Erin Brown,mario58@gmail.com,Female,23,B.E,,Mechanical,Completed,6.14,
Jason Rodriguez,christinapotts@hotmail.com,Female,25,BCA,,Mechanical,1st Year,9.15,2
Daniel Hawkins,francisco47@gmail.com,Female,23,Other,Leisure centre manager,IT,1st Year,6.36,1
Victoria Sanders,ncook@yahoo.com,Other,20,B.E,,Mechanical,Completed,8.67,
Dr. Chelsea Rodriguez,villanuevamatthew@levy-lawson.com,Female,28,MCA,,Electrical,1st Year,7.23,2
Nathan Reynolds,moralesashley@yahoo.com,Male,21,Other,Merchant navy officer,ECE,1st Year,7.33,1
Ashley Arnold,kyle37@miller-preston.com,Female,28,M.Sc,,Mechanical,3rd Year,6.88,3+
Michael Parker,peterskrista@gmail.com,Other,22,B.E,,IT,3rd Year,6.46,
Margaret Wilkinson,athompson@nguyen.info,Other,18,BCA,,ECE,Completed,9.06,
Todd Brewer,mrussell@griffin-martin.com,Other,26,B.Tech,,CSE,2nd Year,5.78,
Caleb Kennedy,sanchezmary@yahoo.com,Female,29,B.E,,Electrical,Completed,8.12,2
Jennifer Davis,nruiz@hotmail.com,Male,24,BCA,,Civil,Completed,9.67,1
Bonnie Kelly,daviskimberly@baker-phillips.com,Male,28,B.E,,ECE,2nd Year,7.77,2
Elizabeth Smith,jamesstephanie@gmail.com,Male,25,B.Tech,,IT,3rd Year,5.03,1
Shannon Serrano,fwright@yahoo.com,Other,30,Other,Actuary,Mechanical,Completed,5.73,3+
Brian Gutierrez,walterbarnes@dickson.info,Female,23,M.Sc,,CSE,1st Year,5.59,
Patrick Parker,josephwilkins@padilla.net,Female,30,M.Sc,,CSE,4th Year,7.69,
Courtney Thompson,rebeccaclay@gmail.com,Female,30,B.Tech,,IT,4th Year,5.98,1
Mr. Zachary Green,cbrown@walters.com,Male,18,M.Tech,,Civil,4th Year,6.35,1
Patricia Lewis,kristenchurch@hotmail.com,Other,19,M.Tech,,CSE,1st Year,6.41,3+
Christopher Warner,upowell@carrillo-martin.biz,Male,30,M.Sc,,Civil,4th Year,9.37,3+
Debra Peterson,weaverjason@todd-rasmussen.net,Female,21,B.Tech,,Mechanical,1st Year,5.14,1
Nancy Rodriguez,nicholas25@hotmail.com,Male,27,MCA,,CSE,4th Year,5.52,2
Lauren Bates,jonsantos@jordan.net,Male,22,M.Tech,,Mechanical,4th Year,6.22,3+
Jenna Hopkins,fherring@rogers.info,Female,21,B.Sc,,Mechanical,2nd Year,9.04,1
Michael Adams,katie76@gmail.com,Female,20,M.Tech,,Mechanical,4th Year,8.9,3+
Jonathan Holder,jasonalvarado@richardson.com,Male,20,B.E,,Civil,1st Year,5.65,1
Brooke White,csmith@jones.biz,Female,27,B.E,,Mechanical,1st Year,9.98,3+
Lauren Bates,jonsantos@jordan.net,Male,22,M.Tech,,Mechanical,4th Year,6.22,3+
Bobby Howell,kimashlee@matthews.info,Male,26,M.Tech,,CSE,1st Year,5.08,3+
Paula Cox,stephen99@martin.com,Other,19,M.Tech,,ECE,Completed,8.12,2
Cheryl Terrell,shannon51@hoover-butler.com,Male,26,B.Tech,,CSE,2nd Year,9.55,1
Jessica Carter,millerjennifer@gmail.com,Other,26,M.Tech,,Mechanical,1st Year,6.44,1
Stephanie Schmidt,james22@yahoo.com,Male,30,B.E,,ECE,1st Year,9.43,3+
Krista Houston,uball@gmail.com,Male,28,BCA,,IT,3rd Year,6.48,2
Douglas Barrera,kevinmyers@williams-davis.com,Female,26,Other,"Engineer, energy",Mechanical,1st Year,7.3,
Thomas Donovan,wgill@yahoo.com,Male,22,B.Sc,,Electrical,Completed,8.43,
Kellie Turner,howardjennifer@koch.com,Male,30,B.Sc,,Civil,2nd Year,6.61,3+
Paige White,sandra12@yahoo.com,Other,18,BCA,,Civil,2nd Year,7.66,
Mariah Glover,christina02@yahoo.com,Male,30,M.Sc,,CSE,1st Year,6.91,1
Cindy Holland,houstonmary@mcdonald.com,Other,21,M.Sc,,Civil,1st Year,6.1,3+
Amanda Williams,ewalker@sanders-wilson.biz,Other,20,MCA,,Mechanical,4th Year,7.33,
Cody Sims,jerrygreen@foley-cox.com,Female,25,B.E,,IT,2nd Year,6.4,2
Taylor Ross,brian56@barber.com,Female,21,BCA,,ECE,4th Year,6.11,1
Troy Merritt,nguyenjoshua@hotmail.com,Other,27,Other,Jewellery designer,Electrical,2nd Year,8.92,
Brian Peters,burnspeter@anderson.com,Male,23,Other,Warden/ranger,CSE,3rd Year,9.93,2
Debra Vasquez,newmanjason@gmail.com,Other,26,M.Tech,,IT,3rd Year,6.91,1
Stephen Reynolds,phyllisnelson@smith.org,Female,28,M.Sc,,Civil,3rd Year,5.78,1
Russell Martin,raymondreyes@gmail.com,Other,21,M.Tech,,Mechanical,2nd Year,9.83,
Donna Mcintyre,athomas@wright.org,Female,28,M.Tech,,IT,4th Year,6.75,2
John Young,agarza@hotmail.com,Male,27,B.Tech,,Mechanical,1st Year,8.93,1
Larry Smith,molly46@mason.com,Female,26,BCA,,CSE,4th Year,7.53,2
Rhonda Chambers,johnsullivan@hotmail.com,Other,22,M.Tech,,ECE,Completed,7.32,3+
Michelle Brown,lharmon@weaver.com,Male,22,M.Tech,,Electrical,Completed,5.38,2
Lindsay Grimes,rfranklin@nguyen.com,Other,20,B.Sc,,IT,2nd Year,9.63,2
Amanda Mckay,shannon49@yahoo.com,Male,27,B.Sc,,Electrical,4th Year,5.51,3+
Lori Hill,wilsonsara@hotmail.com,Male,24,B.E,,CSE,2nd Year,9.56,1
Krista Houston,uball@gmail.com,Male,28,BCA,,IT,3rd Year,6.48,2
Laurie Phillips,reginakirk@gmail.com,Other,19,M.Tech,,Electrical,4th Year,5.78,3+
Cynthia Santos,melissaskinner@gmail.com,Male,27,BCA,,Electrical,1st Year,6.68,2
Andre Rivas,jefferyferguson@taylor.com,Other,27,BCA,,CSE,1st Year,7.19,1
Donna Lewis,rodriguezsara@gonzalez.com,Female,27,Other,Metallurgist,Civil,3rd Year,5.84,1
Mary Carter,melvin83@barnes.net,Female,23,M.Tech,,Electrical,Completed,5.01,2
Anthony Reese,kevin99@anthony-berry.com,Male,25,B.E,,Electrical,4th Year,5.83,3+
Carlos Schaefer,george42@maxwell.biz,Male,21,M.Sc,,Civil,Completed,6.55,2
Shannon Sosa,gonzalezcatherine@gomez-davis.net,Other,26,M.Sc,,Mechanical,1st Year,9.79,
Lindsay Liu,gregoryspence@yahoo.com,Male,21,BCA,,Mechanical,Completed,9.2,
Kelly Duncan,romanelizabeth@yahoo.com,Male,26,Other,Financial manager,CSE,4th Year,6.22,1
Jason Castillo,hutchinsonnatalie@yahoo.com,Other,25,M.Sc,,Civil,4th Year,5.0,1
Heather Cruz,vangmonique@jones.info,Male,19,B.E,,Electrical,1st Year,5.26,1
Lee Jones,stevewilliams@pierce-kane.com,Other,25,B.Tech,,Mechanical,2nd Year,5.87,1
Bradley Whitehead,hevans@gregory.com,Other,23,BCA,,ECE,4th Year,5.64,
Raymond Peck,solomonpatricia@monroe.net,Male,21,MCA,,ECE,2nd Year,9.84,
Felicia Boyd,danielrobinson@yahoo.com,Other,27,BCA,,Electrical,Completed,5.94,3+
Keith Payne,vyoung@white.com,Other,25,Other,Marine scientist,IT,4th Year,8.7,
Pamela Osborne,shannon70@williams.com,Other,30,M.Sc,,Civil,1st Year,7.15,3+
Joshua Chan,ihunt@olson.com,Other,24,MCA,,CSE,4th Year,6.05,2
Andrea Gibson,johnsonjoseph@hart-hayes.net,Other,23,B.Tech,,Mechanical,3rd Year,7.83,2
Samantha Ramsey,kellyking@gmail.com,Male,22,B.Sc,,Civil,Completed,7.8,1
Melanie Johnson,crystalcastaneda@hotmail.com,Male,25,B.E,,Mechanical,2nd Year,5.28,3+
Christian White,bowmantanya@randall.info,Male,20,B.Tech,,ECE,4th Year,8.73,
Matthew Howard,vancewhitney@gmail.com,Other,20,Other,"Therapist, drama",Civil,4th Year,7.53,
Kelli Jones,alexander19@mercado.com,Female,20,Other,Chartered accountant,Civil,1st Year,8.19,
Stephanie Bray,ofranklin@heath-martinez.com,Male,25,B.Sc,,Mechanical,Completed,7.99,
Russell Lowe,keithwilliams@duncan.com,Male,26,Other,Regulatory affairs officer,Mechanical,Completed,5.69,
Michael Pacheco,ynorris@rosales-gilbert.com,Male,27,M.Sc,,CSE,2nd Year,7.45,
Krystal Clark,bonniecunningham@yahoo.com,Other,30,Other,Recruitment consultant,Electrical,Completed,6.83,2
David Bowen MD,hdavis@beard.com,Other,18,B.Tech,,Mechanical,4th Year,5.56,3+
Veronica Stephens,icastro@fisher.biz,Other,20,B.E,,Civil,4th Year,9.32,1
Karen Hogan,cwilliams@rodriguez.com,Male,24,M.Sc,,IT,4th Year,8.84,
Michael Obrien,christianwilliams@wade.com,Other,19,MCA,,IT,1st Year,6.3,3+
Jason Robinson,stephenrivera@hotmail.com,Female,23,MCA,,Mechanical,1st Year,9.1,3+
Garrett Blackwell,craigfrancis@gmail.com,Other,29,B.Tech,,Civil,Completed,7.97,2
Heather Farmer,destinyburgess@morgan.info,Male,19,B.E,,ECE,1st Year,7.79,3+
Sheena Webb,smithconnie@gmail.com,Female,20,BCA,,Civil,1st Year,5.45,1
Patrick Parker,josephwilkins@padilla.net,Female,30,M.Sc,,CSE,4th Year,7.69,
Paul Mcdonald,roblesjames@yahoo.com,Male,21,B.E,,Mechanical,3rd Year,6.83,1
Christopher Cummings DDS,vwallace@hotmail.com,Female,26,M.Sc,,ECE,4th Year,7.55,
Phillip Huerta,joseph85@cruz.net,Female,19,M.Sc,,IT,3rd Year,6.51,2
Diana Nguyen,noah56@hotmail.com,Male,24,M.Sc,,ECE,Completed,8.26,3+
John Roberts,nhendricks@yahoo.com,Female,23,B.E,,ECE,1st Year,9.66,1
Carmen Tapia,joseph82@gmail.com,Other,30,B.Tech,,Mechanical,2nd Year,5.55,
Shari Garcia,dustin21@yahoo.com,Other,30,MCA,,Electrical,3rd Year,9.92,3+
Laura Keller,barbara07@schroeder.com,Male,28,Other,Customer service manager,Electrical,Completed,7.37,1
Diane Proctor,michelle79@carr.info,Male,28,M.Tech,,Civil,3rd Year,6.34,3+
Ariel Davis,wrightcraig@yahoo.com,Female,19,BCA,,ECE,4th Year,6.4,
Rachel Gomez,brandon01@gmail.com,Other,21,B.E,,IT,4th Year,5.48,2
Alexander Booker,njackson@hotmail.com,Female,28,BCA,,IT,3rd Year,7.55,3+
Jessica Allen,martinluna@hall-jacobs.biz,Other,27,Other,Civil Service administrator,CSE,3rd Year,7.29,3+
Jay Lee,tbowman@graham.org,Male,26,B.Sc,,CSE,1st Year,7.96,2
Edward Smith,kelsey08@gmail.com,Female,25,B.E,,Electrical,1st Year,9.8,2
Daniel Clay,shawnmiles@hotmail.com,Female,20,M.Tech,,ECE,4th Year,5.4,2
Ronald Monroe,morenotimothy@anderson.com,Other,18,B.E,,IT,1st Year,8.62,
Sherry Clark,fjackson@hotmail.com,Male,23,BCA,,ECE,3rd Year,9.58,
Christopher Warner,upowell@carrillo-martin.biz,Male,30,M.Sc,,Civil,4th Year,9.37,3+
Patrick Parker,josephwilkins@padilla.net,Female,30,M.Sc,,CSE,4th Year,7.69,
Andrea Coleman,triciaharris@gmail.com,Other,22,M.Tech,,Mechanical,Completed,7.21,3+
Mark Oconnor,rogersbrandon@johnson-bradley.com,Female,27,M.Tech,,Civil,3rd Year,8.5,
Michelle Brown,lharmon@weaver.com,Male,22,M.Tech,,Electrical,Completed,5.38,2
Christopher Cochran,walshheather@rodriguez-martin.com,Female,25,B.Tech,,Civil,1st Year,8.96,2
Robert Rocha,johnanderson@farley.com,Female,21,Other,Air broker,Electrical,Completed,8.69,1
Robert Johnson,yhernandez@harper.com,Male,26,B.Sc,,CSE,1st Year,8.42,2
Amy Ingram,hartgerald@scott-murray.biz,Other,23,Other,International aid/development worker,IT,1st Year,6.67,2
Gina Burns,williamsjessica@hodge.com,Other,19,MCA,,IT,1st Year,5.86,2
Kathleen Leonard,frenchjames@yahoo.com,Other,23,B.Tech,,Mechanical,2nd Year,8.02,1
Monica Blevins,randytanner@gmail.com,Other,22,BCA,,Mechanical,1st Year,7.37,2
Troy Holden,claire01@kerr.com,Male,30,BCA,,Mechanical,3rd Year,9.69,
Zachary Nichols,brittanyhawkins@robinson.com,Male,22,MCA,,CSE,Completed,6.34,3+
Sandra Kramer,bethgutierrez@hotmail.com,Male,25,B.Tech,,Civil,3rd Year,6.04,1
Pamela Long,richard79@esparza.com,Female,23,BCA,,IT,Completed,5.73,2
Debra Henry,cathy63@zamora.net,Male,24,B.Sc,,IT,1st Year,8.15,
Jeremy Mcgee,haydennorton@yahoo.com,Male,21,M.Sc,,Mechanical,2nd Year,6.42,2
Elizabeth Thomas,laurajones@hotmail.com,Other,29,Other,Insurance claims handler,Electrical,3rd Year,5.79,1
Ryan Gomez,rogergoodman@chung.com,Other,23,B.Tech,,CSE,3rd Year,8.04,3+
David Lane,qmartin@yahoo.com,Female,30,Other,Radio producer,Civil,Completed,6.14,2
Todd Brewer,mrussell@griffin-martin.com,Other,26,B.Tech,,CSE,2nd Year,5.78,
Lance Cooke,vcampbell@yahoo.com,Male,25,B.E,,Electrical,Completed,8.36,
Emily Jones,jennifer94@gmail.com,Other,20,B.E,,IT,2nd Year,5.07,1
Edward Smith,kelsey08@gmail.com,Female,25,B.E,,Electrical,1st Year,9.8,2
Christine Wise,thomaskaren@garrison-miller.org,Male,22,B.Sc,,Civil,3rd Year,8.0,1
Sydney Roberts,elizabetherickson@hall.net,Female,24,B.Tech,,IT,1st Year,6.96,2
James Watson,jamesyoung@jackson.biz,Female,24,BCA,,Electrical,2nd Year,7.75,
Rachel Sanchez DDS,hday@yahoo.com,Other,23,MCA,,IT,1st Year,8.22,2
Amanda Fisher,charles61@yahoo.com,Other,19,M.Tech,,Electrical,2nd Year,6.84,2
Dustin Jones,kathleen27@gmail.com,Other,22,M.Tech,,ECE,Completed,8.8,2
Crystal Nixon,davidconrad@yahoo.com,Other,27,MCA,,ECE,1st Year,5.65,3+
Michele Rubio,murraytyler@gmail.com,Other,18,B.E,,CSE,3rd Year,7.51,2
Donna Mcintyre,athomas@wright.org,Female,28,M.Tech,,IT,4th Year,6.75,2
John Moore,christopherwright@clark.com,Other,27,BCA,,ECE,Completed,5.7,1
Christopher Warner,upowell@carrillo-martin.biz,Male,30,M.Sc,,Civil,4th Year,9.37,3+
Marisa Flowers,joy29@yahoo.com,Other,28,Other,Artist,Electrical,2nd Year,6.35,3+
Timothy Richards,sototimothy@day-reed.com,Other,19,B.E,,Mechanical,2nd Year,5.69,1
Duane Arnold,castillorandall@griffin-duran.com,Male,25,B.E,,ECE,4th Year,5.12,3+
Joseph Sellers,ewarren@davis.org,Female,28,B.Tech,,Civil,4th Year,6.91,1
Heather Ross,grahamkyle@yahoo.com,Male,24,B.Tech,,Civil,1st Year,6.26,
Jessica Merritt,zcollins@edwards.com,Male,27,M.Sc,,ECE,2nd Year,8.21,3+
Carrie Ayala,ariana57@cobb.com,Female,19,M.Sc,,ECE,1st Year,7.38,
Travis Jennings,smithkelly@yahoo.com,Male,29,B.E,,IT,3rd Year,5.5,
Kayla Jones,reginatucker@hotmail.com,Other,26,B.E,,Civil,Completed,7.13,1
Emily Jones,jennifer94@gmail.com,Other,20,B.E,,IT,2nd Year,5.07,1
Jerry Barnes,debbie05@cook.com,Male,18,MCA,,Civil,3rd Year,7.38,
Ryan Garrison,gpowell@moore.com,Other,22,M.Tech,,ECE,Completed,7.33,1
Charles Johnson,nmora@short-hernandez.com,Male,29,M.Tech,,Mechanical,3rd Year,8.18,1
Glenn Smith,danny66@yahoo.com,Other,29,M.Tech,,ECE,Completed,9.99,1
Megan Norman,xjordan@grant-martinez.com,Other,25,M.Tech,,Mechanical,3rd Year,9.63,2
Sean Suarez,shawnrobinson@hotmail.com,Other,20,M.Tech,,IT,1st Year,7.15,3+
Alejandra Campbell,megan21@hotmail.com,Female,18,M.Sc,,Mechanical,3rd Year,6.01,3+
Nancy Rodriguez,nicholas25@hotmail.com,Male,27,MCA,,CSE,4th Year,5.52,2
Christopher Richmond,wilsonjoseph@galvan.com,Other,27,B.Tech,,Civil,2nd Year,6.04,1
Matthew Howard,vancewhitney@gmail.com,Other,20,Other,"Therapist, drama",Civil,4th Year,7.53,
Taylor Craig,jacob60@white.org,Male,18,MCA,,CSE,Completed,7.87,3+
Paul Spencer,christinamurphy@crawford.org,Male,18,B.E,,Civil,3rd Year,8.84,1
Lauren Willis,david02@gmail.com,Female,22,M.Tech,,CSE,3rd Year,7.51,3+
Ashley Diaz,dawnsheppard@davis.com,Other,25,B.E,,Electrical,1st Year,5.88,1
Frances Oneill,valentineallen@gmail.com,Female,30,B.Sc,,CSE,2nd Year,5.72,
Richard Tran,ggregory@gmail.com,Other,22,B.Tech,,Electrical,2nd Year,7.7,2
Carrie Bishop,zolsen@gaines.com,Female,26,B.Sc,,CSE,1st Year,7.44,3+
Emily Moore,katelyn66@hotmail.com,Female,24,B.E,,Electrical,4th Year,9.74,3+
Katelyn Graham,ohampton@king.com,Female,18,B.Tech,,CSE,3rd Year,9.82,1
Francisco Williams,wwright@yahoo.com,Other,25,MCA,,IT,1st Year,7.63,2
George Gilbert,boydmark@gmail.com,Female,22,B.Tech,,CSE,1st Year,5.84,2
Wendy Martinez,michaelnelson@cole-taylor.com,Male,22,M.Sc,,Civil,4th Year,6.99,3+
Robert Ward,angela01@hotmail.com,Female,30,M.Sc,,IT,Completed,6.38,
Dalton Potts,kelly62@yahoo.com,Male,20,B.Sc,,CSE,1st Year,5.93,3+
Bethany Navarro,nicholas95@yahoo.com,Other,24,B.E,,Electrical,Completed,9.44,1
Patrick Davis,kaylarobertson@hotmail.com,Other,29,Other,Herbalist,ECE,4th Year,5.61,
Courtney Thompson,rebeccaclay@gmail.com,Female,30,B.Tech,,IT,4th Year,5.98,1
Michael Parker,peterskrista@gmail.com,Other,22,B.E,,IT,3rd Year,6.46,
Jason Franklin,matthew80@mendoza.com,Other,21,B.E,,Mechanical,3rd Year,7.34,2
Bryan Peterson,hfrench@yahoo.com,Female,26,M.Tech,,Electrical,Completed,7.48,3+
Jacqueline Briggs,mannjeremy@price.org,Other,20,M.Tech,,Civil,4th Year,9.79,2
John Reid,ajames@moore-smith.com,Female,25,B.Sc,,IT,3rd Year,5.83,3+
Amy Herrera,david13@gmail.com,Other,19,BCA,,Civil,Completed,6.16,
Brittany Roberts,jacksonmary@odonnell-ferguson.com,Female,20,Other,Retail banker,ECE,3rd Year,9.45,
Elizabeth Watson,sanderson@smith.com,Other,21,MCA,,ECE,1st Year,6.93,2
Micheal Mcguire,dlawson@hotmail.com,Male,29,B.E,,Civil,1st Year,6.86,3+
Michael Obrien,christianwilliams@wade.com,Other,19,MCA,,IT,1st Year,6.3,3+
Megan Smith,huffmanjonathan@lowe-steele.com,Female,20,M.Sc,,ECE,Completed,9.22,2
Nathan Bowers,michaelsellers@trevino-ramirez.com,Male,18,Other,Lawyer,CSE,3rd Year,7.16,1
Kenneth Hill,snguyen@hotmail.com,Female,29,MCA,,CSE,1st Year,9.73,3+
William Kane,larry24@gmail.com,Other,20,M.Tech,,Civil,3rd Year,6.41,2
Tiffany Smith,cynthia52@cook.com,Male,28,B.Tech,,Mechanical,1st Year,8.79,1
Karen Wallace,melissa33@murillo.com,Other,23,Other,General practice doctor,Mechanical,2nd Year,9.6,3+
Russell Lowe,keithwilliams@duncan.com,Male,26,Other,Regulatory affairs officer,Mechanical,Completed,5.69,
Christina Martinez,perryregina@gmail.com,Other,22,B.Sc,,Civil,1st Year,6.96,
Duane Arnold,castillorandall@griffin-duran.com,Male,25,B.E,,ECE,4th Year,5.12,3+
Andrew Hampton,carl06@logan.com,Other,23,M.Sc,,Civil,3rd Year,8.53,2
Joshua Hall,bruce72@gmail.com,Other,28,MCA,,Electrical,Completed,6.19,1
Micheal Mcguire,dlawson@hotmail.com,Male,29,B.E,,Civil,1st Year,6.86,3+
Brandon Mendez,nicolaswang@yahoo.com,Male,29,BCA,,Electrical,3rd Year,7.64,1
Sean Chavez,alyssa39@yahoo.com,Female,27,B.Tech,,ECE,2nd Year,6.71,2
Brendan Bush,llong@yahoo.com,Other,20,BCA,,Civil,2nd Year,6.01,3+
Wayne Marshall,patrickgriffith@boyd.com,Other,30,M.Tech,,Electrical,3rd Year,6.44,3+
Debra Vasquez,newmanjason@gmail.com,Other,26,M.Tech,,IT,3rd Year,6.91,1
Thomas Gill,rachel05@allen.com,Other,26,MCA,,IT,Completed,6.46,2
Jennifer Waters,fharvey@miller.org,Male,23,BCA,,IT,2nd Year,7.59,
Jeremy Bell,timothy93@evans.com,Other,30,M.Tech,,Mechanical,1st Year,9.87,2
Debra Peterson,weaverjason@todd-rasmussen.net,Female,21,B.Tech,,Mechanical,1st Year,5.14,1
Mark Blankenship,jeffreypeterson@jackson-williams.com,Other,25,B.Sc,,Mechanical,3rd Year,7.23,3+
Kathryn Freeman,alexanderlambert@martin.net,Other,22,M.Sc,,ECE,2nd Year,5.22,
Tara Allen,russellstafford@hotmail.com,Other,29,M.Tech,,CSE,1st Year,7.94,2
Tina Gregory,vcarter@yahoo.com,Other,22,BCA,,IT,2nd Year,8.64,
Elaine Smith,jasmine11@hotmail.com,Female,28,BCA,,Mechanical,1st Year,6.13,3+
Justin Oneal,michellerodgers@gamble.org,Other,21,BCA,,ECE,1st Year,5.71,1
Terry Mercado,amberdowns@nunez-washington.net,Other,30,MCA,,Mechanical,4th Year,8.06,
Jeffrey Cardenas,martinmelanie@hotmail.com,Female,21,BCA,,CSE,2nd Year,9.3,1
Miss Karina Pearson,fwong@hotmail.com,Other,27,B.Tech,,Electrical,4th Year,8.8,
Dr. Betty Cunningham,pwilliams@hotmail.com,Other,19,BCA,,IT,3rd Year,9.28,2
Brandon Roberts,marymartinez@gmail.com,Female,25,M.Sc,,ECE,1st Year,9.01,2
Christopher Mcgee,sonya75@yahoo.com,Other,27,B.Tech,,ECE,4th Year,8.15,2
Amy Welch,dweber@yahoo.com,Male,26,B.E,,Civil,4th Year,5.95,
Michael Gomez,micheleliu@yahoo.com,Male,21,B.Tech,,Mechanical,2nd Year,5.46,
Eric Frost,larry35@gmail.com,Other,25,M.Tech,,ECE,Completed,7.4,1
Leslie Stanley,phillipgarcia@diaz.com,Female,20,B.E,,Civil,3rd Year,8.53,
Samantha Morgan,ferrellgregory@ray.com,Male,20,B.E,,Mechanical,1st Year,6.74,
Harold Obrien,gonzalezjames@romero-flores.info,Female,25,Other,Ceramics designer,CSE,2nd Year,6.71,3+
Donald Perry,ronald27@berry.com,Female,30,B.Sc,,IT,1st Year,9.03,
Brittany Roberts,jacksonmary@odonnell-ferguson.com,Female,20,Other,Retail banker,ECE,3rd Year,9.45,
Ashley Diaz,dawnsheppard@davis.com,Other,25,B.E,,Electrical,1st Year,5.88,1
Cheyenne Scott,wmurray@yahoo.com,Female,27,Other,"Production assistant, television",IT,Completed,7.01,2
Omar Greer,powellashley@hill.biz,Male,21,M.Tech,,ECE,1st Year,9.55,3+
Tina Gregory,vcarter@yahoo.com,Other,22,BCA,,IT,2nd Year,8.64,
Jessica Cummings,erinhoward@cook.com,Female,21,B.E,,Electrical,4th Year,5.4,3+
Nicole Sharp,omiranda@rush.com,Other,24,BCA,,Mechanical,2nd Year,9.78,1
Joshua Allison,nicholasmiller@fowler.com,Female,26,M.Tech,,IT,2nd Year,7.18,2
Holly Atkinson,robynfisher@gonzalez-rodriguez.org,Female,27,B.E,,Electrical,2nd Year,9.98,
Jessica Cook,wdavis@jones.com,Other,22,B.Sc,,CSE,4th Year,9.05,2
James Simpson,dwilliams@yahoo.com,Other,24,B.Tech,,ECE,4th Year,7.49,1
Sheena Webb,smithconnie@gmail.com,Female,20,BCA,,Civil,1st Year,5.45,1
Pamela Osborne,shannon70@williams.com,Other,30,M.Sc,,Civil,1st Year,7.15,3+
Elizabeth Leach,dwells@martinez.com,Other,28,M.Sc,,CSE,3rd Year,7.38,2
Andrew Hall,hmatthews@gmail.com,Female,19,M.Sc,,Mechanical,4th Year,5.75,
Dr. John Galvan,wmartin@davis-aguilar.com,Other,23,MCA,,IT,3rd Year,9.54,1
Nicholas Williams,hobbschristina@smith.org,Other,20,B.Sc,,Electrical,Completed,7.52,
Adam Gilmore,whitepenny@gmail.com,Other,26,MCA,,CSE,3rd Year,8.57,2
Heidi Fisher,vincentcruz@dudley-jenkins.net,Female,23,Other,Theatre stage manager,CSE,1st Year,6.96,
Morgan Patton,cooperanna@hotmail.com,Female,26,M.Tech,,ECE,2nd Year,9.43,2
Chris Myers,donna53@hotmail.com,Female,30,B.Tech,,CSE,4th Year,5.32,
Amber Yates,adriana83@yahoo.com,Female,21,MCA,,CSE,1st Year,8.79,3+
Isaac Vargas,xgonzalez@yahoo.com,Other,29,B.Tech,,CSE,2nd Year,6.93,
Jacqueline Long,raymondweber@yahoo.com,Female,30,B.Tech,,Mechanical,2nd Year,8.52,
Brian Hicks,medinaandrew@carter.org,Female,21,B.E,,ECE,Completed,8.81,3+
James Watson,jamesyoung@jackson.biz,Female,24,BCA,,Electrical,2nd Year,7.75,
Jose Reyes,smithjohn@gmail.com,Female,23,B.Tech,,CSE,3rd Year,8.69,1
James Simpson,dwilliams@yahoo.com,Other,24,B.Tech,,ECE,4th Year,7.49,1
Megan Moreno,tperkins@terry-hanson.info,Other,30,B.E,,CSE,2nd Year,6.33,2
Kelly Duncan,romanelizabeth@yahoo.com,Male,26,Other,Financial manager,CSE,4th Year,6.22,1
Charles Johnson,nmora@short-hernandez.com,Male,29,M.Tech,,Mechanical,3rd Year,8.18,1
Victoria Green,reneeparker@gmail.com,Female,23,M.Sc,,Civil,3rd Year,6.4,3+
Dylan Sutton,eugene71@hotmail.com,Male,26,M.Sc,,Civil,2nd Year,7.37,2
Patrick Parker,josephwilkins@padilla.net,Female,30,M.Sc,,CSE,4th Year,7.69,
Michele Robles,joannsmith@yahoo.com,Other,24,B.Tech,,IT,Completed,9.3,
Matthew Martinez,samanthalewis@gmail.com,Female,25,M.Sc,,Electrical,Completed,7.02,1
Susan Harvey,amber30@martinez.net,Male,24,B.Sc,,Civil,1st Year,9.71,2
Jason Castillo,hutchinsonnatalie@yahoo.com,Other,25,M.Sc,,Civil,4th Year,5.0,1
Jeremy Bell,timothy93@evans.com,Other,30,M.Tech,,Mechanical,1st Year,9.87,2
Deborah Lewis,warrenjacob@yahoo.com,Female,20,M.Sc,,Electrical,Completed,8.78,1
Aaron Mccormick,robertgraham@price-camacho.com,Female,30,MCA,,Electrical,3rd Year,5.85,3+
Mr. Ryan Weber,jorgeingram@montgomery-lewis.info,Male,28,M.Sc,,Electrical,1st Year,7.65,3+
Kenneth Hunter,wendy91@sanchez.com,Other,25,MCA,,IT,3rd Year,8.23,1
Justin Humphrey,zdavis@newton.com,Male,24,Other,Seismic interpreter,CSE,4th Year,6.45,
Charles Collins,jchavez@smith.org,Female,21,M.Tech,,Civil,4th Year,5.73,1
Alexandria Townsend,uprince@lopez.net,Male,19,B.Tech,,Electrical,3rd Year,9.94,1
Julie Green,jermainebrown@jones-davis.info,Other,30,Other,Chief Strategy Officer,ECE,2nd Year,7.05,
Anthony Reed,murphyedward@brown-williams.com,Female,23,B.E,,Mechanical,3rd Year,8.59,
Brian Leonard,srichards@evans.com,Female,30,B.Tech,,Mechanical,1st Year,6.36,3+
Carla Page,gilbertjoanne@davidson.com,Other,22,M.Sc,,ECE,3rd Year,7.43,3+
Susan Mccall,katherinekelly@hotmail.com,Other,25,M.Tech,,ECE,4th Year,6.62,2
Erin Clark,millerkurt@daugherty.info,Other,19,BCA,,Mechanical,3rd Year,9.84,1
Michael Gardner,ericgriffin@robertson.net,Other,18,M.Tech,,Civil,2nd Year,7.75,3+
Raymond Peck,solomonpatricia@monroe.net,Male,21,MCA,,ECE,2nd Year,9.84,
Suzanne Diaz,calvingriffin@ortiz.info,Other,18,MCA,,Mechanical,Completed,6.32,1
Pamela Osborne,shannon70@williams.com,Other,30,M.Sc,,Civil,1st Year,7.15,3+
Mr. James Gillespie,xparker@hotmail.com,Other,28,MCA,,Mechanical,1st Year,7.48,3+
Andre Joseph,pholmes@yahoo.com,Male,28,Other,"Psychologist, sport and exercise",CSE,Completed,6.85,1
Michael Mccall,cheryl93@reynolds.com,Other,22,Other,Chief Operating Officer,Civil,1st Year,8.98,3+
Donna Lewis,rodriguezsara@gonzalez.com,Female,27,Other,Metallurgist,Civil,3rd Year,5.84,1
Michelle Garcia,lambellen@rodgers-cervantes.com,Other,28,BCA,,Civil,Completed,8.07,3+
David Bowen MD,hdavis@beard.com,Other,18,B.Tech,,Mechanical,4th Year,5.56,3+
Charles Johnson,nmora@short-hernandez.com,Male,29,M.Tech,,Mechanical,3rd Year,8.18,1
Dalton Potts,kelly62@yahoo.com,Male,20,B.Sc,,CSE,1st Year,5.93,3+
Amy Jensen,madams@walker.com,Other,25,BCA,,CSE,1st Year,5.84,
Debra Henry,cathy63@zamora.net,Male,24,B.Sc,,IT,1st Year,8.15,
Ashley Lutz,iwhite@yahoo.com,Female,24,B.Tech,,IT,2nd Year,6.8,
Gail Brown,heather61@taylor-norris.biz,Other,30,BCA,,Electrical,3rd Year,7.41,
Carlos Baker,ramirezdaniel@parker-duke.com,Female,30,MCA,,Civil,1st Year,7.79,
Cassandra Greene,spencer08@wallace.biz,Female,28,B.E,,Electrical,2nd Year,7.94,2
Melody Boyd,bhunt@hotmail.com,Female,28,B.E,,CSE,Completed,9.32,1
Lee Jones,stevewilliams@pierce-kane.com,Other,25,B.Tech,,Mechanical,2nd Year,5.87,1
Ryan Gomez,rogergoodman@chung.com,Other,23,B.Tech,,CSE,3rd Year,8.04,3+
Joseph Ramirez,yoderlarry@tran.com,Male,25,M.Tech,,IT,1st Year,9.03,2
Sara Morgan,hsimmons@davis-montoya.com,Male,28,B.E,,Mechanical,2nd Year,9.88,1
Curtis Vasquez,williamselizabeth@hotmail.com,Other,20,B.Sc,,CSE,4th Year,6.21,3+
Debra Henry,cathy63@zamora.net,Male,24,B.Sc,,IT,1st Year,8.15,
Christopher Mcgee,sonya75@yahoo.com,Other,27,B.Tech,,ECE,4th Year,8.15,2
Anthony Reed,murphyedward@brown-williams.com,Female,23,B.E,,Mechanical,3rd Year,8.59,
Paul Mcdonald,roblesjames@yahoo.com,Male,21,B.E,,Mechanical,3rd Year,6.83,1
Cheyenne Scott,wmurray@yahoo.com,Female,27,Other,"Production assistant, television",IT,Completed,7.01,2
Justin Simpson,millernicholas@leon.com,Male,18,BCA,,ECE,Completed,8.14,3+
Karen Bryan,davisoscar@hotmail.com,Male,29,B.Tech,,CSE,1st Year,9.58,2
Charles Davis,william22@yahoo.com,Other,19,B.E,,Electrical,2nd Year,5.73,3+
Anna Baker,ricardo09@gomez.com,Female,26,M.Tech,,Mechanical,3rd Year,9.26,
Paul Mcdonald,roblesjames@yahoo.com,Male,21,B.E,,Mechanical,3rd Year,6.83,1
Tamara Frye,llee@west-wilson.com,Male,28,BCA,,CSE,3rd Year,6.6,1
Kathy White,james99@hotmail.com,Female,20,B.Sc,,CSE,4th Year,9.2,1
Alexander Schneider,cwheeler@gmail.com,Other,25,B.Tech,,CSE,3rd Year,7.13,
Erik Davis,hickstammy@hotmail.com,Female,25,Other,"Research officer, political party",ECE,4th Year,8.19,2
Katrina Frye,morrisamanda@ramos.com,Other,19,M.Tech,,IT,Completed,6.2,3+
Natalie Davis,david19@yahoo.com,Male,27,B.Sc,,ECE,2nd Year,8.22,3+
Maria Villegas,patricia53@martin.biz,Male,19,Other,Records manager,CSE,4th Year,8.29,3+
Jesse Boyer,emilyandrews@stone-alvarado.com,Male,30,M.Tech,,Electrical,Completed,6.5,2
Terry Mercado,amberdowns@nunez-washington.net,Other,30,MCA,,Mechanical,4th Year,8.06,
Carrie Bishop,zolsen@gaines.com,Female,26,B.Sc,,CSE,1st Year,7.44,3+
Kristina Hart,kristabishop@willis.com,Female,30,BCA,,Civil,4th Year,7.97,1
Mark Martinez,mcphersonbrenda@hall.com,Female,19,BCA,,IT,2nd Year,7.89,3+
Terrence Velasquez,jjohns@ramos.com,Other,28,Other,Control and instrumentation engineer,Mechanical,4th Year,9.77,
Michelle Garcia,lambellen@rodgers-cervantes.com,Other,28,BCA,,Civil,Completed,8.07,3+
Eric Hayes,lowejeffrey@gmail.com,Other,20,B.Sc,,ECE,4th Year,6.69,
Tyler White,montgomeryjulia@hotmail.com,Other,26,BCA,,IT,4th Year,6.6,1
Douglas Barrera,kevinmyers@williams-davis.com,Female,26,Other,"Engineer, energy",Mechanical,1st Year,7.3,
Jeffrey Peterson,crossbrittany@duncan-jackson.com,Female,18,Other,Systems analyst,IT,2nd Year,8.78,1
Bonnie Kelly,daviskimberly@baker-phillips.com,Male,28,B.E,,ECE,2nd Year,7.77,2
Deborah Cortez,hardinkayla@gmail.com,Male,21,BCA,,Mechanical,3rd Year,7.1,
Elizabeth Watson,sanderson@smith.com,Other,21,MCA,,ECE,1st Year,6.93,2
Robert Vega,hdean@hotmail.com,Male,26,B.Tech,,Mechanical,4th Year,5.5,3+
Justin Oneal,michellerodgers@gamble.org,Other,21,BCA,,ECE,1st Year,5.71,1
Ashley West,jasonmorgan@simpson.info,Other,18,M.Sc,,IT,2nd Year,7.67,3+
Dr. Linda Beck,samuellarson@williams.net,Other,29,B.Sc,,Civil,4th Year,9.2,2
Michael Martinez,edwinlee@gmail.com,Other,22,M.Sc,,CSE,Completed,9.07,3+
Duane Reeves,sgarcia@richardson-peters.com,Male,19,M.Tech,,CSE,2nd Year,7.16,
Anthony Reed,murphyedward@brown-williams.com,Female,23,B.E,,Mechanical,3rd Year,8.59,
Andre Rivas,jefferyferguson@taylor.com,Other,27,BCA,,CSE,1st Year,7.19,1
Martin Howard,paul29@young.com,Female,29,M.Sc,,Mechanical,1st Year,6.11,
Daniel Clay,shawnmiles@hotmail.com,Female,20,M.Tech,,ECE,4th Year,5.4,2
Jonathan Ramirez,catherinewalker@hotmail.com,Male,20,M.Tech,,Electrical,2nd Year,9.64,1
Tammy Nguyen,houstonnicholas@yahoo.com,Male,23,B.Tech,,CSE,3rd Year,7.16,
Cynthia Santos,melissaskinner@gmail.com,Male,27,BCA,,Electrical,1st Year,6.68,2
Bethany Navarro,nicholas95@yahoo.com,Other,24,B.E,,Electrical,Completed,9.44,1
Christopher Perry,cathy60@yahoo.com,Female,26,B.E,,Mechanical,2nd Year,6.2,3+
Steven Tucker,thomaswood@yahoo.com,Male,27,B.E,,Civil,Completed,9.94,2
Richard Tran,ggregory@gmail.com,Other,22,B.Tech,,Electrical,2nd Year,7.7,2
Carolyn Mahoney,nichole84@gmail.com,Other,25,MCA,,Electrical,Completed,5.7,2
Kyle Thomas,allenbrian@yahoo.com,Male,22,BCA,,ECE,4th Year,8.89,3+
Michael Hester,cwilliams@hotmail.com,Other,19,Other,Structural engineer,ECE,2nd Year,7.7,1
Andrew Hampton,carl06@logan.com,Other,23,M.Sc,,Civil,3rd Year,8.53,2
Courtney Thompson,rebeccaclay@gmail.com,Female,30,B.Tech,,IT,4th Year,5.98,1
Sharon Campbell,icooper@yahoo.com,Male,21,M.Tech,,Electrical,4th Year,5.13,3+
Donald Jennings,sgarza@hanson.org,Male,28,B.Sc,,CSE,2nd Year,9.64,3+
Gail Brown,heather61@taylor-norris.biz,Other,30,BCA,,Electrical,3rd Year,7.41,
Adam Martin,heidistanley@howell.com,Other,24,M.Sc,,IT,2nd Year,8.22,2
Jessica Carter,millerjennifer@gmail.com,Other,26,M.Tech,,Mechanical,1st Year,6.44,1
Lance Murphy,ynelson@hotmail.com,Other,20,B.E,,Electrical,3rd Year,6.49,
Kevin Garcia,sarahgonzalez@gmail.com,Other,27,BCA,,Electrical,3rd Year,7.66,
Dalton Williams,matthew16@cunningham-powell.org,Female,28,B.E,,Electrical,Completed,9.92,1
Victoria Solomon,laurahunt@williams-holland.org,Female,20,BCA,,Electrical,4th Year,6.2,
Henry Murphy,todd88@lowe.org,Female,30,BCA,,IT,3rd Year,6.09,1
Stephanie Bray,ofranklin@heath-martinez.com,Male,25,B.Sc,,Mechanical,Completed,7.99,
Jason Gonzalez,leebarbara@edwards-haley.com,Female,30,B.Tech,,IT,1st Year,7.08,1
Holly Grant,mary81@yahoo.com,Other,23,B.Sc,,Mechanical,1st Year,6.9,1
Robert Collier,kimberlyblankenship@kim.com,Male,28,B.Sc,,CSE,4th Year,8.61,1
Rebecca Summers,chrisbraun@yahoo.com,Female,26,B.Tech,,Electrical,3rd Year,8.88,3+
Robert Goodwin,billyfritz@gmail.com,Female,19,B.Tech,,Mechanical,2nd Year,5.68,2
Michael Carey,billygarza@brown.com,Other,23,B.Tech,,CSE,3rd Year,7.43,3+
Anthony Warren,amygutierrez@yahoo.com,Male,27,B.Sc,,Mechanical,2nd Year,9.37,3+
Tommy Montoya,ramosamanda@gmail.com,Female,29,MCA,,CSE,2nd Year,8.02,1
Debra Shaw,connieharris@levy.com,Female,26,MCA,,ECE,2nd Year,9.85,
Jessica Allen,martinluna@hall-jacobs.biz,Other,27,Other,Civil Service administrator,CSE,3rd Year,7.29,3+
Jessica Cummings,erinhoward@cook.com,Female,21,B.E,,Electrical,4th Year,5.4,3+
Jeffrey Davis,vmcneil@hotmail.com,Female,18,B.Tech,,Electrical,1st Year,7.13,
James Perkins,jasminesantos@davis.info,Male,18,B.Tech,,IT,4th Year,6.51,1
Jeffrey Peterson,crossbrittany@duncan-jackson.com,Female,18,Other,Systems analyst,IT,2nd Year,8.78,1
Ashley Mays,nclark@yahoo.com,Male,22,B.E,,Civil,Completed,8.89,
Janet Brown,omorris@moyer.info,Male,25,MCA,,IT,3rd Year,5.62,
Terry Navarro,chad95@ellis.com,Other,30,Other,Dramatherapist,CSE,2nd Year,7.51,2
Carlos Schaefer,george42@maxwell.biz,Male,21,M.Sc,,Civil,Completed,6.55,2
Michelle Herrera,markvazquez@gmail.com,Male,30,BCA,,ECE,2nd Year,6.92,1
David Hernandez,watersjames@gmail.com,Other,22,B.Tech,,Civil,2nd Year,6.8,
Michael Gibbs,stephen62@gmail.com,Male,23,B.Tech,,ECE,2nd Year,5.63,
Christopher Brown,kellycampos@gmail.com,Female,20,M.Tech,,Mechanical,3rd Year,7.52,1
Donald Perry,ronald27@berry.com,Female,30,B.Sc,,IT,1st Year,9.03,
Heidi Brooks,mayrobert@jones-allen.com,Male,28,BCA,,Civil,2nd Year,6.31,2
Christine Harris,reesetimothy@blackwell.biz,Male,25,B.Sc,,Civil,2nd Year,9.15,1
Richard Hunt,walterbrandon@owens-lewis.com,Male,28,BCA,,Civil,Completed,6.33,3+
John Roberts,nhendricks@yahoo.com,Female,23,B.E,,ECE,1st Year,9.66,1
Ashley West,jasonmorgan@simpson.info,Other,18,M.Sc,,IT,2nd Year,7.67,3+
Kathy Walker,kimberly97@gmail.com,Male,21,BCA,,ECE,Completed,8.46,3+
Elizabeth Thomas,laurajones@hotmail.com,Other,29,Other,Insurance claims handler,Electrical,3rd Year,5.79,1
Teresa Le,katherine43@austin.biz,Other,26,M.Tech,,Electrical,4th Year,6.65,
Brian Williams,pricelaura@mckenzie.net,Male,21,M.Sc,,IT,4th Year,5.93,3+
Christopher Richmond,wilsonjoseph@galvan.com,Other,27,B.Tech,,Civil,2nd Year,6.04,1
Jillian Stokes,paul88@weber.com,Male,23,M.Sc,,Mechanical,4th Year,7.18,
Jonathan Jones,zmarshall@ryan.com,Other,24,B.E,,Mechanical,2nd Year,8.91,1
Larry Lane,nicholas26@cook.com,Other,27,MCA,,Mechanical,4th Year,6.5,3+
Joseph Pierce,savannah49@gmail.com,Female,26,BCA,,ECE,1st Year,7.17,3+
Robert Roberts,johnpennington@rodriguez.info,Other,21,M.Sc,,CSE,1st Year,9.99,3+
Marisa Flowers,joy29@yahoo.com,Other,28,Other,Artist,Electrical,2nd Year,6.35,3+
David Garcia,contreraskatie@gmail.com,Male,21,Other,Product manager,IT,4th Year,9.1,2
Timothy White,dcarter@smith.com,Female,19,B.E,,Mechanical,1st Year,7.93,1
Taylor Craig,jacob60@white.org,Male,18,MCA,,CSE,Completed,7.87,3+
Sydney Roberts,elizabetherickson@hall.net,Female,24,B.Tech,,IT,1st Year,6.96,2
Amy Ingram,hartgerald@scott-murray.biz,Other,23,Other,International aid/development worker,IT,1st Year,6.67,2
Timothy Medina,xroth@gmail.com,Male,29,BCA,,IT,3rd Year,8.69,
Jonathan Alexander,duncantim@hotmail.com,Male,24,MCA,,Electrical,4th Year,7.46,2
Erica Moore,mary08@atkinson.com,Other,22,M.Sc,,IT,4th Year,5.47,3+
Cynthia Green,debbie63@miller-pearson.com,Female,28,M.Sc,,Mechanical,1st Year,6.47,2
Christopher Mcgee,sonya75@yahoo.com,Other,27,B.Tech,,ECE,4th Year,8.15,2
Angela Curtis,brandtsally@hotmail.com,Other,19,B.Sc,,Electrical,2nd Year,9.55,
Michael Goodwin,yphillips@hotmail.com,Other,26,B.E,,CSE,3rd Year,8.64,1
Kathleen Leonard,frenchjames@yahoo.com,Other,23,B.Tech,,Mechanical,2nd Year,8.02,1
Todd Orr,gmontgomery@yahoo.com,Female,27,M.Tech,,CSE,4th Year,9.33,2
Katrina Frye,morrisamanda@ramos.com,Other,19,M.Tech,,IT,Completed,6.2,3+
Kaitlyn Wright,tracitownsend@short.org,Other,27,M.Tech,,Electrical,2nd Year,7.79,3+
Joshua Morris,jacobschristopher@gmail.com,Male,21,M.Tech,,CSE,2nd Year,9.32,3+
Angel Bailey,cramirez@abbott.com,Male,30,BCA,,Electrical,3rd Year,9.64,3+
Victoria Sanders,ncook@yahoo.com,Other,20,B.E,,Mechanical,Completed,8.67,
Jeffrey Davis,vmcneil@hotmail.com,Female,18,B.Tech,,Electrical,1st Year,7.13,
Joseph Rodgers,tblankenship@ramirez.biz,Female,18,BCA,,IT,1st Year,6.89,2
Christine Harris,reesetimothy@blackwell.biz,Male,25,B.Sc,,Civil,2nd Year,9.15,1
David Myers,sydneygonzalez@gmail.com,Female,26,Other,Nature conservation officer,IT,1st Year,6.31,3+
John Young,agarza@hotmail.com,Male,27,B.Tech,,Mechanical,1st Year,8.93,1
John Solomon,dmitchell@hotmail.com,Male,29,B.E,,IT,2nd Year,6.27,1
Joshua Chan,ihunt@olson.com,Other,24,MCA,,CSE,4th Year,6.05,2
Omar Greer,powellashley@hill.biz,Male,21,M.Tech,,ECE,1st Year,9.55,3+
Cody Sims,jerrygreen@foley-cox.com,Female,25,B.E,,IT,2nd Year,6.4,2
Steven Holland,fpadilla@nguyen-johnson.com,Other,18,BCA,,Electrical,3rd Year,9.56,2
Alyssa Oneal,xtaylor@cobb-johnson.com,Female,25,BCA,,CSE,Completed,6.56,3+
Larry Bowers,lori52@gmail.com,Other,24,M.Tech,,Electrical,4th Year,6.06,3+
Cindy Watson,ricky53@yahoo.com,Female,25,B.Tech,,IT,Completed,5.63,2
Jason Thomas,gponce@anderson.com,Male,21,M.Sc,,Electrical,2nd Year,9.88,
Heather Tapia,april02@hartman.com,Male,26,B.E,,Electrical,2nd Year,5.97,2
Elizabeth Smith,jamesstephanie@gmail.com,Male,25,B.Tech,,IT,3rd Year,5.03,1
Heather Tapia,april02@hartman.com,Male,26,B.E,,Electrical,2nd Year,5.97,2
Adrian Hunt,mortonandrew@wallace-coleman.org,Other,30,M.Tech,,ECE,4th Year,7.27,3+
Elaine Smith,jasmine11@hotmail.com,Female,28,BCA,,Mechanical,1st Year,6.13,3+
Joseph Jackson,matthew76@gmail.com,Male,29,M.Sc,,CSE,3rd Year,8.14,3+
Joseph Pierce,savannah49@gmail.com,Female,26,BCA,,ECE,1st Year,7.17,3+
Victoria Sutton,julie41@austin.com,Other,27,B.Tech,,ECE,2nd Year,8.26,1
Tammy Jackson,mercedescollins@taylor.biz,Other,21,M.Sc,,CSE,1st Year,7.53,3+
Jon Nelson,carrillojack@vargas.com,Male,27,MCA,,CSE,4th Year,8.8,1
Krystal Clark,bonniecunningham@yahoo.com,Other,30,Other,Recruitment consultant,Electrical,Completed,6.83,2
Dalton Potts,kelly62@yahoo.com,Male,20,B.Sc,,CSE,1st Year,5.93,3+
Debra Peterson,weaverjason@todd-rasmussen.net,Female,21,B.Tech,,Mechanical,1st Year,5.14,1
Amanda Perry,bwalker@hotmail.com,Male,21,B.E,,IT,3rd Year,8.84,2
Toni Brennan,claudia98@yahoo.com,Female,23,MCA,,Civil,3rd Year,8.48,3+
Kristina Hernandez,unelson@gmail.com,Female,21,BCA,,Electrical,Completed,5.17,3+
Kyle Escobar,ericksonstacey@wagner.com,Other,27,MCA,,ECE,3rd Year,5.37,2
Jennifer Mccarty,jamesjames@garcia-thompson.com,Other,30,M.Sc,,IT,Completed,8.24,
Eric Ryan,hinesrebecca@gilbert.com,Male,20,B.Sc,,Electrical,1st Year,6.4,
Bradley Colon,owensrachel@hotmail.com,Male,18,BCA,,IT,1st Year,6.03,2
Wendy Martinez,michaelnelson@cole-taylor.com,Male,22,M.Sc,,Civil,4th Year,6.99,3+
Garrett Blackwell,craigfrancis@gmail.com,Other,29,B.Tech,,Civil,Completed,7.97,2
Scott Phillips,jennifer69@gmail.com,Other,19,M.Sc,,Civil,2nd Year,5.17,
Brian Garner,sweeneydavid@ray-smith.biz,Male,29,M.Sc,,CSE,2nd Year,5.65,
Gary Ellis,haletanya@gmail.com,Other,25,MCA,,Electrical,2nd Year,7.31,
Brandi Davis,fernandowhitney@gmail.com,Female,28,M.Tech,,IT,3rd Year,6.23,1
Katherine Bowers,gmaxwell@hotmail.com,Other,18,B.Sc,,CSE,1st Year,7.72,3+
Sandra Smith,newmancathy@gmail.com,Male,25,Other,Secretary/administrator,Civil,Completed,7.34,2
Sandra Kramer,bethgutierrez@hotmail.com,Male,25,B.Tech,,Civil,3rd Year,6.04,1
Miranda Conrad,jackyoung@gmail.com,Female,27,B.E,,Mechanical,Completed,7.0,3+
Todd Harris MD,mzuniga@hill.com,Female,19,B.E,,Civil,3rd Year,8.83,1
Jason Thomas,gponce@anderson.com,Male,21,M.Sc,,Electrical,2nd Year,9.88,
David Johnson,kmullen@gmail.com,Female,25,M.Tech,,IT,1st Year,5.62,
Jacqueline Briggs,mannjeremy@price.org,Other,20,M.Tech,,Civil,4th Year,9.79,2
Andrea Flores,shannon99@long-gonzalez.com,Other,30,MCA,,CSE,3rd Year,8.13,2
Michael Obrien,christianwilliams@wade.com,Other,19,MCA,,IT,1st Year,6.3,3+
Duane Reeves,sgarcia@richardson-peters.com,Male,19,M.Tech,,CSE,2nd Year,7.16,
Christina Martinez,perryregina@gmail.com,Other,22,B.Sc,,Civil,1st Year,6.96,
Shari Garcia,dustin21@yahoo.com,Other,30,MCA,,Electrical,3rd Year,9.92,3+
Victoria Sanders,ncook@yahoo.com,Other,20,B.E,,Mechanical,Completed,8.67,
Michael Gibbs,stephen62@gmail.com,Male,23,B.Tech,,ECE,2nd Year,5.63,
Diane Griffin,roberthall@valencia.com,Female,21,B.E,,ECE,4th Year,8.96,1
James Humphrey,davisedward@pierce.biz,Other,19,Other,Set designer,ECE,1st Year,6.65,1
Sarah Rivera,charleslopez@hotmail.com,Male,23,Other,Advertising copywriter,Mechanical,1st Year,5.03,1
Paul Mcdonald,roblesjames@yahoo.com,Male,21,B.E,,Mechanical,3rd Year,6.83,1
Rebecca Martinez,jessicahill@stephens-lara.com,Male,30,B.E,,ECE,4th Year,6.87,1
Joshua Hall,bruce72@gmail.com,Other,28,MCA,,Electrical,Completed,6.19,1
Kara Wheeler,richardsbrandy@owens.com,Female,29,BCA,,Mechanical,3rd Year,6.03,2
Troy Merritt,nguyenjoshua@hotmail.com,Other,27,Other,Jewellery designer,Electrical,2nd Year,8.92,
Kayla Jones,paulaortiz@snyder.info,Male,25,BCA,,Mechanical,4th Year,9.32,1
Christine Cain,pattontimothy@gmail.com,Other,25,Other,Hospital doctor,Electrical,1st Year,7.83,2
Heather Farmer,destinyburgess@morgan.info,Male,19,B.E,,ECE,1st Year,7.79,3+
Laurie Phillips,reginakirk@gmail.com,Other,19,M.Tech,,Electrical,4th Year,5.78,3+
Matthew Giles,ikim@yahoo.com,Male,30,BCA,,IT,1st Year,9.54,2
Heather Cruz,vangmonique@jones.info,Male,19,B.E,,Electrical,1st Year,5.26,1
Erin Brown,mario58@gmail.com,Female,23,B.E,,Mechanical,Completed,6.14,
Nathan Reynolds,moralesashley@yahoo.com,Male,21,Other,Merchant navy officer,ECE,1st Year,7.33,1
Jessica Merritt,zcollins@edwards.com,Male,27,M.Sc,,ECE,2nd Year,8.21,3+
Bobby Howell,kimashlee@matthews.info,Male,26,M.Tech,,CSE,1st Year,5.08,3+
Aaron Williams,vanderson@hotmail.com,Female,25,M.Tech,,Electrical,1st Year,6.36,2
Cindy Brown,williamsjessica@hotmail.com,Male,22,Other,Oceanographer,Electrical,1st Year,6.96,3+
Samuel Gilmore,erin65@hotmail.com,Other,18,M.Tech,,CSE,1st Year,5.41,1
Emily Jones,jennifer94@gmail.com,Other,20,B.E,,IT,2nd Year,5.07,1
Kimberly Powell,zjuarez@petersen-hughes.com,Female,18,BCA,,IT,Completed,5.55,3+
John Cox,patrick26@yahoo.com,Male,19,MCA,,ECE,1st Year,5.85,3+
Andrew Butler,gregoryharris@yahoo.com,Other,27,B.Tech,,IT,3rd Year,8.56,3+
Jacob Anderson,julielewis@ferguson.com,Female,18,BCA,,CSE,2nd Year,6.57,3+
Lawrence Moore,katelyn09@green-faulkner.info,Male,21,M.Tech,,Civil,2nd Year,5.65,2
Rebecca Ingram,ysanford@hotmail.com,Other,21,M.Tech,,IT,3rd Year,6.59,3+
Laura Lewis,sherrymyers@jones.com,Female,29,BCA,,Civil,3rd Year,5.32,3+
Louis Santana,victoriaguzman@yahoo.com,Male,23,Other,"Producer, television/film/video",Electrical,4th Year,9.27,3+
Karen Padilla,gavin10@mcclure.net,Other,22,B.Tech,,IT,4th Year,6.43,3+
Katherine Sanchez,vdecker@hotmail.com,Other,24,M.Sc,,IT,4th Year,8.16,3+
Alexander Schneider,cwheeler@gmail.com,Other,25,B.Tech,,CSE,3rd Year,7.13,
Mary Barnes,taylorfrancis@hotmail.com,Male,22,BCA,,CSE,3rd Year,6.47,2
Michelle Brown,lharmon@weaver.com,Male,22,M.Tech,,Electrical,Completed,5.38,2
Charles Mueller,mooremelanie@black.net,Female,22,MCA,,Electrical,3rd Year,9.56,3+
Kevin Webb,kevinmcneil@miller-morton.com,Male,30,B.Sc,,Electrical,4th Year,6.55,2
Clayton Turner,victorgibbs@roberts.biz,Female,22,B.E,,CSE,1st Year,6.0,3+
Laurie Phillips,reginakirk@gmail.com,Other,19,M.Tech,,Electrical,4th Year,5.78,3+
Corey Salinas,xlam@bautista.com,Female,21,Other,"Research officer, political party",IT,1st Year,6.75,3+
Robert Solis,arianahernandez@yahoo.com,Female,28,BCA,,Electrical,1st Year,5.73,
Amy Jensen,madams@walker.com,Other,25,BCA,,CSE,1st Year,5.84,
Hannah Anderson,kathrynbrown@yahoo.com,Male,18,M.Tech,,Electrical,Completed,9.21,
Lauren Morales,zramirez@yahoo.com,Other,30,B.E,,Electrical,3rd Year,9.72,1
Rachael Patterson,ashley16@carter-west.com,Female,30,B.E,,ECE,Completed,7.13,2
Maria Gill,deborahnoble@hotmail.com,Male,27,B.Tech,,Electrical,Completed,9.3,3+
Amy Brown,rachelcook@hotmail.com,Male,26,B.E,,ECE,4th Year,8.14,3+
Emily Moore,katelyn66@hotmail.com,Female,24,B.E,,Electrical,4th Year,9.74,3+
Frank King,philipphillips@terrell.com,Male,23,BCA,,Electrical,2nd Year,8.42,3+
Thomas Gonzales,ychung@yahoo.com,Male,26,Other,Mining engineer,Mechanical,Completed,9.25,
Deanna Richmond,danielle96@yahoo.com,Female,29,Other,Counselling psychologist,Mechanical,Completed,5.21,
Lisa Ferguson,qbriggs@wilson.net,Other,23,B.Sc,,Mechanical,4th Year,5.42,3+
Marisa Flowers,joy29@yahoo.com,Other,28,Other,Artist,Electrical,2nd Year,6.35,3+
Paul Spencer,christinamurphy@crawford.org,Male,18,B.E,,Civil,3rd Year,8.84,1
Catherine Gonzalez,ocole@moody.com,Male,21,B.Sc,,IT,4th Year,7.19,2
Angel Bailey,cramirez@abbott.com,Male,30,BCA,,Electrical,3rd Year,9.64,3+
Heather Farmer,destinyburgess@morgan.info,Male,19,B.E,,ECE,1st Year,7.79,3+
Robert Johnson,yhernandez@harper.com,Male,26,B.Sc,,CSE,1st Year,8.42,2
Anthony Reed,murphyedward@brown-williams.com,Female,23,B.E,,Mechanical,3rd Year,8.59,
Larry Smith,molly46@mason.com,Female,26,BCA,,CSE,4th Year,7.53,2
Martin Howard,paul29@young.com,Female,29,M.Sc,,Mechanical,1st Year,6.11,
Shawn Wiggins,shannon66@yahoo.com,Male,28,B.Sc,,ECE,2nd Year,8.12,
Teresa Kemp,athompson@reynolds.com,Male,28,MCA,,IT,2nd Year,9.0,3+
Patrick Randolph,michael89@werner.biz,Other,20,M.Sc,,Mechanical,2nd Year,5.43,3+
Marisa Flowers,joy29@yahoo.com,Other,28,Other,Artist,Electrical,2nd Year,6.35,3+
Mary Carter,melvin83@barnes.net,Female,23,M.Tech,,Electrical,Completed,5.01,2
Jennifer Torres,michaelkim@spencer-hunter.com,Female,25,Other,Film/video editor,ECE,4th Year,6.11,1
Deborah Cortez,hardinkayla@gmail.com,Male,21,BCA,,Mechanical,3rd Year,7.1,
Amy Herrera,david13@gmail.com,Other,19,BCA,,Civil,Completed,6.16,
Dr. Betty Cunningham,pwilliams@hotmail.com,Other,19,BCA,,IT,3rd Year,9.28,2
Bryan King,sara20@gmail.com,Other,30,Other,Special educational needs teacher,Mechanical,2nd Year,6.47,1
Jose Shaffer,mortonzachary@anderson.org,Female,23,Other,"Scientist, clinical (histocompatibility and immunogenetics)",ECE,4th Year,6.87,1
Deanna Martinez,dgardner@williams.info,Female,21,MCA,,Civil,3rd Year,5.7,1
Jennifer Lopez,rodriguezmatthew@lee.net,Female,27,MCA,,Mechanical,1st Year,9.94,1
Jack Lopez,michellemoore@hotmail.com,Other,23,BCA,,Civil,1st Year,6.73,
Victoria Sanders,ncook@yahoo.com,Other,20,B.E,,Mechanical,Completed,8.67,
Robert Vega,hdean@hotmail.com,Male,26,B.Tech,,Mechanical,4th Year,5.5,3+
Michael Hester,kgarcia@hernandez.info,Other,29,Other,Cytogeneticist,ECE,4th Year,6.63,2
Carlos Schaefer,george42@maxwell.biz,Male,21,M.Sc,,Civil,Completed,6.55,2
Christian Ellis,afowler@yahoo.com,Female,20,BCA,,IT,2nd Year,6.69,3+
Renee Baker,crich@white.biz,Male,29,B.Sc,,CSE,Completed,5.95,2
Brian Leonard,srichards@evans.com,Female,30,B.Tech,,Mechanical,1st Year,6.36,3+
Andrea Coleman,triciaharris@gmail.com,Other,22,M.Tech,,Mechanical,Completed,7.21,3+
Charles Johnson,nmora@short-hernandez.com,Male,29,M.Tech,,Mechanical,3rd Year,8.18,1
Cindy Brown,williamsjessica@hotmail.com,Male,22,Other,Oceanographer,Electrical,1st Year,6.96,3+
Lisa Velazquez,toddchung@henry-lane.com,Male,27,B.E,,CSE,1st Year,7.72,1
Joshua Hernandez,marcus06@david.com,Male,29,B.Tech,,IT,4th Year,7.24,2
Shane Church,swansonkimberly@johnson.net,Other,28,MCA,,CSE,Completed,6.5,
Kenneth Miller,elizabeth15@yahoo.com,Male,23,M.Tech,,IT,4th Year,9.15,1
Tammy Leblanc,bautistacharles@rodriguez.info,Female,26,B.Tech,,CSE,1st Year,8.37,
Amanda Gonzales,ybrennan@webb.com,Female,23,BCA,,IT,1st Year,5.12,
Miranda Conrad,jackyoung@gmail.com,Female,27,B.E,,Mechanical,Completed,7.0,3+
Lisa Phillips,hallcynthia@miller.org,Male,28,MCA,,IT,3rd Year,8.38,3+
Terrence Velasquez,jjohns@ramos.com,Other,28,Other,Control and instrumentation engineer,Mechanical,4th Year,9.77,
Patricia Lewis,kristenchurch@hotmail.com,Other,19,M.Tech,,CSE,1st Year,6.41,3+
Laura Moran,dtran@hotmail.com,Other,29,MCA,,CSE,1st Year,9.2,2
Joshua Green,pjordan@cooper-chavez.biz,Female,18,MCA,,Civil,1st Year,5.85,3+
Lisa Rivas,vlopez@yahoo.com,Other,23,M.Tech,,Civil,4th Year,7.64,
Christina Jackson,johnanderson@gmail.com,Male,18,M.Sc,,Civil,2nd Year,9.71,
Daniel Gonzalez,brian40@gmail.com,Other,21,B.Sc,,ECE,2nd Year,5.39,2
Vanessa Horn,thompsonmary@hotmail.com,Other,26,B.Sc,,ECE,1st Year,9.33,2
Robert West,meganmassey@yahoo.com,Other,27,M.Tech,,Mechanical,4th Year,7.76,1
Jonathan Lindsey,elittle@anderson-velez.com,Male,26,B.Tech,,Mechanical,2nd Year,7.54,1
Michael Mccall,cheryl93@reynolds.com,Other,22,Other,Chief Operating Officer,Civil,1st Year,8.98,3+
Samantha Morgan,ferrellgregory@ray.com,Male,20,B.E,,Mechanical,1st Year,6.74,
Jennifer Lee,chandlertoni@lucas-stephens.org,Female,23,Other,Passenger transport manager,Civil,3rd Year,6.21,2
David Lane,qmartin@yahoo.com,Female,30,Other,Radio producer,Civil,Completed,6.14,2
Karen Hamilton,bfleming@kirby.com,Male,21,M.Tech,,ECE,Completed,9.14,
Roberta Davies,danielsbrett@rojas-edwards.com,Female,18,BCA,,ECE,2nd Year,8.99,
Bradley Whitehead,hevans@gregory.com,Other,23,BCA,,ECE,4th Year,5.64,
Katelyn Graham,ohampton@king.com,Female,18,B.Tech,,CSE,3rd Year,9.82,1
John Cox,patrick26@yahoo.com,Male,19,MCA,,ECE,1st Year,5.85,3+
Kenneth Huynh,shawnbrown@yahoo.com,Other,28,B.Tech,,Electrical,1st Year,9.73,2
Laura Pierce,jamesrussell@gmail.com,Other,23,M.Sc,,CSE,2nd Year,7.41,3+
Margaret Freeman,jasonpearson@gmail.com,Female,20,MCA,,Mechanical,2nd Year,5.84,2
Michele Robles,joannsmith@yahoo.com,Other,24,B.Tech,,IT,Completed,9.3,
Tricia Meadows,pfisher@hotmail.com,Other,30,M.Tech,,Electrical,2nd Year,8.97,
Kimberly Pace,kimberly34@yahoo.com,Female,20,B.E,,CSE,2nd Year,5.15,1
Mark Martinez,mcphersonbrenda@hall.com,Female,19,BCA,,IT,2nd Year,7.89,3+
Lindsey Alexander,hallnancy@smith.org,Male,29,M.Tech,,Mechanical,2nd Year,9.77,
Jeremy Hansen,ashleyjones@gmail.com,Female,23,B.Sc,,IT,4th Year,7.01,2
Lisa Powell,rhonda85@yahoo.com,Male,22,M.Sc,,ECE,4th Year,7.62,
Paul Mcdonald,roblesjames@yahoo.com,Male,21,B.E,,Mechanical,3rd Year,6.83,1
Pamela Carr,ujones@gmail.com,Other,20,BCA,,IT,Completed,5.47,
Adam Gilmore,whitepenny@gmail.com,Other,26,MCA,,CSE,3rd Year,8.57,2
Christopher Perry,cathy60@yahoo.com,Female,26,B.E,,Mechanical,2nd Year,6.2,3+
Justin Humphrey,zdavis@newton.com,Male,24,Other,Seismic interpreter,CSE,4th Year,6.45,
Erica Crawford,williamlawson@massey-taylor.com,Male,22,B.Sc,,CSE,1st Year,9.27,1
Jessica Jarvis,jonshea@jones-williams.com,Other,23,B.Sc,,Civil,Completed,6.85,1
Henry Murphy,todd88@lowe.org,Female,30,BCA,,IT,3rd Year,6.09,1
Emily Moore,katelyn66@hotmail.com,Female,24,B.E,,Electrical,4th Year,9.74,3+
James Acevedo,kroman@holden.biz,Female,28,MCA,,Mechanical,2nd Year,8.41,2
Andre Rivas,jefferyferguson@taylor.com,Other,27,BCA,,CSE,1st Year,7.19,1
Brandon Mendez,nicolaswang@yahoo.com,Male,29,BCA,,Electrical,3rd Year,7.64,1
Ashley Arnold,kyle37@miller-preston.com,Female,28,M.Sc,,Mechanical,3rd Year,6.88,3+
Thomas Chaney,johnsondavid@cunningham.com,Female,26,Other,"Engineer, manufacturing systems",IT,1st Year,9.72,
Justin Humphrey,zdavis@newton.com,Male,24,Other,Seismic interpreter,CSE,4th Year,6.45,
Michael Lopez,lsaunders@yahoo.com,Other,19,M.Tech,,Civil,4th Year,6.93,3+
Wendy Martinez,michaelnelson@cole-taylor.com,Male,22,M.Sc,,Civil,4th Year,6.99,3+
Mark Ramirez,aobrien@sanchez.com,Female,27,B.E,,ECE,1st Year,9.25,
Ruben Bell,rlewis@yahoo.com,Male,22,B.E,,CSE,Completed,9.13,1
Patrick Chambers,pbowen@lee-olson.com,Other,28,B.E,,Civil,3rd Year,7.32,2
Ana Montgomery,mariagay@benson-ortiz.biz,Female,30,M.Sc,,IT,1st Year,7.01,1
John Curry,thomasscott@silva-bowen.com,Other,25,MCA,,IT,1st Year,9.59,
Eric Jones,roycarter@gmail.com,Other,29,MCA,,Mechanical,2nd Year,8.28,1
Charles Mooney,brian43@mccormick.com,Male,29,Other,Ceramics designer,IT,2nd Year,8.18,
Kathleen Murphy,lynn98@hotmail.com,Other,22,MCA,,Civil,3rd Year,6.34,
Holly Grant,mary81@yahoo.com,Other,23,B.Sc,,Mechanical,1st Year,6.9,1
Michele Wilson,meganmoreno@patterson-stevens.com,Female,29,B.E,,IT,2nd Year,9.42,3+
Benjamin Davis,tina40@lowery.com,Male,22,M.Sc,,IT,3rd Year,8.17,3+
John Solomon,dmitchell@hotmail.com,Male,29,B.E,,IT,2nd Year,6.27,1
Joseph Ramirez,yoderlarry@tran.com,Male,25,M.Tech,,IT,1st Year,9.03,2
Monica Taylor,ruth88@gmail.com,Other,23,B.Sc,,Mechanical,2nd Year,6.0,2
Kaitlyn Wright,tracitownsend@short.org,Other,27,M.Tech,,Electrical,2nd Year,7.79,3+
Philip Atkins,terry93@velazquez-dunn.com,Other,24,B.Sc,,Mechanical,2nd Year,6.12,1
Elizabeth Thomas,doyleanthony@gilbert.com,Female,23,B.Sc,,ECE,2nd Year,8.93,2
Amy Moreno,georgealvarez@krause.biz,Female,26,MCA,,IT,4th Year,6.22,2
Tyler White,montgomeryjulia@hotmail.com,Other,26,BCA,,IT,4th Year,6.6,1
Richard Wilson,zmathews@lopez.biz,Male,25,MCA,,ECE,2nd Year,7.8,2
Debra Holland,meaton@hotmail.com,Male,18,B.E,,Electrical,1st Year,7.74,2
James Howell,anna05@gmail.com,Female,30,BCA,,Mechanical,4th Year,7.52,2
Mary Valenzuela,michael69@yahoo.com,Female,23,BCA,,Mechanical,Completed,7.33,1
Ashley Livingston,johnsonaudrey@pierce.org,Other,27,MCA,,IT,2nd Year,5.62,2
Brian Martinez,ihudson@hotmail.com,Female,29,M.Tech,,Electrical,3rd Year,9.03,3+
Lindsay Anderson,michael67@warren-vega.com,Female,23,M.Sc,,ECE,3rd Year,9.87,1
Stacy Martinez,paulfranklin@yahoo.com,Female,30,BCA,,IT,2nd Year,5.94,2
Michael Mccall,cheryl93@reynolds.com,Other,22,Other,Chief Operating Officer,Civil,1st Year,8.98,3+
Heather Richard,brianna30@chang-evans.net,Male,26,BCA,,CSE,3rd Year,6.02,
Andrea Flores,shannon99@long-gonzalez.com,Other,30,MCA,,CSE,3rd Year,8.13,2
Diane Griffin,roberthall@valencia.com,Female,21,B.E,,ECE,4th Year,8.96,1
Johnny Hunt,imarquez@gmail.com,Male,30,B.Sc,,ECE,4th Year,6.17,3+
Sydney Williams,wattsgina@lewis-hodges.info,Other,28,Other,Curator,ECE,3rd Year,5.05,1
Phillip Huerta,joseph85@cruz.net,Female,19,M.Sc,,IT,3rd Year,6.51,2
Raymond Peck,solomonpatricia@monroe.net,Male,21,MCA,,ECE,2nd Year,9.84,
Cindy Watson,ricky53@yahoo.com,Female,25,B.Tech,,IT,Completed,5.63,2
Gabrielle Fields,joshua37@clark-nelson.com,Other,25,B.Sc,,Civil,1st Year,7.46,1
Richard Hunt,walterbrandon@owens-lewis.com,Male,28,BCA,,Civil,Completed,6.33,3+
Maurice Cook,mturner@jones.com,Female,20,M.Sc,,ECE,2nd Year,6.59,3+
William Taylor,mckenziemelissa@hotmail.com,Other,20,B.Sc,,ECE,3rd Year,5.82,
Daniel Gonzalez,brian40@gmail.com,Other,21,B.Sc,,ECE,2nd Year,5.39,2
Carrie Bishop,zolsen@gaines.com,Female,26,B.Sc,,CSE,1st Year,7.44,3+
Karen Lee,lharris@bradley.com,Other,27,B.Sc,,ECE,2nd Year,6.5,1
Nathan Bowers,michaelsellers@trevino-ramirez.com,Male,18,Other,Lawyer,CSE,3rd Year,7.16,1
Kenneth Avery,coxdarren@hernandez.com,Female,26,MCA,,Civil,Completed,7.16,
Troy Merritt,nguyenjoshua@hotmail.com,Other,27,Other,Jewellery designer,Electrical,2nd Year,8.92,
Craig Daniels,allenmallory@yahoo.com,Male,22,M.Sc,,Civil,1st Year,9.72,2
Cheryl Terrell,shannon51@hoover-butler.com,Male,26,B.Tech,,CSE,2nd Year,9.55,1
Alison Hall,johnsonmatthew@brown.com,Male,18,M.Sc,,CSE,1st Year,5.97,3+
Tiffany Smith,cynthia52@cook.com,Male,28,B.Tech,,Mechanical,1st Year,8.79,1
Eric Frost,larry35@gmail.com,Other,25,M.Tech,,ECE,Completed,7.4,1
William Travis,megan66@christensen.com,Male,29,Other,"Surveyor, rural practice",IT,Completed,9.39,1
John Roberts,nhendricks@yahoo.com,Female,23,B.E,,ECE,1st Year,9.66,1
Jillian Collins,griffinjody@hotmail.com,Male,19,MCA,,Civil,2nd Year,5.62,1
David Whitaker,timothykelley@hotmail.com,Female,19,M.Tech,,Civil,2nd Year,9.38,
Bradley Anthony,timothy42@hammond.biz,Female,21,B.Tech,,ECE,2nd Year,5.71,2
Cody Sims,jerrygreen@foley-cox.com,Female,25,B.E,,IT,2nd Year,6.4,2
Heather Johnson,gary28@hotmail.com,Other,23,B.Tech,,ECE,3rd Year,6.87,
Larry Bowers,lori52@gmail.com,Other,24,M.Tech,,Electrical,4th Year,6.06,3+
Sharon Colon,zimmermandawn@gmail.com,Other,24,B.Sc,,CSE,3rd Year,9.84,
Michael Lee,evankim@hotmail.com,Female,25,Other,"Sales professional, IT",Electrical,1st Year,7.49,1
Kelly Torres,kyle61@smith.com,Male,28,M.Sc,,CSE,3rd Year,8.99,2
Brian Garner,sweeneydavid@ray-smith.biz,Male,29,M.Sc,,CSE,2nd Year,5.65,
Tina Tucker,zwhite@yahoo.com,Female,18,BCA,,CSE,Completed,7.4,2
Mr. Sean Bowers,dennishogan@yahoo.com,Male,22,MCA,,Civil,3rd Year,9.87,2
Kimberly Vazquez,amanda97@herman.com,Male,25,MCA,,Civil,2nd Year,9.93,3+
Dustin Jones,kathleen27@gmail.com,Other,22,M.Tech,,ECE,Completed,8.8,2
Jeffery Lane,ashley72@yahoo.com,Female,22,B.E,,Electrical,Completed,9.02,2
Susan Hunt,johnsonyesenia@hotmail.com,Male,19,MCA,,Electrical,1st Year,9.97,2
Jennifer Torres,michaelkim@spencer-hunter.com,Female,25,Other,Film/video editor,ECE,4th Year,6.11,1
Antonio Garcia,petersana@gmail.com,Male,26,MCA,,ECE,Completed,5.08,2
Cynthia Santos,melissaskinner@gmail.com,Male,27,BCA,,Electrical,1st Year,6.68,2
Penny Mitchell,patricksimpson@sandoval.com,Other,29,M.Sc,,Electrical,1st Year,7.46,1
Jessica Jackson,carlosenglish@perez.com,Female,19,Other,Adult guidance worker,Civil,Completed,8.77,
Courtney Byrd MD,ellisonmarilyn@smith.com,Female,25,B.Tech,,Electrical,Completed,8.59,
Michael Obrien,christianwilliams@wade.com,Other,19,MCA,,IT,1st Year,6.3,3+
Antonio Garcia,petersana@gmail.com,Male,26,MCA,,ECE,Completed,5.08,2
Patrick Davis,kaylarobertson@hotmail.com,Other,29,Other,Herbalist,ECE,4th Year,5.61,
Kathryn Freeman,alexanderlambert@martin.net,Other,22,M.Sc,,ECE,2nd Year,5.22,
Kathy White,james99@hotmail.com,Female,20,B.Sc,,CSE,4th Year,9.2,1
Kenneth Huynh,shawnbrown@yahoo.com,Other,28,B.Tech,,Electrical,1st Year,9.73,2
Daniel Gonzalez,brian40@gmail.com,Other,21,B.Sc,,ECE,2nd Year,5.39,2
Adam Martin,heidistanley@howell.com,Other,24,M.Sc,,IT,2nd Year,8.22,2
Samantha Ramsey,kellyking@gmail.com,Male,22,B.Sc,,Civil,Completed,7.8,1
Amy Jensen,madams@walker.com,Other,25,BCA,,CSE,1st Year,5.84,
Shawna Boone,shelley13@foster-lopez.com,Male,30,Other,Writer,IT,Completed,5.27,1
Susan Le,daniel91@carr.org,Female,29,M.Sc,,Electrical,4th Year,6.62,2
Mrs. Mariah Randall DDS,eric44@morgan.com,Female,26,Other,Agricultural engineer,Mechanical,1st Year,5.39,2
Cathy Cox,johnsonashley@hotmail.com,Male,25,B.E,,ECE,Completed,5.13,3+
Lee Jones,stevewilliams@pierce-kane.com,Other,25,B.Tech,,Mechanical,2nd Year,5.87,1
Susan Murphy,brandylynch@thomas-hughes.info,Male,23,M.Tech,,Civil,3rd Year,8.13,2
Toni Brennan,claudia98@yahoo.com,Female,23,MCA,,Civil,3rd Year,8.48,3+
Kayla Jones,reginatucker@hotmail.com,Other,26,B.E,,Civil,Completed,7.13,1
Kathryn Cole,snyderstephanie@reese.info,Male,26,MCA,,Civil,4th Year,6.69,3+
Amy Welch,dweber@yahoo.com,Male,26,B.E,,Civil,4th Year,5.95,
Mr. Zachary Green,cbrown@walters.com,Male,18,M.Tech,,Civil,4th Year,6.35,1
Frances Oneill,valentineallen@gmail.com,Female,30,B.Sc,,CSE,2nd Year,5.72,
Gabrielle Fields,joshua37@clark-nelson.com,Other,25,B.Sc,,Civil,1st Year,7.46,1
Heather Johnson,gary28@hotmail.com,Other,23,B.Tech,,ECE,3rd Year,6.87,
Troy Erickson,bromero@watson.net,Male,25,B.Tech,,Electrical,3rd Year,5.67,2
Kelly Terry,klee@vasquez-johnson.info,Female,27,BCA,,CSE,1st Year,8.05,3+
Chelsea Choi,twilson@acosta.com,Male,20,MCA,,CSE,Completed,5.83,1
Catherine Gonzalez,ocole@moody.com,Male,21,B.Sc,,IT,4th Year,7.19,2
Monique Burns,tammystephens@hotmail.com,Male,25,B.Sc,,CSE,2nd Year,9.3,2
Shelly Vang,gortega@gmail.com,Male,21,M.Sc,,IT,3rd Year,5.05,1
Daniel Collins,watkinsjanet@yahoo.com,Female,27,B.Tech,,ECE,1st Year,8.86,2
Amy Beck,anne86@hotmail.com,Male,19,BCA,,Electrical,4th Year,7.26,1
Justin Simpson,millernicholas@leon.com,Male,18,BCA,,ECE,Completed,8.14,3+
Ariana Moore,carteranthony@hotmail.com,Other,23,BCA,,Civil,4th Year,9.86,2
Madison Walters,ronaldlittle@rodriguez.biz,Female,21,M.Tech,,CSE,1st Year,6.34,2
Lindsey Alexander,hallnancy@smith.org,Male,29,M.Tech,,Mechanical,2nd Year,9.77,
Eric Davis,kimberlyyoung@gmail.com,Male,24,M.Sc,,Civil,1st Year,8.4,2
David Baker,tylerstevenson@hotmail.com,Male,30,M.Tech,,Mechanical,2nd Year,9.63,
Scott Phillips,jennifer69@gmail.com,Other,19,M.Sc,,Civil,2nd Year,5.17,
Wyatt Coleman,sroberts@cummings-taylor.com,Female,20,B.Sc,,Civil,3rd Year,6.52,
Anthony Cabrera,melissa53@yahoo.com,Other,20,B.Tech,,Electrical,1st Year,7.62,1
Philip Perez,beardtanya@wolf-obrien.com,Male,26,Other,Art therapist,ECE,2nd Year,7.03,
Brian Martinez,ihudson@hotmail.com,Female,29,M.Tech,,Electrical,3rd Year,9.03,3+
Angel Bailey,cramirez@abbott.com,Male,30,BCA,,Electrical,3rd Year,9.64,3+
Brandy Jones,berrytaylor@mccann.com,Male,29,M.Sc,,IT,1st Year,5.27,1
Shannon Serrano,fwright@yahoo.com,Other,30,Other,Actuary,Mechanical,Completed,5.73,3+
Amanda Carrillo,andersoncharles@hernandez-brown.net,Other,21,Other,Nature conservation officer,Electrical,Completed,9.56,3+
Mark Martinez,mcphersonbrenda@hall.com,Female,19,BCA,,IT,2nd Year,7.89,3+
Jennifer Tate,jeremy64@lee.info,Female,25,BCA,,CSE,3rd Year,8.7,1
Kelly Terry,klee@vasquez-johnson.info,Female,27,BCA,,CSE,1st Year,8.05,3+
Pamela Osborne,shannon70@williams.com,Other,30,M.Sc,,Civil,1st Year,7.15,3+
Matthew Mitchell,umartin@tran.com,Other,30,Other,Learning disability nurse,IT,1st Year,9.38,3+
Ashley Mays,nclark@yahoo.com,Male,22,B.E,,Civil,Completed,8.89,
Jason Maldonado,youngmike@young-murray.org,Female,29,B.E,,Electrical,1st Year,9.92,
Alicia Foley,kathryndavis@matthews.com,Female,23,M.Tech,,IT,1st Year,7.92,
Angel West,gclark@hotmail.com,Male,29,B.E,,CSE,Completed,7.81,1
Kathy Palmer,patricia55@yahoo.com,Female,28,MCA,,Electrical,Completed,9.64,
Amanda Carrillo,andersoncharles@hernandez-brown.net,Other,21,Other,Nature conservation officer,Electrical,Completed,9.56,3+
Shane Church,swansonkimberly@johnson.net,Other,28,MCA,,CSE,Completed,6.5,
Andrea Gibson,johnsonjoseph@hart-hayes.net,Other,23,B.Tech,,Mechanical,3rd Year,7.83,2
Aaron Mccormick,robertgraham@price-camacho.com,Female,30,MCA,,Electrical,3rd Year,5.85,3+
Russell Lowe,keithwilliams@duncan.com,Male,26,Other,Regulatory affairs officer,Mechanical,Completed,5.69,
Brian Gutierrez,walterbarnes@dickson.info,Female,23,M.Sc,,CSE,1st Year,5.59,
Karen Hamilton,bfleming@kirby.com,Male,21,M.Tech,,ECE,Completed,9.14,
Justin Hudson,morganeric@cohen.org,Other,24,M.Tech,,CSE,3rd Year,9.67,3+
Adrian Hunt,mortonandrew@wallace-coleman.org,Other,30,M.Tech,,ECE,4th Year,7.27,3+
Carrie Ayala,ariana57@cobb.com,Female,19,M.Sc,,ECE,1st Year,7.38,
Devin Woods,thompsonsarah@goodwin-brown.info,Male,27,M.Sc,,Civil,2nd Year,9.13,3+
Mark Ramirez,aobrien@sanchez.com,Female,27,B.E,,ECE,1st Year,9.25,
Richard Hunt,walterbrandon@owens-lewis.com,Male,28,BCA,,Civil,Completed,6.33,3+
Robert Collier,kimberlyblankenship@kim.com,Male,28,B.Sc,,CSE,4th Year,8.61,1
Mikayla Palmer,smithdiana@leach.com,Male,27,Other,"Teacher, English as a foreign language",ECE,4th Year,5.78,2
Joe Johnson,ysmith@hotmail.com,Male,20,M.Sc,,ECE,Completed,8.13,
Robert Alexander,michael88@gmail.com,Other,23,B.Sc,,Mechanical,1st Year,9.93,1
Paul Spencer,christinamurphy@crawford.org,Male,18,B.E,,Civil,3rd Year,8.84,1
Victoria Sanders,ncook@yahoo.com,Other,20,B.E,,Mechanical,Completed,8.67,
Eric Ryan,hinesrebecca@gilbert.com,Male,20,B.Sc,,Electrical,1st Year,6.4,
Todd Schneider,rdean@yahoo.com,Other,27,BCA,,Civil,1st Year,9.4,2
Jason Davis,tammy09@gross.com,Female,27,B.Sc,,IT,Completed,7.37,3+
Elaine Smith,jasmine11@hotmail.com,Female,28,BCA,,Mechanical,1st Year,6.13,3+
Benjamin Stone,richardcooper@hotmail.com,Other,20,M.Tech,,Mechanical,1st Year,9.17,
David Ramirez,mphillips@johnson.com,Female,27,M.Sc,,CSE,1st Year,7.89,
Edward Scott,angelaroberts@gmail.com,Female,24,M.Tech,,CSE,1st Year,6.9,2
Christopher Kim,sherry76@alexander.info,Other,21,Other,Consulting civil engineer,ECE,4th Year,9.38,
Donald Jennings,sgarza@hanson.org,Male,28,B.Sc,,CSE,2nd Year,9.64,3+
Michael Gomez,micheleliu@yahoo.com,Male,21,B.Tech,,Mechanical,2nd Year,5.46,
David Johnson,kmullen@gmail.com,Female,25,M.Tech,,IT,1st Year,5.62,
James Jones,arthur77@hotmail.com,Female,27,Other,Advertising copywriter,ECE,3rd Year,7.36,1
Cynthia Mayo,urodriguez@yahoo.com,Male,30,Other,"Journalist, broadcasting",IT,1st Year,6.22,3+
Thomas Gill,rachel05@allen.com,Other,26,MCA,,IT,Completed,6.46,2
Misty Phillips,griffinlaurie@hill.com,Other,30,M.Sc,,CSE,1st Year,6.65,2
Debra Holland,meaton@hotmail.com,Male,18,B.E,,Electrical,1st Year,7.74,2
Kelli Jones,alexander19@mercado.com,Female,20,Other,Chartered accountant,Civil,1st Year,8.19,
Catherine Gonzalez,ocole@moody.com,Male,21,B.Sc,,IT,4th Year,7.19,2
Jennifer Wilson,imercado@york.info,Female,18,M.Sc,,Civil,Completed,8.35,1
Thomas Winters,lnelson@yahoo.com,Other,26,B.Sc,,Electrical,2nd Year,6.78,1
Ryan Garrison,gpowell@moore.com,Other,22,M.Tech,,ECE,Completed,7.33,1
Timothy Richards,sototimothy@day-reed.com,Other,19,B.E,,Mechanical,2nd Year,5.69,1
Henry Murphy,todd88@lowe.org,Female,30,BCA,,IT,3rd Year,6.09,1
Angela Johnson,yhunt@hotmail.com,Other,28,B.Sc,,Civil,4th Year,7.93,
Matthew Giles,ikim@yahoo.com,Male,30,BCA,,IT,1st Year,9.54,2
Joshua Chan,ihunt@olson.com,Other,24,MCA,,CSE,4th Year,6.05,2
Donald Perry,ronald27@berry.com,Female,30,B.Sc,,IT,1st Year,9.03,
Mikayla Palmer,smithdiana@leach.com,Male,27,Other,"Teacher, English as a foreign language",ECE,4th Year,5.78,2
Robert Rocha,johnanderson@farley.com,Female,21,Other,Air broker,Electrical,Completed,8.69,1
Tim James,diazjamie@hotmail.com,Other,26,Other,Learning mentor,Civil,3rd Year,8.02,3+
Jonathan Jones,zmarshall@ryan.com,Other,24,B.E,,Mechanical,2nd Year,8.91,1
Amber Winters,fwilliams@hotmail.com,Female,27,B.Tech,,Mechanical,3rd Year,7.72,1
Jennifer Wilson,imercado@york.info,Female,18,M.Sc,,Civil,Completed,8.35,1
Deborah Oconnor,pottersteven@coffey-hess.biz,Female,26,Other,Network engineer,Electrical,Completed,9.76,2
Paul Spencer,christinamurphy@crawford.org,Male,18,B.E,,Civil,3rd Year,8.84,1
Teresa Mcdonald,cpowell@yahoo.com,Male,23,M.Sc,,Civil,Completed,6.73,3+
Andrea Flores,shannon99@long-gonzalez.com,Other,30,MCA,,CSE,3rd Year,8.13,2
Michele Robles,joannsmith@yahoo.com,Other,24,B.Tech,,IT,Completed,9.3,
Cassandra Greene,spencer08@wallace.biz,Female,28,B.E,,Electrical,2nd Year,7.94,2
Janet Thomas,michael31@gmail.com,Other,29,B.Tech,,IT,4th Year,6.02,
Rebecca Martinez,jessicahill@stephens-lara.com,Male,30,B.E,,ECE,4th Year,6.87,1
Christina Jackson,johnanderson@gmail.com,Male,18,M.Sc,,Civil,2nd Year,9.71,
Alexandria Townsend,uprince@lopez.net,Male,19,B.Tech,,Electrical,3rd Year,9.94,1
Jeffrey Davis,vmcneil@hotmail.com,Female,18,B.Tech,,Electrical,1st Year,7.13,
Sarah Rivera,charleslopez@hotmail.com,Male,23,Other,Advertising copywriter,Mechanical,1st Year,5.03,1
Adam Beck,elarson@owens-mitchell.com,Male,25,M.Tech,,IT,Completed,5.72,2
Jeffrey Ramirez,obooth@bishop.com,Other,27,MCA,,ECE,2nd Year,7.23,2
Kenneth Hunter,wendy91@sanchez.com,Other,25,MCA,,IT,3rd Year,8.23,1
Charles Mueller,mooremelanie@black.net,Female,22,MCA,,Electrical,3rd Year,9.56,3+
Larry Lane,nicholas26@cook.com,Other,27,MCA,,Mechanical,4th Year,6.5,3+
Patrick Bennett,uheath@hotmail.com,Other,24,B.Tech,,IT,2nd Year,5.52,3+
Ariel Davis,wrightcraig@yahoo.com,Female,19,BCA,,ECE,4th Year,6.4,
Nancy Gillespie,john47@allen-santana.info,Female,20,Other,"Surveyor, building",Civil,3rd Year,8.67,
Heidi Fisher,vincentcruz@dudley-jenkins.net,Female,23,Other,Theatre stage manager,CSE,1st Year,6.96,
James Mccarty,gbates@yahoo.com,Female,18,B.Tech,,CSE,3rd Year,7.47,
Cody Sims,jerrygreen@foley-cox.com,Female,25,B.E,,IT,2nd Year,6.4,2
James Young,gadams@campbell.net,Male,21,Other,Clinical research associate,CSE,3rd Year,5.41,3+
Thomas Gonzales,ychung@yahoo.com,Male,26,Other,Mining engineer,Mechanical,Completed,9.25,
Kyle Escobar,ericksonstacey@wagner.com,Other,27,MCA,,ECE,3rd Year,5.37,2
Michael Williams,unelson@hotmail.com,Male,25,MCA,,ECE,Completed,9.13,
Bradley Anthony,timothy42@hammond.biz,Female,21,B.Tech,,ECE,2nd Year,5.71,2
James Williams,davisrichard@hotmail.com,Female,29,Other,"Engineer, communications",Mechanical,1st Year,8.99,3+
Amanda Garrett,samuel97@lopez-johns.com,Male,19,MCA,,IT,4th Year,6.69,2
Jennifer Wilson,imercado@york.info,Female,18,M.Sc,,Civil,Completed,8.35,1
Monica Taylor,ruth88@gmail.com,Other,23,B.Sc,,Mechanical,2nd Year,6.0,2
Jonathan Lindsey,elittle@anderson-velez.com,Male,26,B.Tech,,Mechanical,2nd Year,7.54,1
Elizabeth Campbell,hellis@joseph-nolan.org,Male,27,Other,Interpreter,Civil,Completed,6.03,1
Tammy Henson,carlos11@yahoo.com,Female,18,B.Sc,,Civil,3rd Year,7.86,2
William Keller,floresjavier@blankenship-mann.com,Female,27,B.Sc,,Electrical,4th Year,6.37,3+
Diane Proctor,michelle79@carr.info,Male,28,M.Tech,,Civil,3rd Year,6.34,3+
Andrea Elliott,twhite@salazar.info,Female,23,M.Tech,,Civil,1st Year,8.39,
Michelle Garcia,lambellen@rodgers-cervantes.com,Other,28,BCA,,Civil,Completed,8.07,3+
Deborah Oconnor,pottersteven@coffey-hess.biz,Female,26,Other,Network engineer,Electrical,Completed,9.76,2
Catherine Gonzalez,ocole@moody.com,Male,21,B.Sc,,IT,4th Year,7.19,2
Joseph Serrano,charleswest@turner-cole.com,Female,20,M.Tech,,ECE,4th Year,5.77,
Jason Ayala,kim99@huynh-jacobs.com,Female,21,B.Sc,,Mechanical,4th Year,5.23,1
Catherine Gonzalez,ocole@moody.com,Male,21,B.Sc,,IT,4th Year,7.19,2
Christine Cain,pattontimothy@gmail.com,Other,25,Other,Hospital doctor,Electrical,1st Year,7.83,2
Andrew Munoz,cholloway@harrison-villarreal.org,Male,28,B.Tech,,CSE,4th Year,6.65,
Eric Hayes,lowejeffrey@gmail.com,Other,20,B.Sc,,ECE,4th Year,6.69,
Jeff Stephens,vmartinez@hotmail.com,Female,22,B.Tech,,Civil,4th Year,5.6,1
Michael Williams,unelson@hotmail.com,Male,25,MCA,,ECE,Completed,9.13,
Elizabeth Campbell,hellis@joseph-nolan.org,Male,27,Other,Interpreter,Civil,Completed,6.03,1
Victor Mcmahon,omorgan@yahoo.com,Other,25,B.Tech,,ECE,1st Year,9.05,3+
Megan Simmons,amywest@rodgers.biz,Other,19,Other,"Nurse, mental health",CSE,3rd Year,7.37,2
Laurie Phillips,reginakirk@gmail.com,Other,19,M.Tech,,Electrical,4th Year,5.78,3+
Ashley Livingston,johnsonaudrey@pierce.org,Other,27,MCA,,IT,2nd Year,5.62,2
Pamela Long,richard79@esparza.com,Female,23,BCA,,IT,Completed,5.73,2
Amy Welch,dweber@yahoo.com,Male,26,B.E,,Civil,4th Year,5.95,
Kelly Torres,kyle61@smith.com,Male,28,M.Sc,,CSE,3rd Year,8.99,2
Amy Welch,dweber@yahoo.com,Male,26,B.E,,Civil,4th Year,5.95,
Henry Murphy,todd88@lowe.org,Female,30,BCA,,IT,3rd Year,6.09,1
Brian Williams,pricelaura@mckenzie.net,Male,21,M.Sc,,IT,4th Year,5.93,3+
Erin Hammond,emilymontgomery@hotmail.com,Female,24,B.Tech,,CSE,Completed,6.02,
Matthew Yoder,qyoung@gmail.com,Female,26,B.E,,Civil,4th Year,9.77,3+
Jessica Merritt,zcollins@edwards.com,Male,27,M.Sc,,ECE,2nd Year,8.21,3+
Sydney Roberts,elizabetherickson@hall.net,Female,24,B.Tech,,IT,1st Year,6.96,2
Johnny Hunt,imarquez@gmail.com,Male,30,B.Sc,,ECE,4th Year,6.17,3+
Wyatt Coleman,sroberts@cummings-taylor.com,Female,20,B.Sc,,Civil,3rd Year,6.52,
Christina Jackson,johnanderson@gmail.com,Male,18,M.Sc,,Civil,2nd Year,9.71,
Stephanie Bray,ofranklin@heath-martinez.com,Male,25,B.Sc,,Mechanical,Completed,7.99,
Mark Martinez,mcphersonbrenda@hall.com,Female,19,BCA,,IT,2nd Year,7.89,3+
Melanie Miranda,rodriguezmatthew@watts-andrews.com,Male,30,Other,"Engineer, site",IT,1st Year,5.77,2
Michael Carey,billygarza@brown.com,Other,23,B.Tech,,CSE,3rd Year,7.43,3+
Patrick Davis,kaylarobertson@hotmail.com,Other,29,Other,Herbalist,ECE,4th Year,5.61,
Andrew Stanley,vmolina@reyes.info,Other,19,MCA,,Electrical,4th Year,5.82,1
Jack Lopez,michellemoore@hotmail.com,Other,23,BCA,,Civil,1st Year,6.73,
Toni Brennan,claudia98@yahoo.com,Female,23,MCA,,Civil,3rd Year,8.48,3+
Ana Montgomery,mariagay@benson-ortiz.biz,Female,30,M.Sc,,IT,1st Year,7.01,1
Gabriel Ayers,jeremy48@yahoo.com,Female,19,Other,"Clinical scientist, histocompatibility and immunogenetics",Electrical,2nd Year,6.19,1
William Taylor,mckenziemelissa@hotmail.com,Other,20,B.Sc,,ECE,3rd Year,5.82,
Jacqueline Briggs,mannjeremy@price.org,Other,20,M.Tech,,Civil,4th Year,9.79,2
Jeanne Cohen,carolwagner@williams-wright.biz,Male,24,B.E,,Civil,2nd Year,8.26,3+
Erik Rogers,wbright@yahoo.com,Male,24,B.Sc,,Electrical,3rd Year,7.99,
Erik Matthews,anthonyandrew@white.info,Other,22,MCA,,Mechanical,Completed,6.88,2
Joshua Smith,jessica64@ochoa-holmes.org,Other,28,Other,Race relations officer,IT,Completed,8.25,1
Joseph Curry,robertsharp@tyler.org,Female,26,BCA,,Civil,3rd Year,5.79,2
Suzanne Diaz,calvingriffin@ortiz.info,Other,18,MCA,,Mechanical,Completed,6.32,1
Jennifer Berry,williamsanders@hotmail.com,Female,24,Other,"Social research officer, government",Mechanical,4th Year,8.68,3+
Morgan Patton,cooperanna@hotmail.com,Female,26,M.Tech,,ECE,2nd Year,9.43,2
Michael Obrien,christianwilliams@wade.com,Other,19,MCA,,IT,1st Year,6.3,3+
Paul Mcdonald,roblesjames@yahoo.com,Male,21,B.E,,Mechanical,3rd Year,6.83,1
Shane Church,swansonkimberly@johnson.net,Other,28,MCA,,CSE,Completed,6.5,
Richard Houston,ygallagher@yahoo.com,Male,29,Other,"Designer, exhibition/display",Electrical,2nd Year,5.39,3+
Marilyn Perez,elizabethgarner@gmail.com,Female,23,Other,Advertising art director,Electrical,Completed,6.02,1
Joshua Morris,jacobschristopher@gmail.com,Male,21,M.Tech,,CSE,2nd Year,9.32,3+
Jennifer Mccarty,jamesjames@garcia-thompson.com,Other,30,M.Sc,,IT,Completed,8.24,
Eric Frost,larry35@gmail.com,Other,25,M.Tech,,ECE,Completed,7.4,1
William Ballard,fjohnson@hotmail.com,Other,24,B.E,,ECE,2nd Year,7.79,
Kristopher Gonzalez,harveynathan@kline.com,Other,25,M.Tech,,CSE,3rd Year,8.18,3+
Nicole Sharp,omiranda@rush.com,Other,24,BCA,,Mechanical,2nd Year,9.78,1
Samantha Francis,peggyferguson@mcdaniel-adams.org,Other,27,Other,Photographer,CSE,2nd Year,8.33,
Cheryl Terrell,shannon51@hoover-butler.com,Male,26,B.Tech,,CSE,2nd Year,9.55,1
Chris Myers,donna53@hotmail.com,Female,30,B.Tech,,CSE,4th Year,5.32,
Tyler Levy,geraldcooper@walker-rodriguez.biz,Female,28,B.Tech,,Mechanical,Completed,7.82,3+
Kelly Torres,kyle61@smith.com,Male,28,M.Sc,,CSE,3rd Year,8.99,2
Robert Johnson,yhernandez@harper.com,Male,26,B.Sc,,CSE,1st Year,8.42,2
Tara Allen,russellstafford@hotmail.com,Other,29,M.Tech,,CSE,1st Year,7.94,2
Andrew Hampton,carl06@logan.com,Other,23,M.Sc,,Civil,3rd Year,8.53,2
Diane Griffin,roberthall@valencia.com,Female,21,B.E,,ECE,4th Year,8.96,1
Heather Cruz,vangmonique@jones.info,Male,19,B.E,,Electrical,1st Year,5.26,1
Anthony Mckay,nevans@todd.com,Male,23,M.Sc,,IT,2nd Year,6.26,2
Sarah Rivera,charleslopez@hotmail.com,Male,23,Other,Advertising copywriter,Mechanical,1st Year,5.03,1
Brian Johnson,michaelmaddox@brennan.com,Male,23,Other,General practice doctor,IT,2nd Year,7.38,3+
Patrick Chambers,pbowen@lee-olson.com,Other,28,B.E,,Civil,3rd Year,7.32,2
Dr. John Galvan,wmartin@davis-aguilar.com,Other,23,MCA,,IT,3rd Year,9.54,1
Michael Mercer,smithmatthew@banks.com,Female,26,B.E,,Electrical,4th Year,8.78,
Alexis Bush,dscott@villa.biz,Other,28,B.Tech,,IT,Completed,5.31,1
Robert Roberts,johnpennington@rodriguez.info,Other,21,M.Sc,,CSE,1st Year,9.99,3+
Amber Yates,adriana83@yahoo.com,Female,21,MCA,,CSE,1st Year,8.79,3+
Diane Proctor,michelle79@carr.info,Male,28,M.Tech,,Civil,3rd Year,6.34,3+
Cynthia Parker,pattongary@kelly.com,Female,25,B.E,,Mechanical,1st Year,8.59,3+
Jessica Miller,donaldmartinez@cobb.com,Male,18,Other,Dramatherapist,CSE,3rd Year,8.5,2
Alejandra Campbell,megan21@hotmail.com,Female,18,M.Sc,,Mechanical,3rd Year,6.01,3+
Jennifer King,reyesjonathan@turner-wells.net,Other,28,M.Tech,,ECE,2nd Year,8.92,1
Tiffany Smith,cynthia52@cook.com,Male,28,B.Tech,,Mechanical,1st Year,8.79,1
Jason Ayala,kim99@huynh-jacobs.com,Female,21,B.Sc,,Mechanical,4th Year,5.23,1
Robert Roberson,knightabigail@hotmail.com,Other,22,M.Tech,,Electrical,3rd Year,7.08,
Tiffany Williams,meyerjulian@quinn-kelley.com,Male,26,B.Tech,,Electrical,Completed,7.82,1
Jose Walls,aaronpeterson@shelton.com,Female,30,Other,Lobbyist,IT,4th Year,5.06,3+
Rebecca Martinez,jessicahill@stephens-lara.com,Male,30,B.E,,ECE,4th Year,6.87,1
Ariana Moore,carteranthony@hotmail.com,Other,23,BCA,,Civil,4th Year,9.86,2
Michael Norman,juan00@gmail.com,Female,23,B.Sc,,Civil,1st Year,6.91,3+
Casey Nguyen,ndyer@turner-leon.com,Other,26,B.E,,Civil,1st Year,7.8,
Adam Martin,heidistanley@howell.com,Other,24,M.Sc,,IT,2nd Year,8.22,2
Paige White,sandra12@yahoo.com,Other,18,BCA,,Civil,2nd Year,7.66,
Deborah Thompson DDS,jacksonheather@forbes-stone.com,Female,30,Other,Warden/ranger,Electrical,4th Year,6.51,1
John Cox,patrick26@yahoo.com,Male,19,MCA,,ECE,1st Year,5.85,3+
Donna Mcintyre,athomas@wright.org,Female,28,M.Tech,,IT,4th Year,6.75,2
Kevin Green,bradmurphy@bishop.biz,Female,21,B.E,,Mechanical,3rd Year,5.46,3+
Melissa Harris,greenlori@gmail.com,Female,20,B.Tech,,Mechanical,2nd Year,6.95,2
Susan Le,ojackson@smith.com,Other,26,B.Tech,,Mechanical,2nd Year,8.27,1
Adam Sutton,mark42@stevens.com,Male,23,B.E,,Mechanical,4th Year,8.89,1
Tom Porter,jonesbrianna@gmail.com,Other,29,Other,"Librarian, public",Mechanical,1st Year,9.32,
Todd Salas,brianreese@thomas.com,Other,22,B.Sc,,IT,2nd Year,7.94,1
Karen Padilla,gavin10@mcclure.net,Other,22,B.Tech,,IT,4th Year,6.43,3+
Jamie Reese,jessicadickson@perez-rodriguez.com,Male,25,BCA,,Civil,1st Year,8.86,2
Allison Rodgers,lbenjamin@contreras-english.com,Male,22,B.Sc,,Mechanical,3rd Year,9.48,2
Steven Tucker,thomaswood@yahoo.com,Male,27,B.E,,Civil,Completed,9.94,2
Katherine Bowers,gmaxwell@hotmail.com,Other,18,B.Sc,,CSE,1st Year,7.72,3+
James Acevedo,kroman@holden.biz,Female,28,MCA,,Mechanical,2nd Year,8.41,2
Linda Wolf,jilllopez@salas.net,Female,30,MCA,,CSE,Completed,9.96,
Amanda Gonzales,ybrennan@webb.com,Female,23,BCA,,IT,1st Year,5.12,
Lisa Velazquez,toddchung@henry-lane.com,Male,27,B.E,,CSE,1st Year,7.72,1
Mathew Smith,grahamryan@montgomery-dawson.com,Other,26,M.Sc,,CSE,Completed,9.25,2
Benjamin Davis,tina40@lowery.com,Male,22,M.Sc,,IT,3rd Year,8.17,3+
Jennifer Lee,millerjeffrey@roberson.net,Female,20,Other,Petroleum engineer,Mechanical,Completed,6.88,3+
Robert Goodwin,billyfritz@gmail.com,Female,19,B.Tech,,Mechanical,2nd Year,5.68,2
Mr. Kyle Lewis,paulgreen@hotmail.com,Male,28,B.Tech,,CSE,Completed,7.83,
Ashley Arnold,kyle37@miller-preston.com,Female,28,M.Sc,,Mechanical,3rd Year,6.88,3+
Katherine Clay,denisecortez@smith.net,Other,21,MCA,,ECE,4th Year,7.42,2
Joseph Lee,csanchez@alvarez-potter.net,Male,19,B.E,,Electrical,Completed,9.92,1
Justin Rodriguez,jonathan58@yahoo.com,Male,26,MCA,,Civil,2nd Year,9.4,
Joshua Combs,watsondeborah@gmail.com,Male,18,M.Tech,,Mechanical,3rd Year,5.39,2
Virginia Friedman,bradleymichael@yahoo.com,Female,21,B.E,,IT,3rd Year,7.04,
Jack Lopez,michellemoore@hotmail.com,Other,23,BCA,,Civil,1st Year,6.73,
Michael Smith,zfreeman@fields.org,Male,23,MCA,,Civil,Completed,7.72,
Eric Mccullough,nicholaswhite@guerra.com,Male,27,B.Sc,,Electrical,4th Year,7.74,3+
Scott Phillips,jennifer69@gmail.com,Other,19,M.Sc,,Civil,2nd Year,5.17,
Joe Johnson,ysmith@hotmail.com,Male,20,M.Sc,,ECE,Completed,8.13,
Michael Mccall,cheryl93@reynolds.com,Other,22,Other,Chief Operating Officer,Civil,1st Year,8.98,3+
Matthew Martinez,samanthalewis@gmail.com,Female,25,M.Sc,,Electrical,Completed,7.02,1
Amy Welch,dweber@yahoo.com,Male,26,B.E,,Civil,4th Year,5.95,
Amy Jensen,madams@walker.com,Other,25,BCA,,CSE,1st Year,5.84,
Anne Flores,sherrythompson@hotmail.com,Male,18,BCA,,Electrical,2nd Year,7.2,2
Diane Sims,jeffery45@brown.com,Other,19,M.Sc,,CSE,Completed,7.65,1
Thomas Chavez,jessica83@cowan-kaiser.com,Other,26,BCA,,ECE,Completed,5.49,2
Shawna Boone,shelley13@foster-lopez.com,Male,30,Other,Writer,IT,Completed,5.27,1
Stephanie Schmidt,james22@yahoo.com,Male,30,B.E,,ECE,1st Year,9.43,3+
Brandy Jones,berrytaylor@mccann.com,Male,29,M.Sc,,IT,1st Year,5.27,1
Michael Hester,kgarcia@hernandez.info,Other,29,Other,Cytogeneticist,ECE,4th Year,6.63,2
Donna Lewis,rodriguezsara@gonzalez.com,Female,27,Other,Metallurgist,Civil,3rd Year,5.84,1
Crystal Nixon,davidconrad@yahoo.com,Other,27,MCA,,ECE,1st Year,5.65,3+
Stacy Martinez,paulfranklin@yahoo.com,Female,30,BCA,,IT,2nd Year,5.94,2
David Myers,sydneygonzalez@gmail.com,Female,26,Other,Nature conservation officer,IT,1st Year,6.31,3+
Justin Hudson,morganeric@cohen.org,Other,24,M.Tech,,CSE,3rd Year,9.67,3+
Nathaniel Herrera,seanhayden@yahoo.com,Female,22,M.Sc,,ECE,2nd Year,5.52,1
Jessica Jarvis,jonshea@jones-williams.com,Other,23,B.Sc,,Civil,Completed,6.85,1
Todd Orr,gmontgomery@yahoo.com,Female,27,M.Tech,,CSE,4th Year,9.33,2
Christina White,fosterlisa@brown-miller.biz,Female,26,M.Tech,,ECE,3rd Year,9.03,
Christina Martinez,perryregina@gmail.com,Other,22,B.Sc,,Civil,1st Year,6.96,
Elizabeth Smith,jamesstephanie@gmail.com,Male,25,B.Tech,,IT,3rd Year,5.03,1
Vanessa Horn,thompsonmary@hotmail.com,Other,26,B.Sc,,ECE,1st Year,9.33,2
Alan Robinson,eflynn@hotmail.com,Male,21,B.Tech,,Electrical,3rd Year,9.9,1
Amanda Perry,bwalker@hotmail.com,Male,21,B.E,,IT,3rd Year,8.84,2
Joseph Serrano,charleswest@turner-cole.com,Female,20,M.Tech,,ECE,4th Year,5.77,
Alec Rosario,diana86@gmail.com,Other,26,M.Sc,,IT,3rd Year,8.7,1
Garrett Blackwell,craigfrancis@gmail.com,Other,29,B.Tech,,Civil,Completed,7.97,2
Michael Norman,juan00@gmail.com,Female,23,B.Sc,,Civil,1st Year,6.91,3+
Omar Greer,powellashley@hill.biz,Male,21,M.Tech,,ECE,1st Year,9.55,3+
Jennifer Lopez,rodriguezmatthew@lee.net,Female,27,MCA,,Mechanical,1st Year,9.94,1
Brenda Nguyen,joseph14@hotmail.com,Other,24,M.Sc,,CSE,2nd Year,7.78,1
Kristi Williams,craneamanda@petty.com,Other,24,B.Sc,,CSE,3rd Year,9.96,3+
Christopher Perry,cathy60@yahoo.com,Female,26,B.E,,Mechanical,2nd Year,6.2,3+
Omar Greer,powellashley@hill.biz,Male,21,M.Tech,,ECE,1st Year,9.55,3+
Clayton Turner,victorgibbs@roberts.biz,Female,22,B.E,,CSE,1st Year,6.0,3+
Cody Bowman,coleflores@brooks-hall.com,Other,18,B.Tech,,ECE,4th Year,9.99,3+
Michael Adams,katie76@gmail.com,Female,20,M.Tech,,Mechanical,4th Year,8.9,3+
Brian Williams,pricelaura@mckenzie.net,Male,21,M.Sc,,IT,4th Year,5.93,3+
Michael Johnson,jessicachen@richards.com,Other,24,MCA,,CSE,2nd Year,5.44,3+
Benjamin Stone,richardcooper@hotmail.com,Other,20,M.Tech,,Mechanical,1st Year,9.17,
Richard Brown,clarknoah@rich.net,Other,30,B.Tech,,Civil,2nd Year,7.51,1
Patrick Cook,tmiles@cross-jackson.biz,Female,19,MCA,,ECE,4th Year,8.84,1
Deborah Cortez,hardinkayla@gmail.com,Male,21,BCA,,Mechanical,3rd Year,7.1,
Mr. Kyle Lewis,paulgreen@hotmail.com,Male,28,B.Tech,,CSE,Completed,7.83,
Victor Sosa,mallory99@mcguire.com,Other,21,BCA,,CSE,3rd Year,8.09,1
Brandon Mccormick,nhayes@hotmail.com,Female,21,B.E,,IT,4th Year,7.48,3+
Jennifer Cook,anthony84@yahoo.com,Male,28,BCA,,Electrical,1st Year,8.15,1
Larry Lane,nicholas26@cook.com,Other,27,MCA,,Mechanical,4th Year,6.5,3+
Joshua Hall,bruce72@gmail.com,Other,28,MCA,,Electrical,Completed,6.19,1
Wendy Martinez,michaelnelson@cole-taylor.com,Male,22,M.Sc,,Civil,4th Year,6.99,3+
Jeffrey Davis,vmcneil@hotmail.com,Female,18,B.Tech,,Electrical,1st Year,7.13,
Sarah Daniel,carrjennifer@yahoo.com,Other,21,B.Tech,,CSE,1st Year,8.61,2
Katelyn Graham,ohampton@king.com,Female,18,B.Tech,,CSE,3rd Year,9.82,1
Dr. Thomas Mckee Jr.,angelameza@guerrero-sullivan.com,Female,22,M.Tech,,Civil,3rd Year,8.19,2
Shannon Serrano,fwright@yahoo.com,Other,30,Other,Actuary,Mechanical,Completed,5.73,3+
Shari Garcia,dustin21@yahoo.com,Other,30,MCA,,Electrical,3rd Year,9.92,3+
Joshua Allison,nicholasmiller@fowler.com,Female,26,M.Tech,,IT,2nd Year,7.18,2
Garrett Blackwell,craigfrancis@gmail.com,Other,29,B.Tech,,Civil,Completed,7.97,2
Shannon Sosa,gonzalezcatherine@gomez-davis.net,Other,26,M.Sc,,Mechanical,1st Year,9.79,
David Cervantes,ypowell@vega-guzman.net,Other,22,B.E,,IT,2nd Year,10.0,2
Jennifer Lee,chandlertoni@lucas-stephens.org,Female,23,Other,Passenger transport manager,Civil,3rd Year,6.21,2
Scott Contreras,sarah38@steele.net,Other,29,MCA,,Electrical,3rd Year,7.03,1
Joshua Hernandez,marcus06@david.com,Male,29,B.Tech,,IT,4th Year,7.24,2
Miss Joanna Matthews,christinehaley@yahoo.com,Female,21,B.Tech,,Mechanical,1st Year,9.82,
Heather Cruz,vangmonique@jones.info,Male,19,B.E,,Electrical,1st Year,5.26,1
Kathryn Cole,snyderstephanie@reese.info,Male,26,MCA,,Civil,4th Year,6.69,3+
Stephanie Murphy,mitchellkaitlin@hotmail.com,Female,22,M.Sc,,IT,2nd Year,9.69,
Debra Vasquez,newmanjason@gmail.com,Other,26,M.Tech,,IT,3rd Year,6.91,1
Justin Ferguson,hbaker@petersen.com,Female,18,Other,Copy,CSE,3rd Year,6.9,3+
Jennifer Wilson,imercado@york.info,Female,18,M.Sc,,Civil,Completed,8.35,1
Edward Williams,nsilva@yahoo.com,Other,27,BCA,,CSE,1st Year,6.01,2
Jessica Merritt,zcollins@edwards.com,Male,27,M.Sc,,ECE,2nd Year,8.21,3+
Eric Mccullough,nicholaswhite@guerra.com,Male,27,B.Sc,,Electrical,4th Year,7.74,3+
Jessica Jackson,carlosenglish@perez.com,Female,19,Other,Adult guidance worker,Civil,Completed,8.77,
Marie Parker,phogan@jackson-higgins.com,Female,19,B.E,,ECE,2nd Year,9.57,3+
Jenna Hopkins,fherring@rogers.info,Female,21,B.Sc,,Mechanical,2nd Year,9.04,1
Chris Myers,donna53@hotmail.com,Female,30,B.Tech,,CSE,4th Year,5.32,
John Roberts,nhendricks@yahoo.com,Female,23,B.E,,ECE,1st Year,9.66,1
Richard Tran,ggregory@gmail.com,Other,22,B.Tech,,Electrical,2nd Year,7.7,2
Roberta James,schwartzmeredith@hotmail.com,Other,27,MCA,,CSE,Completed,5.27,3+
Scott Contreras,sarah38@steele.net,Other,29,MCA,,Electrical,3rd Year,7.03,1
Edward Estrada,kathymccall@pham.com,Other,21,BCA,,Electrical,1st Year,8.22,2
Benjamin Stone,richardcooper@hotmail.com,Other,20,M.Tech,,Mechanical,1st Year,9.17,
Larry Smith,molly46@mason.com,Female,26,BCA,,CSE,4th Year,7.53,2
Edward Scott,angelaroberts@gmail.com,Female,24,M.Tech,,CSE,1st Year,6.9,2
Douglas Barrera,kevinmyers@williams-davis.com,Female,26,Other,"Engineer, energy",Mechanical,1st Year,7.3,
Jennifer Mason,ashley82@yahoo.com,Other,19,BCA,,IT,3rd Year,7.74,
Lisa Zhang,kerri90@trevino.com,Female,22,Other,Politician's assistant,IT,1st Year,7.3,
Elizabeth Campbell,hellis@joseph-nolan.org,Male,27,Other,Interpreter,Civil,Completed,6.03,1
Hunter Atkins,schwartzwendy@massey.com,Female,22,Other,"Nurse, adult",Mechanical,Completed,9.12,
Mary Valenzuela,michael69@yahoo.com,Female,23,BCA,,Mechanical,Completed,7.33,1
Carmen Owen,kaitlynwebb@baker-flowers.com,Female,25,M.Tech,,CSE,4th Year,7.83,
Ernest Bates,campbelllinda@garcia.net,Female,25,Other,"Psychologist, sport and exercise",ECE,1st Year,9.46,2
Anthony Warren,amygutierrez@yahoo.com,Male,27,B.Sc,,Mechanical,2nd Year,9.37,3+
Michael Goodwin,yphillips@hotmail.com,Other,26,B.E,,CSE,3rd Year,8.64,1
Alec Rosario,diana86@gmail.com,Other,26,M.Sc,,IT,3rd Year,8.7,1
Ashley Lutz,iwhite@yahoo.com,Female,24,B.Tech,,IT,2nd Year,6.8,
Kenneth Miller,elizabeth15@yahoo.com,Male,23,M.Tech,,IT,4th Year,9.15,1
Justin Mckenzie,fritzjames@gray.com,Other,21,Other,Counselling psychologist,Civil,3rd Year,9.72,1
Nancy Rodriguez,nicholas25@hotmail.com,Male,27,MCA,,CSE,4th Year,5.52,2
Ashley Brooks,cbrewer@gmail.com,Male,25,M.Sc,,CSE,2nd Year,6.35,
Jessica Carter,millerjennifer@gmail.com,Other,26,M.Tech,,Mechanical,1st Year,6.44,1
Heidi Fisher,vincentcruz@dudley-jenkins.net,Female,23,Other,Theatre stage manager,CSE,1st Year,6.96,
Carlos Schaefer,george42@maxwell.biz,Male,21,M.Sc,,Civil,Completed,6.55,2
Angelica Maddox,martinezbecky@gmail.com,Female,19,BCA,,CSE,3rd Year,9.39,
Hunter Atkins,schwartzwendy@massey.com,Female,22,Other,"Nurse, adult",Mechanical,Completed,9.12,
James Simpson,dwilliams@yahoo.com,Other,24,B.Tech,,ECE,4th Year,7.49,1
Stephanie Murphy,mitchellkaitlin@hotmail.com,Female,22,M.Sc,,IT,2nd Year,9.69,
Debra Shaw,connieharris@levy.com,Female,26,MCA,,ECE,2nd Year,9.85,
Michael Sanders,josephedward@yahoo.com,Male,27,B.Sc,,IT,4th Year,7.67,
Michael Gardner,ericgriffin@robertson.net,Other,18,M.Tech,,Civil,2nd Year,7.75,3+
Tonya Velez,jzimmerman@gmail.com,Male,22,B.E,,Mechanical,1st Year,7.6,
Daniel Tucker,william63@yahoo.com,Female,28,Other,"Nurse, adult",Civil,Completed,5.4,
Michael Sanchez,michael64@davis-hoffman.com,Female,19,B.Tech,,Civil,1st Year,9.24,3+
Rachel Smith,alyssaholland@yahoo.com,Female,22,MCA,,Civil,4th Year,5.11,
Joseph Pierce,savannah49@gmail.com,Female,26,BCA,,ECE,1st Year,7.17,3+
David Garcia,contreraskatie@gmail.com,Male,21,Other,Product manager,IT,4th Year,9.1,2
Courtney Grant,amoore@bell.net,Female,26,M.Sc,,CSE,2nd Year,8.57,3+
Raymond Peck,solomonpatricia@monroe.net,Male,21,MCA,,ECE,2nd Year,9.84,
Diane Brown,sjames@henry-andrews.biz,Female,30,M.Sc,,IT,4th Year,5.83,2
Patrick Randolph,michael89@werner.biz,Other,20,M.Sc,,Mechanical,2nd Year,5.43,3+
Barbara Yang,joann68@yahoo.com,Male,22,M.Tech,,CSE,4th Year,7.96,2
Caleb Kennedy,sanchezmary@yahoo.com,Female,29,B.E,,Electrical,Completed,8.12,2
Tara Allen,russellstafford@hotmail.com,Other,29,M.Tech,,CSE,1st Year,7.94,2
Brent Bennett,odixon@fields.org,Female,21,MCA,,IT,1st Year,9.42,1
Andrew Munoz,cholloway@harrison-villarreal.org,Male,28,B.Tech,,CSE,4th Year,6.65,
Jacqueline David,meganmendoza@gmail.com,Other,28,B.Sc,,IT,4th Year,6.44,
Kelly Terry,klee@vasquez-johnson.info,Female,27,BCA,,CSE,1st Year,8.05,3+
Anthony Cummings,hayespatrick@yahoo.com,Female,23,Other,Homeopath,Electrical,1st Year,6.09,1
Joshua Bowen,williamsxavier@curtis.com,Female,19,B.E,,ECE,2nd Year,7.49,1
Benjamin Davis,tina40@lowery.com,Male,22,M.Sc,,IT,3rd Year,8.17,3+
Laurie Phillips,reginakirk@gmail.com,Other,19,M.Tech,,Electrical,4th Year,5.78,3+
Ashley Mays,nclark@yahoo.com,Male,22,B.E,,Civil,Completed,8.89,
David Cervantes,ypowell@vega-guzman.net,Other,22,B.E,,IT,2nd Year,10.0,2
Rachel Smith,alyssaholland@yahoo.com,Female,22,MCA,,Civil,4th Year,5.11,
Mikayla Palmer,smithdiana@leach.com,Male,27,Other,"Teacher, English as a foreign language",ECE,4th Year,5.78,2
Donna Wallace,tracychen@cardenas.com,Female,27,B.Tech,,CSE,4th Year,8.11,
Sarah Daniel,carrjennifer@yahoo.com,Other,21,B.Tech,,CSE,1st Year,8.61,2
Michael Blake,nstanley@hotmail.com,Male,23,B.Sc,,ECE,4th Year,9.91,1
Jessica Carter,millerjennifer@gmail.com,Other,26,M.Tech,,Mechanical,1st Year,6.44,1
Jacob Parker,megan33@sparks.com,Male,18,B.Sc,,CSE,1st Year,6.09,3+
Diane Sims,jeffery45@brown.com,Other,19,M.Sc,,CSE,Completed,7.65,1
Kathleen Vazquez,mwilson@gmail.com,Male,27,M.Tech,,ECE,2nd Year,6.01,
Brandon Mccormick,nhayes@hotmail.com,Female,21,B.E,,IT,4th Year,7.48,3+
Miss Karina Pearson,fwong@hotmail.com,Other,27,B.Tech,,Electrical,4th Year,8.8,
Elizabeth Watson,sanderson@smith.com,Other,21,MCA,,ECE,1st Year,6.93,2
Charlotte Armstrong,marysilva@gmail.com,Female,25,BCA,,CSE,3rd Year,5.75,1
Debra Holland,meaton@hotmail.com,Male,18,B.E,,Electrical,1st Year,7.74,2
Diane Griffin,roberthall@valencia.com,Female,21,B.E,,ECE,4th Year,8.96,1
Natalie Davis,david19@yahoo.com,Male,27,B.Sc,,ECE,2nd Year,8.22,3+
Jennifer Kennedy,tammie62@carter-jones.com,Other,21,B.E,,CSE,3rd Year,9.22,3+
Erica Moore,mary08@atkinson.com,Other,22,M.Sc,,IT,4th Year,5.47,3+
Lisa Ferguson,qbriggs@wilson.net,Other,23,B.Sc,,Mechanical,4th Year,5.42,3+
Sean Suarez,shawnrobinson@hotmail.com,Other,20,M.Tech,,IT,1st Year,7.15,3+
Breanna Cox,alison39@norris.com,Female,28,M.Sc,,Civil,4th Year,6.46,3+
Jeremy Hansen,ashleyjones@gmail.com,Female,23,B.Sc,,IT,4th Year,7.01,2
Karen Wallace,melissa33@murillo.com,Other,23,Other,General practice doctor,Mechanical,2nd Year,9.6,3+
Kathleen Livingston,malik81@kramer.com,Male,26,MCA,,Mechanical,4th Year,6.07,1
Joshua Combs,watsondeborah@gmail.com,Male,18,M.Tech,,Mechanical,3rd Year,5.39,2
Miss Karina Pearson,fwong@hotmail.com,Other,27,B.Tech,,Electrical,4th Year,8.8,
Natalie Davis,david19@yahoo.com,Male,27,B.Sc,,ECE,2nd Year,8.22,3+
Alyssa Cameron,jacksonjose@sanchez.com,Female,18,B.Tech,,IT,2nd Year,7.07,2
Cynthia Parker,pattongary@kelly.com,Female,25,B.E,,Mechanical,1st Year,8.59,3+
Savannah Howard,dphelps@yahoo.com,Female,20,B.Tech,,Mechanical,Completed,6.88,2
Joshua Jensen,adam66@woods-small.com,Male,22,B.E,,ECE,1st Year,5.72,
Nathaniel Herrera,seanhayden@yahoo.com,Female,22,M.Sc,,ECE,2nd Year,5.52,1
Sharon Campbell,icooper@yahoo.com,Male,21,M.Tech,,Electrical,4th Year,5.13,3+
Christopher Cummings DDS,vwallace@hotmail.com,Female,26,M.Sc,,ECE,4th Year,7.55,
Terrence Velasquez,jjohns@ramos.com,Other,28,Other,Control and instrumentation engineer,Mechanical,4th Year,9.77,
Anthony Jimenez,emack@martin.com,Male,19,B.Sc,,Mechanical,4th Year,8.42,3+
Alexander Booker,njackson@hotmail.com,Female,28,BCA,,IT,3rd Year,7.55,3+
Arthur Jackson,wcantrell@gmail.com,Female,25,MCA,,ECE,4th Year,5.46,2
Charles Mooney,brian43@mccormick.com,Male,29,Other,Ceramics designer,IT,2nd Year,8.18,
Nicole Johnson,qnewton@hotmail.com,Male,30,Other,Press sub,IT,2nd Year,7.24,
Clayton Turner,victorgibbs@roberts.biz,Female,22,B.E,,CSE,1st Year,6.0,3+
Jason Maldonado,youngmike@young-murray.org,Female,29,B.E,,Electrical,1st Year,9.92,
Bobby Choi,allisonwilson@sosa.org,Other,24,M.Tech,,IT,3rd Year,6.68,
Kaitlyn Wright,tracitownsend@short.org,Other,27,M.Tech,,Electrical,2nd Year,7.79,3+
Rachael Patterson,ashley16@carter-west.com,Female,30,B.E,,ECE,Completed,7.13,2
Heather Johnson,gary28@hotmail.com,Other,23,B.Tech,,ECE,3rd Year,6.87,
Michele Robles,joannsmith@yahoo.com,Other,24,B.Tech,,IT,Completed,9.3,
Angelica Franklin,johnsonclaudia@montes.biz,Other,19,MCA,,IT,Completed,7.52,
Heather Werner,fernandezlauren@gmail.com,Other,22,M.Tech,,Electrical,1st Year,9.08,2
Michael Parker,peterskrista@gmail.com,Other,22,B.E,,IT,3rd Year,6.46,
John Hernandez,wwagner@cohen.com,Male,23,M.Sc,,Mechanical,2nd Year,9.0,3+
Timothy Kennedy,jessica94@nichols.com,Other,18,B.E,,CSE,4th Year,5.64,2
James Schmidt,dylan26@yahoo.com,Other,26,B.Tech,,ECE,4th Year,9.81,
Rachel Gomez,brandon01@gmail.com,Other,21,B.E,,IT,4th Year,5.48,2
Lauren Bates,jonsantos@jordan.net,Male,22,M.Tech,,Mechanical,4th Year,6.22,3+
Anna Baker,ricardo09@gomez.com,Female,26,M.Tech,,Mechanical,3rd Year,9.26,
Michael Blake,nstanley@hotmail.com,Male,23,B.Sc,,ECE,4th Year,9.91,1
Angel West,gclark@hotmail.com,Male,29,B.E,,CSE,Completed,7.81,1
Dawn Kim,brendastewart@yahoo.com,Other,24,M.Tech,,Electrical,2nd Year,9.84,2
Jennifer Torres,michaelkim@spencer-hunter.com,Female,25,Other,Film/video editor,ECE,4th Year,6.11,1
Jillian Collins,griffinjody@hotmail.com,Male,19,MCA,,Civil,2nd Year,5.62,1
Alison Wong,ramirezcaitlin@harris-walker.com,Male,18,B.E,,Electrical,Completed,5.65,3+
Logan Brown,ureyes@gmail.com,Male,19,MCA,,ECE,Completed,5.64,2
Amanda Perry,bwalker@hotmail.com,Male,21,B.E,,IT,3rd Year,8.84,2
Bradley Burke,ysmith@yahoo.com,Other,24,B.E,,Civil,3rd Year,6.3,3+
Jeffrey Yang,wanda78@gmail.com,Other,23,B.Sc,,Electrical,1st Year,5.43,2
Amanda Garrett,samuel97@lopez-johns.com,Male,19,MCA,,IT,4th Year,6.69,2
Anthony Jimenez,emack@martin.com,Male,19,B.Sc,,Mechanical,4th Year,8.42,3+
Tamara Frye,llee@west-wilson.com,Male,28,BCA,,CSE,3rd Year,6.6,1
Deborah Lewis,warrenjacob@yahoo.com,Female,20,M.Sc,,Electrical,Completed,8.78,1
Tina Cox,pkelly@larsen.com,Other,19,BCA,,Civil,1st Year,8.37,1
Catherine Kline DDS,gillcandace@gmail.com,Female,26,BCA,,Civil,1st Year,6.64,
Angelica Henry,kendrapotter@maynard.com,Male,28,BCA,,ECE,4th Year,9.98,
Gary House,earl32@hotmail.com,Other,18,B.E,,IT,Completed,9.0,1
Jennifer Berry,williamsanders@hotmail.com,Female,24,Other,"Social research officer, government",Mechanical,4th Year,8.68,3+
Nicole Flowers,mdavis@craig.com,Male,20,B.Tech,,Mechanical,4th Year,7.55,2
Stephanie Davis,kenneth21@brown-sanders.org,Other,25,MCA,,Civil,2nd Year,5.41,
Nicole Combs,brianawilliams@franklin.org,Male,27,B.E,,Electrical,4th Year,7.98,1
Michael Obrien,christianwilliams@wade.com,Other,19,MCA,,IT,1st Year,6.3,3+
Julie Green,jermainebrown@jones-davis.info,Other,30,Other,Chief Strategy Officer,ECE,2nd Year,7.05,
Christopher Richmond,wilsonjoseph@galvan.com,Other,27,B.Tech,,Civil,2nd Year,6.04,1
Chris Myers,donna53@hotmail.com,Female,30,B.Tech,,CSE,4th Year,5.32,
Toni Brennan,claudia98@yahoo.com,Female,23,MCA,,Civil,3rd Year,8.48,3+
Daniel Lara,bryanholmes@hotmail.com,Female,24,M.Tech,,Electrical,3rd Year,7.81,
Jennifer Mason,ashley82@yahoo.com,Other,19,BCA,,IT,3rd Year,7.74,
Phillip Huerta,joseph85@cruz.net,Female,19,M.Sc,,IT,3rd Year,6.51,2
Mark Ramirez,aobrien@sanchez.com,Female,27,B.E,,ECE,1st Year,9.25,
Kathryn Freeman,alexanderlambert@martin.net,Other,22,M.Sc,,ECE,2nd Year,5.22,
Michael Chan,xcollins@hotmail.com,Other,19,B.E,,IT,2nd Year,9.07,3+
John Porter,petersonlogan@hotmail.com,Other,23,Other,"Designer, fashion/clothing",Civil,3rd Year,6.71,2
Anne Flores,sherrythompson@hotmail.com,Male,18,BCA,,Electrical,2nd Year,7.2,2
Antonio Wood,joshua80@maxwell.com,Other,26,B.Tech,,Civil,3rd Year,9.68,1
Cassidy Wilson,gregory70@gmail.com,Male,23,B.E,,IT,1st Year,9.79,3+
Heidi Brooks,mayrobert@jones-allen.com,Male,28,BCA,,Civil,2nd Year,6.31,2
Amy Brown,rachelcook@hotmail.com,Male,26,B.E,,ECE,4th Year,8.14,3+
Charles Mooney,brian43@mccormick.com,Male,29,Other,Ceramics designer,IT,2nd Year,8.18,
Tammy Henson,carlos11@yahoo.com,Female,18,B.Sc,,Civil,3rd Year,7.86,2
Michael Martinez,edwinlee@gmail.com,Other,22,M.Sc,,CSE,Completed,9.07,3+
Emma Robinson,tgonzalez@gregory.net,Female,19,B.E,,Civil,2nd Year,8.74,
Michael Gibbs,stephen62@gmail.com,Male,23,B.Tech,,ECE,2nd Year,5.63,
Roberta Davies,danielsbrett@rojas-edwards.com,Female,18,BCA,,ECE,2nd Year,8.99,
Rhonda Chambers,johnsullivan@hotmail.com,Other,22,M.Tech,,ECE,Completed,7.32,3+
Kimberly Nguyen,nathanrobbins@gonzales-smith.biz,Female,20,BCA,,Civil,3rd Year,9.6,
Marissa Willis,cstewart@hotmail.com,Female,27,M.Tech,,ECE,2nd Year,7.63,1
Russell Lowe,keithwilliams@duncan.com,Male,26,Other,Regulatory affairs officer,Mechanical,Completed,5.69,
Andrew Butler,gregoryharris@yahoo.com,Other,27,B.Tech,,IT,3rd Year,8.56,3+
Rebecca Olson,weisskeith@murillo.info,Male,29,M.Tech,,Mechanical,3rd Year,5.75,
Jeffrey Yang,wanda78@gmail.com,Other,23,B.Sc,,Electrical,1st Year,5.43,2
Mary Valenzuela,michael69@yahoo.com,Female,23,BCA,,Mechanical,Completed,7.33,1
Theresa Green,maldonadotroy@hill.com,Female,18,MCA,,ECE,Completed,5.35,1
Lindsay Liu,gregoryspence@yahoo.com,Male,21,BCA,,Mechanical,Completed,9.2,
Jennifer Cook,anthony84@yahoo.com,Male,28,BCA,,Electrical,1st Year,8.15,1
Scott Phillips,jennifer69@gmail.com,Other,19,M.Sc,,Civil,2nd Year,5.17,
Susan Le,daniel91@carr.org,Female,29,M.Sc,,Electrical,4th Year,6.62,2
Michael Lopez,lsaunders@yahoo.com,Other,19,M.Tech,,Civil,4th Year,6.93,3+
Wesley Barker,rodriguezeric@hotmail.com,Male,27,M.Sc,,Civil,4th Year,5.54,3+
Rebecca Ingram,ysanford@hotmail.com,Other,21,M.Tech,,IT,3rd Year,6.59,3+
Tammy Henson,carlos11@yahoo.com,Female,18,B.Sc,,Civil,3rd Year,7.86,2
Christopher Warner,upowell@carrillo-martin.biz,Male,30,M.Sc,,Civil,4th Year,9.37,3+
Ashley Lutz,iwhite@yahoo.com,Female,24,B.Tech,,IT,2nd Year,6.8,
Michael Obrien,christianwilliams@wade.com,Other,19,MCA,,IT,1st Year,6.3,3+
Robert Ward,angela01@hotmail.com,Female,30,M.Sc,,IT,Completed,6.38,
Linda Stevens,thompsondanielle@hotmail.com,Other,23,B.Sc,,ECE,3rd Year,9.7,2
Jennifer Davis,nruiz@hotmail.com,Male,24,BCA,,Civil,Completed,9.67,1
Deanna Richmond,danielle96@yahoo.com,Female,29,Other,Counselling psychologist,Mechanical,Completed,5.21,
Benjamin Davis,tina40@lowery.com,Male,22,M.Sc,,IT,3rd Year,8.17,3+
Shirley Gonzalez,wwood@yahoo.com,Other,23,Other,Ceramics designer,Electrical,1st Year,7.92,3+
Adam Sutton,mark42@stevens.com,Male,23,B.E,,Mechanical,4th Year,8.89,1
Timothy Medina,xroth@gmail.com,Male,29,BCA,,IT,3rd Year,8.69,
Tonya Velez,jzimmerman@gmail.com,Male,22,B.E,,Mechanical,1st Year,7.6,
Jaime Johnson,carrie64@jones.org,Female,21,BCA,,CSE,4th Year,7.42,2
Catherine Gonzalez,ocole@moody.com,Male,21,B.Sc,,IT,4th Year,7.19,2
Edward Williamson,xboyle@hurst.com,Male,19,B.E,,IT,Completed,8.94,3+
Andrea Elliott,twhite@salazar.info,Female,23,M.Tech,,Civil,1st Year,8.39,
Deborah Oconnor,pottersteven@coffey-hess.biz,Female,26,Other,Network engineer,Electrical,Completed,9.76,2
Elizabeth Thomas,doyleanthony@gilbert.com,Female,23,B.Sc,,ECE,2nd Year,8.93,2
Morgan Patton,cooperanna@hotmail.com,Female,26,M.Tech,,ECE,2nd Year,9.43,2
Jerry Barnes,debbie05@cook.com,Male,18,MCA,,Civil,3rd Year,7.38,
Mark Oconnor,rogersbrandon@johnson-bradley.com,Female,27,M.Tech,,Civil,3rd Year,8.5,
Olivia Hernandez,deborah08@hotmail.com,Other,22,BCA,,Civil,2nd Year,10.0,2
Jessica Robinson,thomasday@giles-richards.com,Other,23,Other,Insurance account manager,Civil,3rd Year,7.79,1
Andrew Hall,hmatthews@gmail.com,Female,19,M.Sc,,Mechanical,4th Year,5.75,
Timothy Medina,xroth@gmail.com,Male,29,BCA,,IT,3rd Year,8.69,
Henry Murphy,todd88@lowe.org,Female,30,BCA,,IT,3rd Year,6.09,1
Billy Mcclain,johnjohnson@hotmail.com,Male,29,Other,Hospital pharmacist,IT,4th Year,6.15,1
Donald Jennings,sgarza@hanson.org,Male,28,B.Sc,,CSE,2nd Year,9.64,3+
Carlos Schaefer,george42@maxwell.biz,Male,21,M.Sc,,Civil,Completed,6.55,2
Brian Peters,burnspeter@anderson.com,Male,23,Other,Warden/ranger,CSE,3rd Year,9.93,2
Cody Miller,michaelsanchez@yahoo.com,Other,25,B.Tech,,IT,Completed,7.03,2
Michelle Valdez,richardstafford@yahoo.com,Male,23,B.Sc,,ECE,4th Year,8.75,
Michael Chapman,jeffreymejia@yahoo.com,Other,24,Other,"Designer, ceramics/pottery",ECE,4th Year,8.82,3+
Mikayla Palmer,smithdiana@leach.com,Male,27,Other,"Teacher, English as a foreign language",ECE,4th Year,5.78,2
David Williams,chall@wise-barton.biz,Female,23,B.E,,IT,2nd Year,8.03,1
Michelle Herrera,markvazquez@gmail.com,Male,30,BCA,,ECE,2nd Year,6.92,1
Toni Brennan,claudia98@yahoo.com,Female,23,MCA,,Civil,3rd Year,8.48,3+
James Williams,davisrichard@hotmail.com,Female,29,Other,"Engineer, communications",Mechanical,1st Year,8.99,3+
Angelica Franklin,johnsonclaudia@montes.biz,Other,19,MCA,,IT,Completed,7.52,
Joshua Bowen,williamsxavier@curtis.com,Female,19,B.E,,ECE,2nd Year,7.49,1
Paula Blair,brandon34@hotmail.com,Male,20,B.E,,CSE,1st Year,8.14,
Daniel Tucker,william63@yahoo.com,Female,28,Other,"Nurse, adult",Civil,Completed,5.4,
Jessica Brooks,qdurham@yahoo.com,Other,20,B.Sc,,IT,Completed,5.84,2
Elizabeth Hunter,susanclark@reyes.com,Male,18,M.Tech,,ECE,Completed,6.17,3+
Jacob Parker,megan33@sparks.com,Male,18,B.Sc,,CSE,1st Year,6.09,3+
Rachel Smith,alyssaholland@yahoo.com,Female,22,MCA,,Civil,4th Year,5.11,
Jonathan Alexander,duncantim@hotmail.com,Male,24,MCA,,Electrical,4th Year,7.46,2
Lindsay Thompson,romerogina@martinez.biz,Female,18,M.Sc,,IT,4th Year,9.6,1
Stephen Reynolds,phyllisnelson@smith.org,Female,28,M.Sc,,Civil,3rd Year,5.78,1
Mary Schneider,jasonsmith@hotmail.com,Female,26,BCA,,Electrical,Completed,7.22,
Jason Maldonado,youngmike@young-murray.org,Female,29,B.E,,Electrical,1st Year,9.92,
Brandon Chen,kyleharvey@yahoo.com,Female,25,BCA,,Civil,2nd Year,9.95,2
Carmen Owen,kaitlynwebb@baker-flowers.com,Female,25,M.Tech,,CSE,4th Year,7.83,
Michael Chan,xcollins@hotmail.com,Other,19,B.E,,IT,2nd Year,9.07,3+
Jessica Brooks,qdurham@yahoo.com,Other,20,B.Sc,,IT,Completed,5.84,2
Cathy Cox,johnsonashley@hotmail.com,Male,25,B.E,,ECE,Completed,5.13,3+
Angela Johnson,yhunt@hotmail.com,Other,28,B.Sc,,Civil,4th Year,7.93,
Natalie Lara,nthompson@morris-miller.net,Other,29,B.Sc,,IT,3rd Year,5.04,1
Martin Howard,paul29@young.com,Female,29,M.Sc,,Mechanical,1st Year,6.11,
Tim James,diazjamie@hotmail.com,Other,26,Other,Learning mentor,Civil,3rd Year,8.02,3+
Joshua Hernandez,marcus06@david.com,Male,29,B.Tech,,IT,4th Year,7.24,2
Penny Mitchell,patricksimpson@sandoval.com,Other,29,M.Sc,,Electrical,1st Year,7.46,1
Susan Harvey,amber30@martinez.net,Male,24,B.Sc,,Civil,1st Year,9.71,2
Debra Peterson,weaverjason@todd-rasmussen.net,Female,21,B.Tech,,Mechanical,1st Year,5.14,1
Renee Baker,crich@white.biz,Male,29,B.Sc,,CSE,Completed,5.95,2
Jessica Trevino,nlyons@gmail.com,Other,27,M.Tech,,CSE,3rd Year,9.48,3+
Troy Holden,claire01@kerr.com,Male,30,BCA,,Mechanical,3rd Year,9.69,
David Arellano,perryelizabeth@gmail.com,Female,26,M.Sc,,Civil,4th Year,8.27,
Taylor Brandt,zacharydixon@gmail.com,Other,19,MCA,,Civil,4th Year,7.55,3+
Deanna Martinez,dgardner@williams.info,Female,21,MCA,,Civil,3rd Year,5.7,1
Eric Frost,larry35@gmail.com,Other,25,M.Tech,,ECE,Completed,7.4,1
Jennifer Rivera,melendezdale@gmail.com,Other,30,M.Sc,,ECE,3rd Year,6.95,
Tom Porter,jonesbrianna@gmail.com,Other,29,Other,"Librarian, public",Mechanical,1st Year,9.32,
Edward Walker,eric90@gmail.com,Male,23,M.Sc,,Electrical,4th Year,6.8,2
Karen Padilla,gavin10@mcclure.net,Other,22,B.Tech,,IT,4th Year,6.43,3+
Paige White,sandra12@yahoo.com,Other,18,BCA,,Civil,2nd Year,7.66,
Marie Parker,phogan@jackson-higgins.com,Female,19,B.E,,ECE,2nd Year,9.57,3+
Jeffery Oliver,tiffanylambert@simpson.com,Male,22,B.E,,Mechanical,2nd Year,6.03,1
Ernest Bates,campbelllinda@garcia.net,Female,25,Other,"Psychologist, sport and exercise",ECE,1st Year,9.46,2
Wendy Martinez,michaelnelson@cole-taylor.com,Male,22,M.Sc,,Civil,4th Year,6.99,3+
Andrea Elliott,twhite@salazar.info,Female,23,M.Tech,,Civil,1st Year,8.39,
Laura Moran,dtran@hotmail.com,Other,29,MCA,,CSE,1st Year,9.2,2
Andrea Flores,shannon99@long-gonzalez.com,Other,30,MCA,,CSE,3rd Year,8.13,2
Elizabeth Willis,sarajohnson@clark.net,Other,29,MCA,,IT,4th Year,6.42,3+
Michael Chan,xcollins@hotmail.com,Other,19,B.E,,IT,2nd Year,9.07,3+
Jennifer Berry,williamsanders@hotmail.com,Female,24,Other,"Social research officer, government",Mechanical,4th Year,8.68,3+
James Perkins,jasminesantos@davis.info,Male,18,B.Tech,,IT,4th Year,6.51,1
Alyssa Cameron,jacksonjose@sanchez.com,Female,18,B.Tech,,IT,2nd Year,7.07,2
Maurice Cook,mturner@jones.com,Female,20,M.Sc,,ECE,2nd Year,6.59,3+
Heather Johnson,gary28@hotmail.com,Other,23,B.Tech,,ECE,3rd Year,6.87,
Angela Curtis,brandtsally@hotmail.com,Other,19,B.Sc,,Electrical,2nd Year,9.55,
Jennifer Rosales,brockdavid@yahoo.com,Other,24,B.E,,CSE,1st Year,8.08,3+
Alexis Bush,dscott@villa.biz,Other,28,B.Tech,,IT,Completed,5.31,1
Alicia Ayala,teresa43@gmail.com,Other,18,B.E,,Electrical,2nd Year,5.45,3+
Mary Schneider,jasonsmith@hotmail.com,Female,26,BCA,,Electrical,Completed,7.22,
Dawn Lawrence,malikunderwood@yahoo.com,Male,20,MCA,,ECE,Completed,7.45,3+
Isaac Vargas,xgonzalez@yahoo.com,Other,29,B.Tech,,CSE,2nd Year,6.93,
Donald Jennings,sgarza@hanson.org,Male,28,B.Sc,,CSE,2nd Year,9.64,3+
Sara Morgan,hsimmons@davis-montoya.com,Male,28,B.E,,Mechanical,2nd Year,9.88,1
Dean Greene,gordon05@george-christensen.biz,Male,29,B.Sc,,Civil,1st Year,9.48,1
Eric Hayes,lowejeffrey@gmail.com,Other,20,B.Sc,,ECE,4th Year,6.69,
Laura Keller,barbara07@schroeder.com,Male,28,Other,Customer service manager,Electrical,Completed,7.37,1
Jesse Young,carolyn85@yahoo.com,Other,27,B.Sc,,CSE,1st Year,6.52,
Antonio Garcia,petersana@gmail.com,Male,26,MCA,,ECE,Completed,5.08,2
Michael Mccall,cheryl93@reynolds.com,Other,22,Other,Chief Operating Officer,Civil,1st Year,8.98,3+
Courtney Byrd MD,ellisonmarilyn@smith.com,Female,25,B.Tech,,Electrical,Completed,8.59,
Cheyenne Scott,wmurray@yahoo.com,Female,27,Other,"Production assistant, television",IT,Completed,7.01,2
Bruce Lawson,donaldskinner@hotmail.com,Other,24,B.E,,IT,Completed,6.54,2
Richard Gutierrez,calebsmith@hotmail.com,Other,23,M.Tech,,Civil,1st Year,9.99,
Jeffery Lane,ashley72@yahoo.com,Female,22,B.E,,Electrical,Completed,9.02,2
Mary Martinez,lewisjulia@lucas.biz,Female,25,M.Tech,,ECE,1st Year,9.95,3+
Jason Rodriguez,christinapotts@hotmail.com,Female,25,BCA,,Mechanical,1st Year,9.15,2
Chelsea Collins,thopkins@long.com,Other,25,B.Sc,,Electrical,2nd Year,5.57,3+
Diane Griffin,roberthall@valencia.com,Female,21,B.E,,ECE,4th Year,8.96,1
Vanessa Horn,thompsonmary@hotmail.com,Other,26,B.Sc,,ECE,1st Year,9.33,2
Courtney Byrd MD,ellisonmarilyn@smith.com,Female,25,B.Tech,,Electrical,Completed,8.59,
Brendan Bush,llong@yahoo.com,Other,20,BCA,,Civil,2nd Year,6.01,3+
Kathleen Leonard,frenchjames@yahoo.com,Other,23,B.Tech,,Mechanical,2nd Year,8.02,1
Devin Woods,thompsonsarah@goodwin-brown.info,Male,27,M.Sc,,Civil,2nd Year,9.13,3+
Krystal Clark,bonniecunningham@yahoo.com,Other,30,Other,Recruitment consultant,Electrical,Completed,6.83,2
Ryan Gomez,rogergoodman@chung.com,Other,23,B.Tech,,CSE,3rd Year,8.04,3+
Kevin Hampton,michael96@johnson-li.info,Other,28,B.Sc,,Mechanical,Completed,6.18,1
Regina Peck,loganmoran@hawkins.org,Female,19,MCA,,IT,2nd Year,9.36,
Alyssa Oneal,xtaylor@cobb-johnson.com,Female,25,BCA,,CSE,Completed,6.56,3+
Tiffany Douglas,alikenneth@yahoo.com,Other,26,M.Tech,,IT,4th Year,8.4,3+
Warren White,mariapugh@yahoo.com,Female,18,B.Tech,,IT,3rd Year,9.38,1
Jennifer Wilson,imercado@york.info,Female,18,M.Sc,,Civil,Completed,8.35,1
Tina Tucker,zwhite@yahoo.com,Female,18,BCA,,CSE,Completed,7.4,2
Anthony Griffin,jessica36@jackson-fox.com,Other,20,BCA,,IT,1st Year,7.4,
Dawn Lawrence,malikunderwood@yahoo.com,Male,20,MCA,,ECE,Completed,7.45,3+
Dalton Williams,matthew16@cunningham-powell.org,Female,28,B.E,,Electrical,Completed,9.92,1
Michael Parker,peterskrista@gmail.com,Other,22,B.E,,IT,3rd Year,6.46,
Mark Robinson,svance@gmail.com,Female,21,B.E,,IT,3rd Year,6.03,2
Mrs. Mariah Randall DDS,eric44@morgan.com,Female,26,Other,Agricultural engineer,Mechanical,1st Year,5.39,2
Thomas Donovan,wgill@yahoo.com,Male,22,B.Sc,,Electrical,Completed,8.43,
Casey Nguyen,ndyer@turner-leon.com,Other,26,B.E,,Civil,1st Year,7.8,
Kathryn Freeman,alexanderlambert@martin.net,Other,22,M.Sc,,ECE,2nd Year,5.22,
Benjamin Fernandez,tsmith@turner-greer.com,Female,26,B.Tech,,ECE,1st Year,6.71,
Michelle Clark,millerchristopher@macias.com,Male,26,Other,"Psychotherapist, child",IT,3rd Year,9.95,3+
Charles Mueller,mooremelanie@black.net,Female,22,MCA,,Electrical,3rd Year,9.56,3+
Alex Villanueva,walkerjasmine@wright.biz,Female,26,MCA,,Mechanical,1st Year,9.52,1
Morgan Patton,cooperanna@hotmail.com,Female,26,M.Tech,,ECE,2nd Year,9.43,2
Holly Grant,mary81@yahoo.com,Other,23,B.Sc,,Mechanical,1st Year,6.9,1
Tyler White,montgomeryjulia@hotmail.com,Other,26,BCA,,IT,4th Year,6.6,1
Lisa Phillips,hallcynthia@miller.org,Male,28,MCA,,IT,3rd Year,8.38,3+
Theresa Green,maldonadotroy@hill.com,Female,18,MCA,,ECE,Completed,5.35,1
Shelby Mendoza,ianowens@anderson.org,Male,21,MCA,,CSE,3rd Year,7.7,1
Marissa Willis,cstewart@hotmail.com,Female,27,M.Tech,,ECE,2nd Year,7.63,1
Jessica Allen,martinluna@hall-jacobs.biz,Other,27,Other,Civil Service administrator,CSE,3rd Year,7.29,3+
Jamie Fernandez,eferguson@yahoo.com,Other,28,B.Tech,,Electrical,3rd Year,6.47,3+
Harold Obrien,gonzalezjames@romero-flores.info,Female,25,Other,Ceramics designer,CSE,2nd Year,6.71,3+
Ryan Roach,fmiller@butler-williams.org,Female,27,B.Tech,,CSE,Completed,5.81,
Andrea Gibson,johnsonjoseph@hart-hayes.net,Other,23,B.Tech,,Mechanical,3rd Year,7.83,2
Erin Brown,mario58@gmail.com,Female,23,B.E,,Mechanical,Completed,6.14,
Mary Barnes,taylorfrancis@hotmail.com,Male,22,BCA,,CSE,3rd Year,6.47,2
George Joseph,zachary42@gmail.com,Male,20,M.Sc,,IT,4th Year,8.02,
Shannon Serrano,fwright@yahoo.com,Other,30,Other,Actuary,Mechanical,Completed,5.73,3+
Christopher Blair,kleincameron@hotmail.com,Female,23,B.Sc,,CSE,2nd Year,9.76,
Amber Arias,wanda25@phillips.com,Other,18,MCA,,Civil,2nd Year,8.38,
Thomas Winters,lnelson@yahoo.com,Other,26,B.Sc,,Electrical,2nd Year,6.78,1
Ronald Monroe,morenotimothy@anderson.com,Other,18,B.E,,IT,1st Year,8.62,
Brian Peters,burnspeter@anderson.com,Male,23,Other,Warden/ranger,CSE,3rd Year,9.93,2
Elizabeth Hunter,susanclark@reyes.com,Male,18,M.Tech,,ECE,Completed,6.17,3+
Olivia Hernandez,deborah08@hotmail.com,Other,22,BCA,,Civil,2nd Year,10.0,2
Jennifer Berry,williamsanders@hotmail.com,Female,24,Other,"Social research officer, government",Mechanical,4th Year,8.68,3+
Francisco Williams,wwright@yahoo.com,Other,25,MCA,,IT,1st Year,7.63,2
Michael Smith,zfreeman@fields.org,Male,23,MCA,,Civil,Completed,7.72,
Raymond Peck,solomonpatricia@monroe.net,Male,21,MCA,,ECE,2nd Year,9.84,
Erika Gross,carlos09@hotmail.com,Female,27,M.Sc,,CSE,4th Year,8.43,3+
Jennifer Wilson,imercado@york.info,Female,18,M.Sc,,Civil,Completed,8.35,1
Brian Hicks,medinaandrew@carter.org,Female,21,B.E,,ECE,Completed,8.81,3+
Charles Mooney,brian43@mccormick.com,Male,29,Other,Ceramics designer,IT,2nd Year,8.18,
Ryan Garrison,gpowell@moore.com,Other,22,M.Tech,,ECE,Completed,7.33,1
Deborah Cortez,hardinkayla@gmail.com,Male,21,BCA,,Mechanical,3rd Year,7.1,
Brian Peters,burnspeter@anderson.com,Male,23,Other,Warden/ranger,CSE,3rd Year,9.93,2
Jackie Carter,shortrichard@dawson.com,Other,22,M.Tech,,IT,3rd Year,8.38,2
Erin Hammond,emilymontgomery@hotmail.com,Female,24,B.Tech,,CSE,Completed,6.02,
Karen Hogan,cwilliams@rodriguez.com,Male,24,M.Sc,,IT,4th Year,8.84,
Leslie Davis,tyates@gmail.com,Female,30,M.Tech,,IT,2nd Year,6.45,2
Alexandria Townsend,uprince@lopez.net,Male,19,B.Tech,,Electrical,3rd Year,9.94,1
Robert Goodwin,billyfritz@gmail.com,Female,19,B.Tech,,Mechanical,2nd Year,5.68,2
Amanda Fisher,charles61@yahoo.com,Other,19,M.Tech,,Electrical,2nd Year,6.84,2
George Joseph,zachary42@gmail.com,Male,20,M.Sc,,IT,4th Year,8.02,
Jason Rodriguez,christinapotts@hotmail.com,Female,25,BCA,,Mechanical,1st Year,9.15,2
Jason Carter,dereklester@hotmail.com,Female,29,M.Tech,,Mechanical,4th Year,9.65,1
Jason Gonzalez,leebarbara@edwards-haley.com,Female,30,B.Tech,,IT,1st Year,7.08,1
Justin Humphrey,zdavis@newton.com,Male,24,Other,Seismic interpreter,CSE,4th Year,6.45,
Joseph Ramirez,yoderlarry@tran.com,Male,25,M.Tech,,IT,1st Year,9.03,2
Richard Houston,ygallagher@yahoo.com,Male,29,Other,"Designer, exhibition/display",Electrical,2nd Year,5.39,3+
Robert Bowers,urodriguez@yahoo.com,Male,22,Other,Education administrator,Mechanical,4th Year,8.97,2
Anthony Reese,kevin99@anthony-berry.com,Male,25,B.E,,Electrical,4th Year,5.83,3+
Laura Moran,dtran@hotmail.com,Other,29,MCA,,CSE,1st Year,9.2,2
Adam Beck,elarson@owens-mitchell.com,Male,25,M.Tech,,IT,Completed,5.72,2
Sherry Clark,fjackson@hotmail.com,Male,23,BCA,,ECE,3rd Year,9.58,
Allison Rodgers,lbenjamin@contreras-english.com,Male,22,B.Sc,,Mechanical,3rd Year,9.48,2
Brent Bennett,odixon@fields.org,Female,21,MCA,,IT,1st Year,9.42,1
Monica Gray,tjohnson@smith.net,Other,27,B.E,,Electrical,3rd Year,9.53,
Philip Perez,beardtanya@wolf-obrien.com,Male,26,Other,Art therapist,ECE,2nd Year,7.03,
John Hernandez,wwagner@cohen.com,Male,23,M.Sc,,Mechanical,2nd Year,9.0,3+
Brandon Davis,terri58@williams.biz,Male,24,M.Sc,,Civil,Completed,5.71,3+
Kenneth Davies,nicholasmartin@gmail.com,Female,27,MCA,,ECE,Completed,6.4,1
Megan Moreno,tperkins@terry-hanson.info,Other,30,B.E,,CSE,2nd Year,6.33,2
Jason Robinson,stephenrivera@hotmail.com,Female,23,MCA,,Mechanical,1st Year,9.1,3+
Michael Gomez,micheleliu@yahoo.com,Male,21,B.Tech,,Mechanical,2nd Year,5.46,
Michael Gibbs,stephen62@gmail.com,Male,23,B.Tech,,ECE,2nd Year,5.63,
Steven Miranda,matthewponce@hotmail.com,Other,21,B.E,,Electrical,3rd Year,6.22,3+
Andrea Coleman,triciaharris@gmail.com,Other,22,M.Tech,,Mechanical,Completed,7.21,3+
Hannah Anderson,kathrynbrown@yahoo.com,Male,18,M.Tech,,Electrical,Completed,9.21,
Kimberly Pace,kimberly34@yahoo.com,Female,20,B.E,,CSE,2nd Year,5.15,1
Alexander Schneider,cwheeler@gmail.com,Other,25,B.Tech,,CSE,3rd Year,7.13,
Joseph Curry,robertsharp@tyler.org,Female,26,BCA,,Civil,3rd Year,5.79,2
James Davenport,dwarren@yahoo.com,Other,19,BCA,,CSE,Completed,5.99,2
Anne Flores,sherrythompson@hotmail.com,Male,18,BCA,,Electrical,2nd Year,7.2,2
Anna Baker,ricardo09@gomez.com,Female,26,M.Tech,,Mechanical,3rd Year,9.26,
Michelle Valdez,richardstafford@yahoo.com,Male,23,B.Sc,,ECE,4th Year,8.75,
Jennifer Lee,chandlertoni@lucas-stephens.org,Female,23,Other,Passenger transport manager,Civil,3rd Year,6.21,2
Jonathan Smith,kristinagarza@yahoo.com,Male,18,Other,Retail banker,IT,Completed,5.17,3+
Anthony Reed,murphyedward@brown-williams.com,Female,23,B.E,,Mechanical,3rd Year,8.59,
Heather Farmer,destinyburgess@morgan.info,Male,19,B.E,,ECE,1st Year,7.79,3+
Laura Crane,tallen@arnold.com,Male,23,M.Tech,,ECE,2nd Year,8.81,2
Hunter Atkins,schwartzwendy@massey.com,Female,22,Other,"Nurse, adult",Mechanical,Completed,9.12,
Thomas Chavez,jessica83@cowan-kaiser.com,Other,26,BCA,,ECE,Completed,5.49,2
Bradley Anthony,timothy42@hammond.biz,Female,21,B.Tech,,ECE,2nd Year,5.71,2
Timothy Rose,amandarivera@gmail.com,Female,29,MCA,,CSE,1st Year,9.96,1
Amber Winters,fwilliams@hotmail.com,Female,27,B.Tech,,Mechanical,3rd Year,7.72,1
Ana Montgomery,mariagay@benson-ortiz.biz,Female,30,M.Sc,,IT,1st Year,7.01,1
Tammy Henson,carlos11@yahoo.com,Female,18,B.Sc,,Civil,3rd Year,7.86,2
Michael Sanders,josephedward@yahoo.com,Male,27,B.Sc,,IT,4th Year,7.67,
Mr. Ryan Weber,jorgeingram@montgomery-lewis.info,Male,28,M.Sc,,Electrical,1st Year,7.65,3+
Sandra Castro,johnhardin@espinoza.com,Other,23,B.E,,CSE,3rd Year,9.32,1
Natalie Young,janicesparks@yahoo.com,Other,26,B.Tech,,ECE,2nd Year,9.44,
Christina White,fosterlisa@brown-miller.biz,Female,26,M.Tech,,ECE,3rd Year,9.03,
Michelle Hill,lisa38@curtis.net,Other,18,M.Sc,,Mechanical,Completed,7.96,2
Matthew Martinez,samanthalewis@gmail.com,Female,25,M.Sc,,Electrical,Completed,7.02,1
Misty Phillips,griffinlaurie@hill.com,Other,30,M.Sc,,CSE,1st Year,6.65,2
Brianna Oliver,jon65@robinson.info,Other,24,M.Tech,,CSE,Completed,9.99,
Timothy Richards,sototimothy@day-reed.com,Other,19,B.E,,Mechanical,2nd Year,5.69,1
Megan Fuentes,jennifer35@wright.com,Male,30,B.Tech,,Mechanical,3rd Year,7.17,
Diana Nguyen,noah56@hotmail.com,Male,24,M.Sc,,ECE,Completed,8.26,3+
Penny Mitchell,patricksimpson@sandoval.com,Other,29,M.Sc,,Electrical,1st Year,7.46,1
Tammy Jackson,mercedescollins@taylor.biz,Other,21,M.Sc,,CSE,1st Year,7.53,3+
Deborah Thompson DDS,jacksonheather@forbes-stone.com,Female,30,Other,Warden/ranger,Electrical,4th Year,6.51,1
Kenneth Huynh,shawnbrown@yahoo.com,Other,28,B.Tech,,Electrical,1st Year,9.73,2
Nathan Bowers,michaelsellers@trevino-ramirez.com,Male,18,Other,Lawyer,CSE,3rd Year,7.16,1
Mark Gutierrez,aodonnell@yahoo.com,Female,30,B.Tech,,CSE,2nd Year,7.54,
Kathleen Murphy,lynn98@hotmail.com,Other,22,MCA,,Civil,3rd Year,6.34,
Hector Mullen,stephanieknox@guzman-hughes.biz,Other,27,B.Tech,,Mechanical,4th Year,8.06,3+
Nathan Reynolds,moralesashley@yahoo.com,Male,21,Other,Merchant navy officer,ECE,1st Year,7.33,1
Kayla Jones,paulaortiz@snyder.info,Male,25,BCA,,Mechanical,4th Year,9.32,1
Benjamin Stone,richardcooper@hotmail.com,Other,20,M.Tech,,Mechanical,1st Year,9.17,
Jeffrey Ramirez,obooth@bishop.com,Other,27,MCA,,ECE,2nd Year,7.23,2
Karen Lee,lharris@bradley.com,Other,27,B.Sc,,ECE,2nd Year,6.5,1
Amy Welch,dweber@yahoo.com,Male,26,B.E,,Civil,4th Year,5.95,
Michelle Herrera,markvazquez@gmail.com,Male,30,BCA,,ECE,2nd Year,6.92,1
Robert Alexander,michael88@gmail.com,Other,23,B.Sc,,Mechanical,1st Year,9.93,1
Alice Gonzalez,paullittle@zuniga.com,Other,26,M.Sc,,Civil,1st Year,5.02,
Michael Lopez,lsaunders@yahoo.com,Other,19,M.Tech,,Civil,4th Year,6.93,3+
Karen Lee,lharris@bradley.com,Other,27,B.Sc,,ECE,2nd Year,6.5,1
Kyle Escobar,ericksonstacey@wagner.com,Other,27,MCA,,ECE,3rd Year,5.37,2
Glenn Smith,adavis@hotmail.com,Female,27,B.E,,Mechanical,Completed,5.55,
Alexander Williams,padillamorgan@gmail.com,Male,22,M.Tech,,IT,3rd Year,5.11,
Zachary Nichols,brittanyhawkins@robinson.com,Male,22,MCA,,CSE,Completed,6.34,3+
James Olson,erin30@barrera-guzman.net,Male,21,B.E,,Mechanical,Completed,8.89,3+
Melissa Barron,taylorkelley@hotmail.com,Other,24,BCA,,Mechanical,1st Year,5.33,
Edward Williams,nsilva@yahoo.com,Other,27,BCA,,CSE,1st Year,6.01,2
Jennifer King,reyesjonathan@turner-wells.net,Other,28,M.Tech,,ECE,2nd Year,8.92,1
Samantha Morgan,ferrellgregory@ray.com,Male,20,B.E,,Mechanical,1st Year,6.74,
Michael Davila DVM,mcbridepatricia@hotmail.com,Other,22,B.Tech,,CSE,2nd Year,9.73,1
Erica Strong,maxwellcassandra@yahoo.com,Male,27,MCA,,Mechanical,3rd Year,5.81,1
Michael Pacheco,ynorris@rosales-gilbert.com,Male,27,M.Sc,,CSE,2nd Year,7.45,
Kristina Ellis,elaine26@yahoo.com,Other,18,B.E,,Electrical,1st Year,9.22,2
Cindy Watson,ricky53@yahoo.com,Female,25,B.Tech,,IT,Completed,5.63,2
Tommy Montoya,ramosamanda@gmail.com,Female,29,MCA,,CSE,2nd Year,8.02,1
Adam Sutton,mark42@stevens.com,Male,23,B.E,,Mechanical,4th Year,8.89,1
Ryan Gomez,rogergoodman@chung.com,Other,23,B.Tech,,CSE,3rd Year,8.04,3+
Maria Gill,deborahnoble@hotmail.com,Male,27,B.Tech,,Electrical,Completed,9.3,3+
Heather Werner,fernandezlauren@gmail.com,Other,22,M.Tech,,Electrical,1st Year,9.08,2
Jose Reyes,smithjohn@gmail.com,Female,23,B.Tech,,CSE,3rd Year,8.69,1
James Williams,davisrichard@hotmail.com,Female,29,Other,"Engineer, communications",Mechanical,1st Year,8.99,3+
Kelly Torres,kyle61@smith.com,Male,28,M.Sc,,CSE,3rd Year,8.99,2
Melody Boyd,bhunt@hotmail.com,Female,28,B.E,,CSE,Completed,9.32,1
Susan Hunt,johnsonyesenia@hotmail.com,Male,19,MCA,,Electrical,1st Year,9.97,2
Carrie Bishop,zolsen@gaines.com,Female,26,B.Sc,,CSE,1st Year,7.44,3+
Anthony Jimenez,emack@martin.com,Male,19,B.Sc,,Mechanical,4th Year,8.42,3+
Emily Moore,katelyn66@hotmail.com,Female,24,B.E,,Electrical,4th Year,9.74,3+
Adam Gilmore,whitepenny@gmail.com,Other,26,MCA,,CSE,3rd Year,8.57,2
Tom Porter,jonesbrianna@gmail.com,Other,29,Other,"Librarian, public",Mechanical,1st Year,9.32,
Thomas Chaney,johnsondavid@cunningham.com,Female,26,Other,"Engineer, manufacturing systems",IT,1st Year,9.72,
Jennifer Lee,millerjeffrey@roberson.net,Female,20,Other,Petroleum engineer,Mechanical,Completed,6.88,3+
Julie Green,jermainebrown@jones-davis.info,Other,30,Other,Chief Strategy Officer,ECE,2nd Year,7.05,
Roberta Davies,danielsbrett@rojas-edwards.com,Female,18,BCA,,ECE,2nd Year,8.99,
Laurie Phillips,reginakirk@gmail.com,Other,19,M.Tech,,Electrical,4th Year,5.78,3+
Jason Carter,dereklester@hotmail.com,Female,29,M.Tech,,Mechanical,4th Year,9.65,1
Brandy Jones,berrytaylor@mccann.com,Male,29,M.Sc,,IT,1st Year,5.27,1
Jason Maldonado,youngmike@young-murray.org,Female,29,B.E,,Electrical,1st Year,9.92,
Justin Humphrey,zdavis@newton.com,Male,24,Other,Seismic interpreter,CSE,4th Year,6.45,
Michael Mccall,cheryl93@reynolds.com,Other,22,Other,Chief Operating Officer,Civil,1st Year,8.98,3+
Shari Garcia,dustin21@yahoo.com,Other,30,MCA,,Electrical,3rd Year,9.92,3+
Brian Garner,sweeneydavid@ray-smith.biz,Male,29,M.Sc,,CSE,2nd Year,5.65,
Mr. Sean Bowers,dennishogan@yahoo.com,Male,22,MCA,,Civil,3rd Year,9.87,2
Tom Porter,jonesbrianna@gmail.com,Other,29,Other,"Librarian, public",Mechanical,1st Year,9.32,
Patrick Davis,kaylarobertson@hotmail.com,Other,29,Other,Herbalist,ECE,4th Year,5.61,
Karen Padilla,gavin10@mcclure.net,Other,22,B.Tech,,IT,4th Year,6.43,3+
Paula Cox,stephen99@martin.com,Other,19,M.Tech,,ECE,Completed,8.12,2
Gabriel Ayers,jeremy48@yahoo.com,Female,19,Other,"Clinical scientist, histocompatibility and immunogenetics",Electrical,2nd Year,6.19,1
Samuel Levine,williamallen@hotmail.com,Female,25,B.Tech,,Electrical,Completed,8.73,2
Mikayla Palmer,smithdiana@leach.com,Male,27,Other,"Teacher, English as a foreign language",ECE,4th Year,5.78,2
James Jackson,whendrix@yahoo.com,Female,21,M.Sc,,ECE,1st Year,9.58,1
Brandon Davis,terri58@williams.biz,Male,24,M.Sc,,Civil,Completed,5.71,3+
Charles Davis,william22@yahoo.com,Other,19,B.E,,Electrical,2nd Year,5.73,3+
Michelle Clark,millerchristopher@macias.com,Male,26,Other,"Psychotherapist, child",IT,3rd Year,9.95,3+
Todd Cherry,sarah93@gmail.com,Female,25,BCA,,ECE,4th Year,9.83,2
Jessica Carter,millerjennifer@gmail.com,Other,26,M.Tech,,Mechanical,1st Year,6.44,1
Karen Wallace,melissa33@murillo.com,Other,23,Other,General practice doctor,Mechanical,2nd Year,9.6,3+
Rachel Gomez,brandon01@gmail.com,Other,21,B.E,,IT,4th Year,5.48,2
William Keller,floresjavier@blankenship-mann.com,Female,27,B.Sc,,Electrical,4th Year,6.37,3+
Marilyn Perez,elizabethgarner@gmail.com,Female,23,Other,Advertising art director,Electrical,Completed,6.02,1
Duane Reeves,sgarcia@richardson-peters.com,Male,19,M.Tech,,CSE,2nd Year,7.16,
Patrick Parker,josephwilkins@padilla.net,Female,30,M.Sc,,CSE,4th Year,7.69,
Taylor Reyes,madisonmartinez@yahoo.com,Male,29,B.E,,CSE,2nd Year,8.33,
Gerald Campbell,davidsmith@yahoo.com,Female,19,B.Sc,,ECE,2nd Year,7.27,2
Joseph Rodgers,tblankenship@ramirez.biz,Female,18,BCA,,IT,1st Year,6.89,2
Lisa Powell,rhonda85@yahoo.com,Male,22,M.Sc,,ECE,4th Year,7.62,
Theresa Nunez,jamesyoder@castillo.info,Male,18,Other,Public affairs consultant,Mechanical,3rd Year,8.77,3+
Vernon Ochoa,tracyjackson@gmail.com,Other,26,B.Tech,,IT,2nd Year,7.79,
Diana Nguyen,noah56@hotmail.com,Male,24,M.Sc,,ECE,Completed,8.26,3+
Natalie Young,janicesparks@yahoo.com,Other,26,B.Tech,,ECE,2nd Year,9.44,
Jacob Anderson,julielewis@ferguson.com,Female,18,BCA,,CSE,2nd Year,6.57,3+
Christine Cain,pattontimothy@gmail.com,Other,25,Other,Hospital doctor,Electrical,1st Year,7.83,2
Jon Nelson,carrillojack@vargas.com,Male,27,MCA,,CSE,4th Year,8.8,1
Erin Brown,mario58@gmail.com,Female,23,B.E,,Mechanical,Completed,6.14,
Andre Rivas,jefferyferguson@taylor.com,Other,27,BCA,,CSE,1st Year,7.19,1
Michael Gibbs,stephen62@gmail.com,Male,23,B.Tech,,ECE,2nd Year,5.63,
Christopher Richmond,wilsonjoseph@galvan.com,Other,27,B.Tech,,Civil,2nd Year,6.04,1
David Garcia,contreraskatie@gmail.com,Male,21,Other,Product manager,IT,4th Year,9.1,2
Wayne Marshall,patrickgriffith@boyd.com,Other,30,M.Tech,,Electrical,3rd Year,6.44,3+
Joe Johnson,ysmith@hotmail.com,Male,20,M.Sc,,ECE,Completed,8.13,
Daniel Lara,bryanholmes@hotmail.com,Female,24,M.Tech,,Electrical,3rd Year,7.81,
Todd Schneider,rdean@yahoo.com,Other,27,BCA,,Civil,1st Year,9.4,2
Russell Lowe,keithwilliams@duncan.com,Male,26,Other,Regulatory affairs officer,Mechanical,Completed,5.69,
Todd Schneider,rdean@yahoo.com,Other,27,BCA,,Civil,1st Year,9.4,2
Dean Greene,gordon05@george-christensen.biz,Male,29,B.Sc,,Civil,1st Year,9.48,1
Mrs. Mariah Randall DDS,eric44@morgan.com,Female,26,Other,Agricultural engineer,Mechanical,1st Year,5.39,2
Dr. Matthew Henderson,jeffreymorgan@alexander-roberts.com,Male,28,MCA,,Mechanical,1st Year,5.97,2
Megan Smith,huffmanjonathan@lowe-steele.com,Female,20,M.Sc,,ECE,Completed,9.22,2
Kenneth Huynh,shawnbrown@yahoo.com,Other,28,B.Tech,,Electrical,1st Year,9.73,2
David Baker,tylerstevenson@hotmail.com,Male,30,M.Tech,,Mechanical,2nd Year,9.63,
Andrew Hampton,carl06@logan.com,Other,23,M.Sc,,Civil,3rd Year,8.53,2
Christopher Perry,cathy60@yahoo.com,Female,26,B.E,,Mechanical,2nd Year,6.2,3+
Patricia Lewis,kristenchurch@hotmail.com,Other,19,M.Tech,,CSE,1st Year,6.41,3+
Tracy Miller,fhaley@hotmail.com,Female,30,B.Sc,,Electrical,3rd Year,6.47,3+
Jessica Carter,millerjennifer@gmail.com,Other,26,M.Tech,,Mechanical,1st Year,6.44,1
Dalton Williams,matthew16@cunningham-powell.org,Female,28,B.E,,Electrical,Completed,9.92,1
Sharon Campbell,icooper@yahoo.com,Male,21,M.Tech,,Electrical,4th Year,5.13,3+
Scott Rodriguez,robinrobinson@norton.info,Male,25,M.Tech,,CSE,Completed,8.7,
Timothy Richards,sototimothy@day-reed.com,Other,19,B.E,,Mechanical,2nd Year,5.69,1
Sandra Castro,johnhardin@espinoza.com,Other,23,B.E,,CSE,3rd Year,9.32,1
Kenneth Avery,coxdarren@hernandez.com,Female,26,MCA,,Civil,Completed,7.16,
Jordan Miller,ckirk@gmail.com,Male,19,B.Sc,,Mechanical,4th Year,8.81,1
Rebecca Olson,weisskeith@murillo.info,Male,29,M.Tech,,Mechanical,3rd Year,5.75,
Robert Ward,angela01@hotmail.com,Female,30,M.Sc,,IT,Completed,6.38,
Scott Grimes,sherriturner@hotmail.com,Other,20,Other,Metallurgist,CSE,2nd Year,7.51,
Joshua Smith,jessica64@ochoa-holmes.org,Other,28,Other,Race relations officer,IT,Completed,8.25,1
Nathan Reynolds,moralesashley@yahoo.com,Male,21,Other,Merchant navy officer,ECE,1st Year,7.33,1
Erica Strong,maxwellcassandra@yahoo.com,Male,27,MCA,,Mechanical,3rd Year,5.81,1
Jamie Reese,jessicadickson@perez-rodriguez.com,Male,25,BCA,,Civil,1st Year,8.86,2
David Lane,qmartin@yahoo.com,Female,30,Other,Radio producer,Civil,Completed,6.14,2
Kelly Luna,allisonsmith@bell.com,Male,22,MCA,,Civil,3rd Year,9.52,
Angelica Henry,kendrapotter@maynard.com,Male,28,BCA,,ECE,4th Year,9.98,
Catherine Kline DDS,gillcandace@gmail.com,Female,26,BCA,,Civil,1st Year,6.64,
Cody Sims,jerrygreen@foley-cox.com,Female,25,B.E,,IT,2nd Year,6.4,2
Charles Johnson,nmora@short-hernandez.com,Male,29,M.Tech,,Mechanical,3rd Year,8.18,1
Amy Jensen,madams@walker.com,Other,25,BCA,,CSE,1st Year,5.84,
Joshua Combs,watsondeborah@gmail.com,Male,18,M.Tech,,Mechanical,3rd Year,5.39,2
Brandon Chen,kyleharvey@yahoo.com,Female,25,BCA,,Civil,2nd Year,9.95,2
Bobby Choi,allisonwilson@sosa.org,Other,24,M.Tech,,IT,3rd Year,6.68,
Todd Schneider,rdean@yahoo.com,Other,27,BCA,,Civil,1st Year,9.4,2
Daniel Gonzalez,brian40@gmail.com,Other,21,B.Sc,,ECE,2nd Year,5.39,2
Sharon Campbell,icooper@yahoo.com,Male,21,M.Tech,,Electrical,4th Year,5.13,3+
Duane Reeves,sgarcia@richardson-peters.com,Male,19,M.Tech,,CSE,2nd Year,7.16,
Thomas Freeman,pjohnson@fisher-casey.biz,Other,18,M.Tech,,ECE,3rd Year,7.11,
Dana Robinson,leedrake@gilbert-keith.com,Other,22,M.Tech,,ECE,3rd Year,8.1,
Stephanie Schmidt,james22@yahoo.com,Male,30,B.E,,ECE,1st Year,9.43,3+
Elizabeth Arnold,nrice@woods-morris.info,Female,30,B.Tech,,IT,3rd Year,6.15,
Adrian Hunt,mortonandrew@wallace-coleman.org,Other,30,M.Tech,,ECE,4th Year,7.27,3+
Kimberly Nguyen,nathanrobbins@gonzales-smith.biz,Female,20,BCA,,Civil,3rd Year,9.6,
Deborah Cortez,hardinkayla@gmail.com,Male,21,BCA,,Mechanical,3rd Year,7.1,
Andrea Gibson,johnsonjoseph@hart-hayes.net,Other,23,B.Tech,,Mechanical,3rd Year,7.83,2
Jeffery Lane,ashley72@yahoo.com,Female,22,B.E,,Electrical,Completed,9.02,2
Tammy Christian PhD,elizabethtrujillo@hotmail.com,Female,29,B.Sc,,ECE,1st Year,9.23,
Megan Norman,xjordan@grant-martinez.com,Other,25,M.Tech,,Mechanical,3rd Year,9.63,2
James Charles,christophermathis@fernandez-thompson.com,Male,29,M.Tech,,Civil,4th Year,8.16,1
Michael Williams,unelson@hotmail.com,Male,25,MCA,,ECE,Completed,9.13,
Anthony Warren,amygutierrez@yahoo.com,Male,27,B.Sc,,Mechanical,2nd Year,9.37,3+
Clayton Turner,victorgibbs@roberts.biz,Female,22,B.E,,CSE,1st Year,6.0,3+
Morgan Cherry,blairxavier@yahoo.com,Female,27,B.Tech,,IT,1st Year,8.23,3+
Heather Richard,brianna30@chang-evans.net,Male,26,BCA,,CSE,3rd Year,6.02,
Edgar Evans,glenpearson@hotmail.com,Male,23,BCA,,CSE,3rd Year,9.6,1
Debra Ruiz,hernandezlauren@hotmail.com,Male,28,Other,Community arts worker,CSE,4th Year,8.58,1
Matthew Martinez,samanthalewis@gmail.com,Female,25,M.Sc,,Electrical,Completed,7.02,1
Erik Rogers,wbright@yahoo.com,Male,24,B.Sc,,Electrical,3rd Year,7.99,
David Ramirez,mphillips@johnson.com,Female,27,M.Sc,,CSE,1st Year,7.89,
Theresa Simpson,samuelmoore@jenkins.net,Female,22,B.E,,CSE,Completed,8.71,2
Kristi Williams,craneamanda@petty.com,Other,24,B.Sc,,CSE,3rd Year,9.96,3+
Steven Miranda,matthewponce@hotmail.com,Other,21,B.E,,Electrical,3rd Year,6.22,3+
Ernest Bates,campbelllinda@garcia.net,Female,25,Other,"Psychologist, sport and exercise",ECE,1st Year,9.46,2
Kimberly Nguyen,nathanrobbins@gonzales-smith.biz,Female,20,BCA,,Civil,3rd Year,9.6,
Heather Tapia,april02@hartman.com,Male,26,B.E,,Electrical,2nd Year,5.97,2
Gabriel Ayers,jeremy48@yahoo.com,Female,19,Other,"Clinical scientist, histocompatibility and immunogenetics",Electrical,2nd Year,6.19,1
Benjamin Davis,tina40@lowery.com,Male,22,M.Sc,,IT,3rd Year,8.17,3+
Alec Rosario,diana86@gmail.com,Other,26,M.Sc,,IT,3rd Year,8.7,1
David Smith,dwolfe@henderson.com,Male,22,Other,"Exhibitions officer, museum/gallery",Civil,2nd Year,5.46,
Jeffrey Lee,rachaelmartin@kirby.com,Male,18,B.Sc,,IT,4th Year,9.23,1
Sharon Campbell,icooper@yahoo.com,Male,21,M.Tech,,Electrical,4th Year,5.13,3+
Michele Wilson,meganmoreno@patterson-stevens.com,Female,29,B.E,,IT,2nd Year,9.42,3+
Robert Bowers,urodriguez@yahoo.com,Male,22,Other,Education administrator,Mechanical,4th Year,8.97,2
Michael Rodriguez,mwise@hotmail.com,Male,29,B.Sc,,Electrical,1st Year,5.47,1
Charles Allen,scott40@gmail.com,Other,18,B.Tech,,ECE,2nd Year,7.25,3+
Robert Bowers,urodriguez@yahoo.com,Male,22,Other,Education administrator,Mechanical,4th Year,8.97,2
Jeffrey Yang,wanda78@gmail.com,Other,23,B.Sc,,Electrical,1st Year,5.43,2
Alicia Ayala,teresa43@gmail.com,Other,18,B.E,,Electrical,2nd Year,5.45,3+
Bradley Colon,owensrachel@hotmail.com,Male,18,BCA,,IT,1st Year,6.03,2
Deanna Shepherd,crosszachary@hotmail.com,Male,19,BCA,,Electrical,4th Year,9.83,1
Amy Jensen,madams@walker.com,Other,25,BCA,,CSE,1st Year,5.84,
Jennifer Kennedy,tammie62@carter-jones.com,Other,21,B.E,,CSE,3rd Year,9.22,3+
Shelly Vang,gortega@gmail.com,Male,21,M.Sc,,IT,3rd Year,5.05,1
Theresa Simpson,samuelmoore@jenkins.net,Female,22,B.E,,CSE,Completed,8.71,2
Catherine Kline DDS,gillcandace@gmail.com,Female,26,BCA,,Civil,1st Year,6.64,
Erin Clark,millerkurt@daugherty.info,Other,19,BCA,,Mechanical,3rd Year,9.84,1
Lisa Ferguson,qbriggs@wilson.net,Other,23,B.Sc,,Mechanical,4th Year,5.42,3+
Jamie Avila,jennifer60@anderson-williams.info,Female,21,BCA,,Mechanical,3rd Year,8.82,2
Elizabeth Rogers,justintaylor@gmail.com,Male,24,Other,"Surveyor, building control",ECE,Completed,9.91,3+
Misty Phillips,griffinlaurie@hill.com,Other,30,M.Sc,,CSE,1st Year,6.65,2
Cindy Watson,ricky53@yahoo.com,Female,25,B.Tech,,IT,Completed,5.63,2
Karen Padilla,gavin10@mcclure.net,Other,22,B.Tech,,IT,4th Year,6.43,3+
Benjamin Stone,richardcooper@hotmail.com,Other,20,M.Tech,,Mechanical,1st Year,9.17,
Todd Harris MD,mzuniga@hill.com,Female,19,B.E,,Civil,3rd Year,8.83,1
Jonathan Lindsey,elittle@anderson-velez.com,Male,26,B.Tech,,Mechanical,2nd Year,7.54,1
Melissa Harris,greenlori@gmail.com,Female,20,B.Tech,,Mechanical,2nd Year,6.95,2
Andrew Butler,gregoryharris@yahoo.com,Other,27,B.Tech,,IT,3rd Year,8.56,3+
Daniel Clay,shawnmiles@hotmail.com,Female,20,M.Tech,,ECE,4th Year,5.4,2
Lisa Ferguson,qbriggs@wilson.net,Other,23,B.Sc,,Mechanical,4th Year,5.42,3+
Amber Riley,rushchristopher@hotmail.com,Female,25,B.Tech,,Civil,1st Year,8.11,3+
Dr. Matthew Henderson,jeffreymorgan@alexander-roberts.com,Male,28,MCA,,Mechanical,1st Year,5.97,2
Edward Estrada,kathymccall@pham.com,Other,21,BCA,,Electrical,1st Year,8.22,2
Jessica Weber,michellerandall@hotmail.com,Female,23,B.Tech,,CSE,1st Year,7.24,2
Nancy Gillespie,john47@allen-santana.info,Female,20,Other,"Surveyor, building",Civil,3rd Year,8.67,
Jay Lee,tbowman@graham.org,Male,26,B.Sc,,CSE,1st Year,7.96,2
Suzanne Diaz,calvingriffin@ortiz.info,Other,18,MCA,,Mechanical,Completed,6.32,1
Kelly Conley,patricia72@gmail.com,Other,27,B.Sc,,Civil,Completed,5.76,3+
Cynthia Parker,pattongary@kelly.com,Female,25,B.E,,Mechanical,1st Year,8.59,3+
Danielle Walker,dustinperez@gmail.com,Male,26,M.Tech,,Civil,4th Year,8.35,3+
Thomas Winters,lnelson@yahoo.com,Other,26,B.Sc,,Electrical,2nd Year,6.78,1
Eric Ryan,hinesrebecca@gilbert.com,Male,20,B.Sc,,Electrical,1st Year,6.4,
Jon Nelson,carrillojack@vargas.com,Male,27,MCA,,CSE,4th Year,8.8,1
Deborah Thompson DDS,jacksonheather@forbes-stone.com,Female,30,Other,Warden/ranger,Electrical,4th Year,6.51,1
Charles Roberts,pbutler@gmail.com,Male,21,M.Tech,,CSE,3rd Year,8.11,
Deanna Shepherd,crosszachary@hotmail.com,Male,19,BCA,,Electrical,4th Year,9.83,1
Charles Roberts,pbutler@gmail.com,Male,21,M.Tech,,CSE,3rd Year,8.11,
Kelli Jones,alexander19@mercado.com,Female,20,Other,Chartered accountant,Civil,1st Year,8.19,
Larry Lane,nicholas26@cook.com,Other,27,MCA,,Mechanical,4th Year,6.5,3+
Michael Adams,katie76@gmail.com,Female,20,M.Tech,,Mechanical,4th Year,8.9,3+
Christian White,bowmantanya@randall.info,Male,20,B.Tech,,ECE,4th Year,8.73,
Shannon Garcia,melissapratt@murillo.info,Male,20,B.Tech,,CSE,2nd Year,9.96,
Linda Davis,xjones@yahoo.com,Female,23,M.Tech,,Civil,4th Year,7.09,
Courtney Byrd MD,ellisonmarilyn@smith.com,Female,25,B.Tech,,Electrical,Completed,8.59,
Victor Mcmahon,omorgan@yahoo.com,Other,25,B.Tech,,ECE,1st Year,9.05,3+
Michael Gardner,ericgriffin@robertson.net,Other,18,M.Tech,,Civil,2nd Year,7.75,3+
Dr. Matthew Henderson,jeffreymorgan@alexander-roberts.com,Male,28,MCA,,Mechanical,1st Year,5.97,2
Misty Phillips,griffinlaurie@hill.com,Other,30,M.Sc,,CSE,1st Year,6.65,2
Megan Norman,xjordan@grant-martinez.com,Other,25,M.Tech,,Mechanical,3rd Year,9.63,2
Theresa Simpson,samuelmoore@jenkins.net,Female,22,B.E,,CSE,Completed,8.71,2
Madison Walters,ronaldlittle@rodriguez.biz,Female,21,M.Tech,,CSE,1st Year,6.34,2
Tiffany Douglas,alikenneth@yahoo.com,Other,26,M.Tech,,IT,4th Year,8.4,3+
Troy Merritt,nguyenjoshua@hotmail.com,Other,27,Other,Jewellery designer,Electrical,2nd Year,8.92,
Gary House,earl32@hotmail.com,Other,18,B.E,,IT,Completed,9.0,1
Richard Garrett,ireed@gmail.com,Male,25,M.Tech,,Mechanical,2nd Year,8.95,1
Jennifer Lopez,rodriguezmatthew@lee.net,Female,27,MCA,,Mechanical,1st Year,9.94,1
Heather Ross,grahamkyle@yahoo.com,Male,24,B.Tech,,Civil,1st Year,6.26,
Thomas Chaney,johnsondavid@cunningham.com,Female,26,Other,"Engineer, manufacturing systems",IT,1st Year,9.72,
Jessica Merritt,zcollins@edwards.com,Male,27,M.Sc,,ECE,2nd Year,8.21,3+
Wayne Marshall,patrickgriffith@boyd.com,Other,30,M.Tech,,Electrical,3rd Year,6.44,3+
Nancy Rodriguez,nicholas25@hotmail.com,Male,27,MCA,,CSE,4th Year,5.52,2
Rhonda Chambers,johnsullivan@hotmail.com,Other,22,M.Tech,,ECE,Completed,7.32,3+
Yvonne Freeman,craig87@wilson.biz,Other,22,B.E,,Mechanical,4th Year,8.58,2
Jason Carter,dereklester@hotmail.com,Female,29,M.Tech,,Mechanical,4th Year,9.65,1
Ashley Livingston,johnsonaudrey@pierce.org,Other,27,MCA,,IT,2nd Year,5.62,2
Joseph Rodgers,tblankenship@ramirez.biz,Female,18,BCA,,IT,1st Year,6.89,2
Carrie Ayala,ariana57@cobb.com,Female,19,M.Sc,,ECE,1st Year,7.38,
Rachael Patterson,ashley16@carter-west.com,Female,30,B.E,,ECE,Completed,7.13,2
Eric Mccullough,nicholaswhite@guerra.com,Male,27,B.Sc,,Electrical,4th Year,7.74,3+
John Porter,petersonlogan@hotmail.com,Other,23,Other,"Designer, fashion/clothing",Civil,3rd Year,6.71,2
Sean Chavez,alyssa39@yahoo.com,Female,27,B.Tech,,ECE,2nd Year,6.71,2
Teresa Mcdonald,cpowell@yahoo.com,Male,23,M.Sc,,Civil,Completed,6.73,3+
Edgar Evans,glenpearson@hotmail.com,Male,23,BCA,,CSE,3rd Year,9.6,1
Kara Wheeler,richardsbrandy@owens.com,Female,29,BCA,,Mechanical,3rd Year,6.03,2
Joseph Ramirez,yoderlarry@tran.com,Male,25,M.Tech,,IT,1st Year,9.03,2
Mary Barnes,taylorfrancis@hotmail.com,Male,22,BCA,,CSE,3rd Year,6.47,2
Wendy Martinez,michaelnelson@cole-taylor.com,Male,22,M.Sc,,Civil,4th Year,6.99,3+
Jonathan Lindsey,elittle@anderson-velez.com,Male,26,B.Tech,,Mechanical,2nd Year,7.54,1
Kevin Hampton,michael96@johnson-li.info,Other,28,B.Sc,,Mechanical,Completed,6.18,1
Jeff Stephens,vmartinez@hotmail.com,Female,22,B.Tech,,Civil,4th Year,5.6,1
Angel Bailey,cramirez@abbott.com,Male,30,BCA,,Electrical,3rd Year,9.64,3+
Justin Oneal,michellerodgers@gamble.org,Other,21,BCA,,ECE,1st Year,5.71,1
Lindsay Anderson,michael67@warren-vega.com,Female,23,M.Sc,,ECE,3rd Year,9.87,1
Michele Robles,joannsmith@yahoo.com,Other,24,B.Tech,,IT,Completed,9.3,
Dr. Linda Beck,samuellarson@williams.net,Other,29,B.Sc,,Civil,4th Year,9.2,2
Lisa Zhang,kerri90@trevino.com,Female,22,Other,Politician's assistant,IT,1st Year,7.3,
Brendan Bush,llong@yahoo.com,Other,20,BCA,,Civil,2nd Year,6.01,3+
Sandra Castro,johnhardin@espinoza.com,Other,23,B.E,,CSE,3rd Year,9.32,1
Jessica Allen,martinluna@hall-jacobs.biz,Other,27,Other,Civil Service administrator,CSE,3rd Year,7.29,3+
Michael Pacheco,ynorris@rosales-gilbert.com,Male,27,M.Sc,,CSE,2nd Year,7.45,
Christopher Johnson,ostewart@hotmail.com,Female,18,MCA,,Civil,4th Year,7.79,2
Anna Huang,blackburndanielle@yahoo.com,Female,19,B.E,,Civil,2nd Year,8.39,3+
Michael Gibbs,stephen62@gmail.com,Male,23,B.Tech,,ECE,2nd Year,5.63,
Todd Brewer,mrussell@griffin-martin.com,Other,26,B.Tech,,CSE,2nd Year,5.78,
Marie Parker,phogan@jackson-higgins.com,Female,19,B.E,,ECE,2nd Year,9.57,3+
Tammy Christian PhD,elizabethtrujillo@hotmail.com,Female,29,B.Sc,,ECE,1st Year,9.23,
Cindy Watson,ricky53@yahoo.com,Female,25,B.Tech,,IT,Completed,5.63,2
Nicole Bolton,weverett@phillips-edwards.com,Other,18,MCA,,Mechanical,4th Year,5.72,
Melody Boyd,bhunt@hotmail.com,Female,28,B.E,,CSE,Completed,9.32,1
Christina Martinez,perryregina@gmail.com,Other,22,B.Sc,,Civil,1st Year,6.96,
Patrick Chambers,pbowen@lee-olson.com,Other,28,B.E,,Civil,3rd Year,7.32,2
Kathy Palmer,patricia55@yahoo.com,Female,28,MCA,,Electrical,Completed,9.64,
Adrian Hunt,mortonandrew@wallace-coleman.org,Other,30,M.Tech,,ECE,4th Year,7.27,3+
Lisa Ferguson,qbriggs@wilson.net,Other,23,B.Sc,,Mechanical,4th Year,5.42,3+
Justin Walker,oneillemily@hall.org,Male,28,M.Sc,,ECE,Completed,5.87,3+
Justin Humphrey,zdavis@newton.com,Male,24,Other,Seismic interpreter,CSE,4th Year,6.45,
Ernest Bates,campbelllinda@garcia.net,Female,25,Other,"Psychologist, sport and exercise",ECE,1st Year,9.46,2
Matthew Yoder,qyoung@gmail.com,Female,26,B.E,,Civil,4th Year,9.77,3+
Jeremy Mcgee,haydennorton@yahoo.com,Male,21,M.Sc,,Mechanical,2nd Year,6.42,2
Karen Hamilton,bfleming@kirby.com,Male,21,M.Tech,,ECE,Completed,9.14,
Roberta James,schwartzmeredith@hotmail.com,Other,27,MCA,,CSE,Completed,5.27,3+
Alexander Booker,njackson@hotmail.com,Female,28,BCA,,IT,3rd Year,7.55,3+
Adrian Hunt,mortonandrew@wallace-coleman.org,Other,30,M.Tech,,ECE,4th Year,7.27,3+
Patrick Parker,josephwilkins@padilla.net,Female,30,M.Sc,,CSE,4th Year,7.69,
Jonathan Alexander,duncantim@hotmail.com,Male,24,MCA,,Electrical,4th Year,7.46,2
Katherine Clay,denisecortez@smith.net,Other,21,MCA,,ECE,4th Year,7.42,2
Elizabeth Hunter,susanclark@reyes.com,Male,18,M.Tech,,ECE,Completed,6.17,3+
Dalton Potts,kelly62@yahoo.com,Male,20,B.Sc,,CSE,1st Year,5.93,3+
Sharon Campbell,icooper@yahoo.com,Male,21,M.Tech,,Electrical,4th Year,5.13,3+
Brandon Murphy,emily00@yahoo.com,Male,24,M.Tech,,Civil,Completed,9.03,1
Scott Cole,jedwards@hansen-freeman.org,Other,24,M.Tech,,CSE,3rd Year,8.89,
Melody Boyd,bhunt@hotmail.com,Female,28,B.E,,CSE,Completed,9.32,1
Dr. Linda Beck,samuellarson@williams.net,Other,29,B.Sc,,Civil,4th Year,9.2,2
Jennifer Tate,jeremy64@lee.info,Female,25,BCA,,CSE,3rd Year,8.7,1
Deanna Shepherd,crosszachary@hotmail.com,Male,19,BCA,,Electrical,4th Year,9.83,1
Monique Burns,tammystephens@hotmail.com,Male,25,B.Sc,,CSE,2nd Year,9.3,2
Amy Brown,rachelcook@hotmail.com,Male,26,B.E,,ECE,4th Year,8.14,3+
Carla Page,gilbertjoanne@davidson.com,Other,22,M.Sc,,ECE,3rd Year,7.43,3+
Sarah Rivera,charleslopez@hotmail.com,Male,23,Other,Advertising copywriter,Mechanical,1st Year,5.03,1
Michael Kaufman,stevenfrederick@wells.com,Male,23,M.Sc,,ECE,4th Year,6.44,3+
Ruben Bell,rlewis@yahoo.com,Male,22,B.E,,CSE,Completed,9.13,1
Cindy Watson,ricky53@yahoo.com,Female,25,B.Tech,,IT,Completed,5.63,2
Alyssa Cameron,jacksonjose@sanchez.com,Female,18,B.Tech,,IT,2nd Year,7.07,2
Joshua Hall,bruce72@gmail.com,Other,28,MCA,,Electrical,Completed,6.19,1
Jeffrey Cardenas,martinmelanie@hotmail.com,Female,21,BCA,,CSE,2nd Year,9.3,1
Dawn Lawrence,malikunderwood@yahoo.com,Male,20,MCA,,ECE,Completed,7.45,3+
David Arellano,perryelizabeth@gmail.com,Female,26,M.Sc,,Civil,4th Year,8.27,
Christopher Blair,kleincameron@hotmail.com,Female,23,B.Sc,,CSE,2nd Year,9.76,
Dana Robinson,leedrake@gilbert-keith.com,Other,22,M.Tech,,ECE,3rd Year,8.1,
Nicole Combs,brianawilliams@franklin.org,Male,27,B.E,,Electrical,4th Year,7.98,1
David Arellano,perryelizabeth@gmail.com,Female,26,M.Sc,,Civil,4th Year,8.27,
Toni Brennan,claudia98@yahoo.com,Female,23,MCA,,Civil,3rd Year,8.48,3+
Andrew Brown,frank15@hubbard-chapman.com,Female,19,M.Sc,,ECE,1st Year,9.09,2
Felicia Boyd,danielrobinson@yahoo.com,Other,27,BCA,,Electrical,Completed,5.94,3+
Glenn Smith,adavis@hotmail.com,Female,27,B.E,,Mechanical,Completed,5.55,
Lindsay Thompson,romerogina@martinez.biz,Female,18,M.Sc,,IT,4th Year,9.6,1
Victoria Solomon,laurahunt@williams-holland.org,Female,20,BCA,,Electrical,4th Year,6.2,
Edgar Evans,glenpearson@hotmail.com,Male,23,BCA,,CSE,3rd Year,9.6,1
Brittany Cooper,kevinsmith@burnett-bishop.com,Other,25,M.Tech,,Mechanical,2nd Year,5.2,2
Barbara Yang,joann68@yahoo.com,Male,22,M.Tech,,CSE,4th Year,7.96,2
Karen Wallace,melissa33@murillo.com,Other,23,Other,General practice doctor,Mechanical,2nd Year,9.6,3+
Carlos Hoover,thomascarpenter@matthews.com,Female,20,BCA,,CSE,2nd Year,6.05,
Victoria Sanders,ncook@yahoo.com,Other,20,B.E,,Mechanical,Completed,8.67,
Rebecca Summers,chrisbraun@yahoo.com,Female,26,B.Tech,,Electrical,3rd Year,8.88,3+
Amanda Williams,ewalker@sanders-wilson.biz,Other,20,MCA,,Mechanical,4th Year,7.33,
Jason Castillo,hutchinsonnatalie@yahoo.com,Other,25,M.Sc,,Civil,4th Year,5.0,1
Anthony Warren,amygutierrez@yahoo.com,Male,27,B.Sc,,Mechanical,2nd Year,9.37,3+
Julie Green,jermainebrown@jones-davis.info,Other,30,Other,Chief Strategy Officer,ECE,2nd Year,7.05,
Paula Blair,brandon34@hotmail.com,Male,20,B.E,,CSE,1st Year,8.14,
Laura Pierce,jamesrussell@gmail.com,Other,23,M.Sc,,CSE,2nd Year,7.41,3+
Richard Tran,ggregory@gmail.com,Other,22,B.Tech,,Electrical,2nd Year,7.7,2
Robin Evans,richardyoung@lewis-maynard.com,Male,22,B.E,,CSE,1st Year,6.57,1
Michael Mercer,smithmatthew@banks.com,Female,26,B.E,,Electrical,4th Year,8.78,
Shirley Gonzalez,wwood@yahoo.com,Other,23,Other,Ceramics designer,Electrical,1st Year,7.92,3+
Karen Padilla,gavin10@mcclure.net,Other,22,B.Tech,,IT,4th Year,6.43,3+
Michelle Hill,lisa38@curtis.net,Other,18,M.Sc,,Mechanical,Completed,7.96,2
Ryan Roach,fmiller@butler-williams.org,Female,27,B.Tech,,CSE,Completed,5.81,
Leslie Davis,tyates@gmail.com,Female,30,M.Tech,,IT,2nd Year,6.45,2
Dr. Chelsea Rodriguez,villanuevamatthew@levy-lawson.com,Female,28,MCA,,Electrical,1st Year,7.23,2
Andrew Munoz,cholloway@harrison-villarreal.org,Male,28,B.Tech,,CSE,4th Year,6.65,
Michael Parker,peterskrista@gmail.com,Other,22,B.E,,IT,3rd Year,6.46,
Barbara Yang,joann68@yahoo.com,Male,22,M.Tech,,CSE,4th Year,7.96,2
Michelle Valdez,richardstafford@yahoo.com,Male,23,B.Sc,,ECE,4th Year,8.75,
Tim James,diazjamie@hotmail.com,Other,26,Other,Learning mentor,Civil,3rd Year,8.02,3+
Christopher Fletcher,linda22@hotmail.com,Other,25,MCA,,Electrical,2nd Year,5.52,3+
Stephanie Green,whitakerkaren@good.com,Other,24,MCA,,Electrical,Completed,6.27,3+
Debra Shaw,connieharris@levy.com,Female,26,MCA,,ECE,2nd Year,9.85,
Megan Fuentes,jennifer35@wright.com,Male,30,B.Tech,,Mechanical,3rd Year,7.17,
Michelle Herrera,markvazquez@gmail.com,Male,30,BCA,,ECE,2nd Year,6.92,1
Victoria Solomon,laurahunt@williams-holland.org,Female,20,BCA,,Electrical,4th Year,6.2,
Heidi Brooks,mayrobert@jones-allen.com,Male,28,BCA,,Civil,2nd Year,6.31,2
Patrick Cook,tmiles@cross-jackson.biz,Female,19,MCA,,ECE,4th Year,8.84,1
Brittany Cooper,kevinsmith@burnett-bishop.com,Other,25,M.Tech,,Mechanical,2nd Year,5.2,2
Carolyn Smith,athomas@yahoo.com,Other,25,B.Tech,,Civil,Completed,7.41,3+
Jamie Fernandez,eferguson@yahoo.com,Other,28,B.Tech,,Electrical,3rd Year,6.47,3+
Alison Wong,ramirezcaitlin@harris-walker.com,Male,18,B.E,,Electrical,Completed,5.65,3+
Anthony Warren,amygutierrez@yahoo.com,Male,27,B.Sc,,Mechanical,2nd Year,9.37,3+
Joshua Soto,lorismith@hotmail.com,Male,21,M.Tech,,ECE,4th Year,8.95,3+
Teresa Le,katherine43@austin.biz,Other,26,M.Tech,,Electrical,4th Year,6.65,
William Taylor,mckenziemelissa@hotmail.com,Other,20,B.Sc,,ECE,3rd Year,5.82,
David Cervantes,ypowell@vega-guzman.net,Other,22,B.E,,IT,2nd Year,10.0,2
Scott Phillips,jennifer69@gmail.com,Other,19,M.Sc,,Civil,2nd Year,5.17,
Jennifer Torres,michaelkim@spencer-hunter.com,Female,25,Other,Film/video editor,ECE,4th Year,6.11,1
Ashley Mays,nclark@yahoo.com,Male,22,B.E,,Civil,Completed,8.89,
Laura Keller,barbara07@schroeder.com,Male,28,Other,Customer service manager,Electrical,Completed,7.37,1
Karen Bryan,davisoscar@hotmail.com,Male,29,B.Tech,,CSE,1st Year,9.58,2
Curtis Manning,jacob53@hotmail.com,Male,25,M.Sc,,Mechanical,1st Year,7.32,
Marie Parker,phogan@jackson-higgins.com,Female,19,B.E,,ECE,2nd Year,9.57,3+
Tara Allen,russellstafford@hotmail.com,Other,29,M.Tech,,CSE,1st Year,7.94,2
Matthew Howard,vancewhitney@gmail.com,Other,20,Other,"Therapist, drama",Civil,4th Year,7.53,
Holly Robinson,klewis@white-cruz.com,Male,25,M.Sc,,IT,3rd Year,9.13,
Janet Thomas,michael31@gmail.com,Other,29,B.Tech,,IT,4th Year,6.02,
Troy Merritt,nguyenjoshua@hotmail.com,Other,27,Other,Jewellery designer,Electrical,2nd Year,8.92,
Cory Alexander,grayautumn@sosa-soto.com,Female,21,BCA,,Electrical,4th Year,8.92,3+
Kevin Webb,kevinmcneil@miller-morton.com,Male,30,B.Sc,,Electrical,4th Year,6.55,2
Roberta Davies,danielsbrett@rojas-edwards.com,Female,18,BCA,,ECE,2nd Year,8.99,
Daniel Clay,shawnmiles@hotmail.com,Female,20,M.Tech,,ECE,4th Year,5.4,2
Jacqueline Briggs,mannjeremy@price.org,Other,20,M.Tech,,Civil,4th Year,9.79,2
Frank Douglas,autumn17@wells.info,Male,29,Other,Conference centre manager,Civil,3rd Year,8.25,1
Erin Brown,mario58@gmail.com,Female,23,B.E,,Mechanical,Completed,6.14,
Robert Rocha,johnanderson@farley.com,Female,21,Other,Air broker,Electrical,Completed,8.69,1
Troy Carter PhD,charlesmichael@murray-osborne.com,Other,21,M.Tech,,ECE,Completed,5.51,3+
Mr. Calvin Waters,shaneryan@gmail.com,Male,30,M.Sc,,IT,3rd Year,5.51,2
Mr. Kyle Lewis,paulgreen@hotmail.com,Male,28,B.Tech,,CSE,Completed,7.83,
Angela Curtis,brandtsally@hotmail.com,Other,19,B.Sc,,Electrical,2nd Year,9.55,
Brandon Davis,terri58@williams.biz,Male,24,M.Sc,,Civil,Completed,5.71,3+
Alexander Schneider,cwheeler@gmail.com,Other,25,B.Tech,,CSE,3rd Year,7.13,
Jonathan Ramirez,catherinewalker@hotmail.com,Male,20,M.Tech,,Electrical,2nd Year,9.64,1
Ellen Martinez,morganreginald@maldonado.com,Female,28,B.Sc,,Civil,3rd Year,8.0,2
Shannon Garcia,melissapratt@murillo.info,Male,20,B.Tech,,CSE,2nd Year,9.96,
Jessica Cook,wdavis@jones.com,Other,22,B.Sc,,CSE,4th Year,9.05,2
Michael Mercer,smithmatthew@banks.com,Female,26,B.E,,Electrical,4th Year,8.78,
Elizabeth Hunter,susanclark@reyes.com,Male,18,M.Tech,,ECE,Completed,6.17,3+
Nicholas Williams,hobbschristina@smith.org,Other,20,B.Sc,,Electrical,Completed,7.52,
Rebecca Summers,chrisbraun@yahoo.com,Female,26,B.Tech,,Electrical,3rd Year,8.88,3+
Pamela Long,richard79@esparza.com,Female,23,BCA,,IT,Completed,5.73,2
Janet Thomas,michael31@gmail.com,Other,29,B.Tech,,IT,4th Year,6.02,
Jimmy Crawford,qmiller@murphy.com,Other,28,B.E,,Civil,4th Year,8.55,1
John Young,agarza@hotmail.com,Male,27,B.Tech,,Mechanical,1st Year,8.93,1
Amy Brown,rachelcook@hotmail.com,Male,26,B.E,,ECE,4th Year,8.14,3+
Donna Mcintyre,athomas@wright.org,Female,28,M.Tech,,IT,4th Year,6.75,2
Duane Reeves,sgarcia@richardson-peters.com,Male,19,M.Tech,,CSE,2nd Year,7.16,
Bryan King,sara20@gmail.com,Other,30,Other,Special educational needs teacher,Mechanical,2nd Year,6.47,1
Brandon Mendez,nicolaswang@yahoo.com,Male,29,BCA,,Electrical,3rd Year,7.64,1
Devin Woods,thompsonsarah@goodwin-brown.info,Male,27,M.Sc,,Civil,2nd Year,9.13,3+
Randy Weber,vincent92@gmail.com,Female,18,Other,Midwife,Mechanical,Completed,6.76,2
Tammy Nguyen,houstonnicholas@yahoo.com,Male,23,B.Tech,,CSE,3rd Year,7.16,
John Curry,thomasscott@silva-bowen.com,Other,25,MCA,,IT,1st Year,9.59,
Sarah Gardner,xwilliams@wells.org,Male,25,BCA,,Electrical,3rd Year,9.43,2
Edward Scott,angelaroberts@gmail.com,Female,24,M.Tech,,CSE,1st Year,6.9,2
Angel West,gclark@hotmail.com,Male,29,B.E,,CSE,Completed,7.81,1
James Simpson,dwilliams@yahoo.com,Other,24,B.Tech,,ECE,4th Year,7.49,1
Debra Henry,cathy63@zamora.net,Male,24,B.Sc,,IT,1st Year,8.15,
Samantha West,rachel60@gmail.com,Female,29,M.Tech,,CSE,3rd Year,6.27,
Renee Baker,crich@white.biz,Male,29,B.Sc,,CSE,Completed,5.95,2
Charles Johnson,nmora@short-hernandez.com,Male,29,M.Tech,,Mechanical,3rd Year,8.18,1
Alison Hall,johnsonmatthew@brown.com,Male,18,M.Sc,,CSE,1st Year,5.97,3+
Dana Robinson,leedrake@gilbert-keith.com,Other,22,M.Tech,,ECE,3rd Year,8.1,
Lindsay Liu,gregoryspence@yahoo.com,Male,21,BCA,,Mechanical,Completed,9.2,
Philip Atkins,terry93@velazquez-dunn.com,Other,24,B.Sc,,Mechanical,2nd Year,6.12,1
Russell Lowe,keithwilliams@duncan.com,Male,26,Other,Regulatory affairs officer,Mechanical,Completed,5.69,
Kevin Flores,halljason@gutierrez.biz,Female,30,B.E,,Electrical,3rd Year,5.51,2
Adam Beck,elarson@owens-mitchell.com,Male,25,M.Tech,,IT,Completed,5.72,2
Joshua Chan,ihunt@olson.com,Other,24,MCA,,CSE,4th Year,6.05,2
Brandon Grant,cynthiahernandez@gmail.com,Other,20,M.Tech,,Electrical,Completed,8.57,3+
Erik Matthews,anthonyandrew@white.info,Other,22,MCA,,Mechanical,Completed,6.88,2
Bradley Burke,ysmith@yahoo.com,Other,24,B.E,,Civil,3rd Year,6.3,3+
Glenn Smith,adavis@hotmail.com,Female,27,B.E,,Mechanical,Completed,5.55,
Timothy Medina,xroth@gmail.com,Male,29,BCA,,IT,3rd Year,8.69,
William Kane,larry24@gmail.com,Other,20,M.Tech,,Civil,3rd Year,6.41,2
Brooke Smith,juliemurphy@rios.net,Male,21,BCA,,Electrical,3rd Year,5.4,3+
Wesley Barker,rodriguezeric@hotmail.com,Male,27,M.Sc,,Civil,4th Year,5.54,3+
Nicholas Williams,hobbschristina@smith.org,Other,20,B.Sc,,Electrical,Completed,7.52,
Robert West,meganmassey@yahoo.com,Other,27,M.Tech,,Mechanical,4th Year,7.76,1
Todd Brewer,mrussell@griffin-martin.com,Other,26,B.Tech,,CSE,2nd Year,5.78,
Lindsay Liu,gregoryspence@yahoo.com,Male,21,BCA,,Mechanical,Completed,9.2,
Tamara Frye,llee@west-wilson.com,Male,28,BCA,,CSE,3rd Year,6.6,1
Joseph Jackson,matthew76@gmail.com,Male,29,M.Sc,,CSE,3rd Year,8.14,3+
Billy Mcclain,johnjohnson@hotmail.com,Male,29,Other,Hospital pharmacist,IT,4th Year,6.15,1
Dawn Lawrence,malikunderwood@yahoo.com,Male,20,MCA,,ECE,Completed,7.45,3+
Lindsay Liu,gregoryspence@yahoo.com,Male,21,BCA,,Mechanical,Completed,9.2,
Antonio Wood,joshua80@maxwell.com,Other,26,B.Tech,,Civil,3rd Year,9.68,1
Jose Reyes,smithjohn@gmail.com,Female,23,B.Tech,,CSE,3rd Year,8.69,1
Adam Beck,elarson@owens-mitchell.com,Male,25,M.Tech,,IT,Completed,5.72,2
Jessica Carter,millerjennifer@gmail.com,Other,26,M.Tech,,Mechanical,1st Year,6.44,1
Rachel Gomez,brandon01@gmail.com,Other,21,B.E,,IT,4th Year,5.48,2
Mark Gutierrez,aodonnell@yahoo.com,Female,30,B.Tech,,CSE,2nd Year,7.54,
Dr. Jessica Rivera PhD,tracy39@hotmail.com,Female,29,M.Tech,,ECE,Completed,9.41,3+
Brian Peters,burnspeter@anderson.com,Male,23,Other,Warden/ranger,CSE,3rd Year,9.93,2
Duane Reeves,sgarcia@richardson-peters.com,Male,19,M.Tech,,CSE,2nd Year,7.16,
Debra Ruiz,hernandezlauren@hotmail.com,Male,28,Other,Community arts worker,CSE,4th Year,8.58,1
Jennifer Davis,nruiz@hotmail.com,Male,24,BCA,,Civil,Completed,9.67,1
Barbara Howard,adam94@ramsey-meyer.com,Male,22,B.Sc,,IT,2nd Year,7.6,
Joseph Curry,robertsharp@tyler.org,Female,26,BCA,,Civil,3rd Year,5.79,2
Christopher Warner,upowell@carrillo-martin.biz,Male,30,M.Sc,,Civil,4th Year,9.37,3+
David Whitaker,timothykelley@hotmail.com,Female,19,M.Tech,,Civil,2nd Year,9.38,
Robert Solis,arianahernandez@yahoo.com,Female,28,BCA,,Electrical,1st Year,5.73,
Patricia Lewis,kristenchurch@hotmail.com,Other,19,M.Tech,,CSE,1st Year,6.41,3+
Cassidy Wilson,gregory70@gmail.com,Male,23,B.E,,IT,1st Year,9.79,3+
Michelle Clark,millerchristopher@macias.com,Male,26,Other,"Psychotherapist, child",IT,3rd Year,9.95,3+
Anthony Mckay,nevans@todd.com,Male,23,M.Sc,,IT,2nd Year,6.26,2
Scott Cole,jedwards@hansen-freeman.org,Other,24,M.Tech,,CSE,3rd Year,8.89,
Paul Ramos,sherry92@bennett.com,Male,24,M.Tech,,Electrical,2nd Year,8.6,1
Jeffrey Yang,wanda78@gmail.com,Other,23,B.Sc,,Electrical,1st Year,5.43,2
Natalie Young,janicesparks@yahoo.com,Other,26,B.Tech,,ECE,2nd Year,9.44,
Debra Peterson,weaverjason@todd-rasmussen.net,Female,21,B.Tech,,Mechanical,1st Year,5.14,1
Warren White,mariapugh@yahoo.com,Female,18,B.Tech,,IT,3rd Year,9.38,1
Emma Robinson,tgonzalez@gregory.net,Female,19,B.E,,Civil,2nd Year,8.74,
Jason Carter,dereklester@hotmail.com,Female,29,M.Tech,,Mechanical,4th Year,9.65,1
Ariana Moore,carteranthony@hotmail.com,Other,23,BCA,,Civil,4th Year,9.86,2
Tammy Christian PhD,elizabethtrujillo@hotmail.com,Female,29,B.Sc,,ECE,1st Year,9.23,
Jeffrey Yang,wanda78@gmail.com,Other,23,B.Sc,,Electrical,1st Year,5.43,2
Sharon Campbell,icooper@yahoo.com,Male,21,M.Tech,,Electrical,4th Year,5.13,3+
Carlos Schaefer,george42@maxwell.biz,Male,21,M.Sc,,Civil,Completed,6.55,2
Brooke White,csmith@jones.biz,Female,27,B.E,,Mechanical,1st Year,9.98,3+
Brandon Roberts,marymartinez@gmail.com,Female,25,M.Sc,,ECE,1st Year,9.01,2
Ashley Livingston,johnsonaudrey@pierce.org,Other,27,MCA,,IT,2nd Year,5.62,2
Rebecca Olson,weisskeith@murillo.info,Male,29,M.Tech,,Mechanical,3rd Year,5.75,
Jason Rodriguez,christinapotts@hotmail.com,Female,25,BCA,,Mechanical,1st Year,9.15,2
Rachel Sanchez DDS,hday@yahoo.com,Other,23,MCA,,IT,1st Year,8.22,2
Philip Atkins,terry93@velazquez-dunn.com,Other,24,B.Sc,,Mechanical,2nd Year,6.12,1
Nicole Bolton,weverett@phillips-edwards.com,Other,18,MCA,,Mechanical,4th Year,5.72,
James Humphrey,davisedward@pierce.biz,Other,19,Other,Set designer,ECE,1st Year,6.65,1
Jacqueline Long,raymondweber@yahoo.com,Female,30,B.Tech,,Mechanical,2nd Year,8.52,
John Porter,petersonlogan@hotmail.com,Other,23,Other,"Designer, fashion/clothing",Civil,3rd Year,6.71,2
Terry Navarro,chad95@ellis.com,Other,30,Other,Dramatherapist,CSE,2nd Year,7.51,2
Tim James,diazjamie@hotmail.com,Other,26,Other,Learning mentor,Civil,3rd Year,8.02,3+
Jose Walls,aaronpeterson@shelton.com,Female,30,Other,Lobbyist,IT,4th Year,5.06,3+
Tonya Velez,jzimmerman@gmail.com,Male,22,B.E,,Mechanical,1st Year,7.6,
Jeffrey Peterson,crossbrittany@duncan-jackson.com,Female,18,Other,Systems analyst,IT,2nd Year,8.78,1
Dr. John Galvan,wmartin@davis-aguilar.com,Other,23,MCA,,IT,3rd Year,9.54,1
Monique Burns,tammystephens@hotmail.com,Male,25,B.Sc,,CSE,2nd Year,9.3,2
Jennifer Mason,ashley82@yahoo.com,Other,19,BCA,,IT,3rd Year,7.74,
Duane Arnold,castillorandall@griffin-duran.com,Male,25,B.E,,ECE,4th Year,5.12,3+
Donna Mcintyre,athomas@wright.org,Female,28,M.Tech,,IT,4th Year,6.75,2
Jesse Young,carolyn85@yahoo.com,Other,27,B.Sc,,CSE,1st Year,6.52,
Alison Hall,johnsonmatthew@brown.com,Male,18,M.Sc,,CSE,1st Year,5.97,3+
Lauren Bates,jonsantos@jordan.net,Male,22,M.Tech,,Mechanical,4th Year,6.22,3+
Brandon Davis,terri58@williams.biz,Male,24,M.Sc,,Civil,Completed,5.71,3+
Michael Mercer,smithmatthew@banks.com,Female,26,B.E,,Electrical,4th Year,8.78,
Michael Gardner,ericgriffin@robertson.net,Other,18,M.Tech,,Civil,2nd Year,7.75,3+
Mark Williams,odelgado@taylor-colon.com,Female,26,B.E,,ECE,Completed,6.49,3+
Charles Johnson,nmora@short-hernandez.com,Male,29,M.Tech,,Mechanical,3rd Year,8.18,1
Elizabeth Ryan,chuerta@gordon.com,Female,21,B.Tech,,Electrical,1st Year,8.77,1
Kyle Escobar,ericksonstacey@wagner.com,Other,27,MCA,,ECE,3rd Year,5.37,2
Alex Villanueva,walkerjasmine@wright.biz,Female,26,MCA,,Mechanical,1st Year,9.52,1
Barbara Yang,joann68@yahoo.com,Male,22,M.Tech,,CSE,4th Year,7.96,2
Courtney Thompson,rebeccaclay@gmail.com,Female,30,B.Tech,,IT,4th Year,5.98,1
Mr. Calvin Waters,shaneryan@gmail.com,Male,30,M.Sc,,IT,3rd Year,5.51,2
Victoria Solomon,laurahunt@williams-holland.org,Female,20,BCA,,Electrical,4th Year,6.2,
Charlotte Armstrong,marysilva@gmail.com,Female,25,BCA,,CSE,3rd Year,5.75,1
Stephanie Boyer,danachandler@gmail.com,Other,25,MCA,,Civil,2nd Year,9.35,3+
Debra Moore,joel02@hotmail.com,Female,26,M.Tech,,Electrical,2nd Year,9.33,2
Sandra Castro,johnhardin@espinoza.com,Other,23,B.E,,CSE,3rd Year,9.32,1
Stephen Wade,nmoreno@carlson.com,Other,27,B.Tech,,ECE,4th Year,9.64,1
Timothy Rose,amandarivera@gmail.com,Female,29,MCA,,CSE,1st Year,9.96,1
Troy Merritt,nguyenjoshua@hotmail.com,Other,27,Other,Jewellery designer,Electrical,2nd Year,8.92,
Paul Mcdonald,roblesjames@yahoo.com,Male,21,B.E,,Mechanical,3rd Year,6.83,1
Richard Brown,clarknoah@rich.net,Other,30,B.Tech,,Civil,2nd Year,7.51,1
Billy Mcclain,johnjohnson@hotmail.com,Male,29,Other,Hospital pharmacist,IT,4th Year,6.15,1
Eric Frost,larry35@gmail.com,Other,25,M.Tech,,ECE,Completed,7.4,1
Michael Pacheco,ynorris@rosales-gilbert.com,Male,27,M.Sc,,CSE,2nd Year,7.45,
Jenna Hopkins,fherring@rogers.info,Female,21,B.Sc,,Mechanical,2nd Year,9.04,1
Leslie Stanley,phillipgarcia@diaz.com,Female,20,B.E,,Civil,3rd Year,8.53,
Louis Santana,victoriaguzman@yahoo.com,Male,23,Other,"Producer, television/film/video",Electrical,4th Year,9.27,3+
Laura Crane,tallen@arnold.com,Male,23,M.Tech,,ECE,2nd Year,8.81,2
George Joseph,zachary42@gmail.com,Male,20,M.Sc,,IT,4th Year,8.02,
Andrew Hall,hmatthews@gmail.com,Female,19,M.Sc,,Mechanical,4th Year,5.75,
William Ballard,fjohnson@hotmail.com,Other,24,B.E,,ECE,2nd Year,7.79,
Thomas Chavez,jessica83@cowan-kaiser.com,Other,26,BCA,,ECE,Completed,5.49,2
Veronica Stephens,icastro@fisher.biz,Other,20,B.E,,Civil,4th Year,9.32,1
William Taylor,mckenziemelissa@hotmail.com,Other,20,B.Sc,,ECE,3rd Year,5.82,
Mary Barnes,taylorfrancis@hotmail.com,Male,22,BCA,,CSE,3rd Year,6.47,2
Michael Smith,zfreeman@fields.org,Male,23,MCA,,Civil,Completed,7.72,
Nicole Morales,garnerwilliam@robinson-murray.net,Other,20,Other,Risk manager,CSE,1st Year,8.02,2
Larry Bowers,lori52@gmail.com,Other,24,M.Tech,,Electrical,4th Year,6.06,3+
Stephanie Reid,audrey67@rodriguez.org,Female,28,M.Sc,,Electrical,3rd Year,6.01,
Daniel Collins,watkinsjanet@yahoo.com,Female,27,B.Tech,,ECE,1st Year,8.86,2
Stephanie Schmidt,james22@yahoo.com,Male,30,B.E,,ECE,1st Year,9.43,3+
Jason Rodriguez,christinapotts@hotmail.com,Female,25,BCA,,Mechanical,1st Year,9.15,2
Rebecca Summers,chrisbraun@yahoo.com,Female,26,B.Tech,,Electrical,3rd Year,8.88,3+
David Bowen MD,hdavis@beard.com,Other,18,B.Tech,,Mechanical,4th Year,5.56,3+
Jon Nelson,carrillojack@vargas.com,Male,27,MCA,,CSE,4th Year,8.8,1
Timothy Yates,brendacarter@cooper.net,Male,24,Other,Minerals surveyor,Civil,Completed,5.83,2
Tony Smith,mary67@yahoo.com,Male,18,B.Sc,,CSE,Completed,8.74,1
Philip Perez,beardtanya@wolf-obrien.com,Male,26,Other,Art therapist,ECE,2nd Year,7.03,
Michael Johnson,richardsandrea@hotmail.com,Male,21,B.E,,ECE,4th Year,6.74,
Michael Johnson,jessicachen@richards.com,Other,24,MCA,,CSE,2nd Year,5.44,3+
Jessica Cummings,erinhoward@cook.com,Female,21,B.E,,Electrical,4th Year,5.4,3+
Dylan Sutton,eugene71@hotmail.com,Male,26,M.Sc,,Civil,2nd Year,7.37,2
Anthony Warren,amygutierrez@yahoo.com,Male,27,B.Sc,,Mechanical,2nd Year,9.37,3+
Mark Ramirez,aobrien@sanchez.com,Female,27,B.E,,ECE,1st Year,9.25,
Robert West,meganmassey@yahoo.com,Other,27,M.Tech,,Mechanical,4th Year,7.76,1
Amy Herrera,david13@gmail.com,Other,19,BCA,,Civil,Completed,6.16,
Adam Gilmore,whitepenny@gmail.com,Other,26,MCA,,CSE,3rd Year,8.57,2
Jeffery Lane,ashley72@yahoo.com,Female,22,B.E,,Electrical,Completed,9.02,2
Amanda Perry,bwalker@hotmail.com,Male,21,B.E,,IT,3rd Year,8.84,2
Jonathan Jones,zmarshall@ryan.com,Other,24,B.E,,Mechanical,2nd Year,8.91,1
Christopher Fletcher,linda22@hotmail.com,Other,25,MCA,,Electrical,2nd Year,5.52,3+
Jeffrey Davis,vmcneil@hotmail.com,Female,18,B.Tech,,Electrical,1st Year,7.13,
Michael Lee,evankim@hotmail.com,Female,25,Other,"Sales professional, IT",Electrical,1st Year,7.49,1
Gregory Bright,rowezachary@walker-white.info,Other,18,M.Tech,,ECE,Completed,7.68,3+
Kelly Duncan,romanelizabeth@yahoo.com,Male,26,Other,Financial manager,CSE,4th Year,6.22,1
Amy Jensen,madams@walker.com,Other,25,BCA,,CSE,1st Year,5.84,
Todd Schneider,rdean@yahoo.com,Other,27,BCA,,Civil,1st Year,9.4,2
Eric Ryan,hinesrebecca@gilbert.com,Male,20,B.Sc,,Electrical,1st Year,6.4,
Brandon Chen,kyleharvey@yahoo.com,Female,25,BCA,,Civil,2nd Year,9.95,2
Jessica Jarvis,jonshea@jones-williams.com,Other,23,B.Sc,,Civil,Completed,6.85,1
Rhonda Chambers,johnsullivan@hotmail.com,Other,22,M.Tech,,ECE,Completed,7.32,3+
Robert Collier,kimberlyblankenship@kim.com,Male,28,B.Sc,,CSE,4th Year,8.61,1
Shirley Gonzalez,wwood@yahoo.com,Other,23,Other,Ceramics designer,Electrical,1st Year,7.92,3+
Devin Woods,thompsonsarah@goodwin-brown.info,Male,27,M.Sc,,Civil,2nd Year,9.13,3+
Amy Beck,anne86@hotmail.com,Male,19,BCA,,Electrical,4th Year,7.26,1
Harold Obrien,gonzalezjames@romero-flores.info,Female,25,Other,Ceramics designer,CSE,2nd Year,6.71,3+
Marissa Flores,bradleylinda@gmail.com,Male,19,MCA,,Mechanical,Completed,5.25,
Antonio Garcia,petersana@gmail.com,Male,26,MCA,,ECE,Completed,5.08,2
Richard Tran,ggregory@gmail.com,Other,22,B.Tech,,Electrical,2nd Year,7.7,2
Bobby Howell,kimashlee@matthews.info,Male,26,M.Tech,,CSE,1st Year,5.08,3+
William Travis,megan66@christensen.com,Male,29,Other,"Surveyor, rural practice",IT,Completed,9.39,1
Timothy Rose,amandarivera@gmail.com,Female,29,MCA,,CSE,1st Year,9.96,1
Jessica Allen,martinluna@hall-jacobs.biz,Other,27,Other,Civil Service administrator,CSE,3rd Year,7.29,3+
Andrea Elliott,twhite@salazar.info,Female,23,M.Tech,,Civil,1st Year,8.39,
Patricia Lewis,kristenchurch@hotmail.com,Other,19,M.Tech,,CSE,1st Year,6.41,3+
Erik Matthews,anthonyandrew@white.info,Other,22,MCA,,Mechanical,Completed,6.88,2
John Mack,lorettafleming@gmail.com,Male,28,M.Tech,,CSE,Completed,9.3,
Alexandria Townsend,uprince@lopez.net,Male,19,B.Tech,,Electrical,3rd Year,9.94,1
Grant Oconnell,hilllaura@hotmail.com,Female,23,M.Tech,,IT,3rd Year,8.36,2
Jamie Avila,jennifer60@anderson-williams.info,Female,21,BCA,,Mechanical,3rd Year,8.82,2
Cindy Holland,houstonmary@mcdonald.com,Other,21,M.Sc,,Civil,1st Year,6.1,3+
Victoria Sutton,julie41@austin.com,Other,27,B.Tech,,ECE,2nd Year,8.26,1
Tricia Meadows,pfisher@hotmail.com,Other,30,M.Tech,,Electrical,2nd Year,8.97,
Jesse Young,carolyn85@yahoo.com,Other,27,B.Sc,,CSE,1st Year,6.52,
Michele Robles,joannsmith@yahoo.com,Other,24,B.Tech,,IT,Completed,9.3,
Jillian Stokes,paul88@weber.com,Male,23,M.Sc,,Mechanical,4th Year,7.18,
Krista Houston,uball@gmail.com,Male,28,BCA,,IT,3rd Year,6.48,2
Michael Pacheco,ynorris@rosales-gilbert.com,Male,27,M.Sc,,CSE,2nd Year,7.45,
Scott Cole,jedwards@hansen-freeman.org,Other,24,M.Tech,,CSE,3rd Year,8.89,
Dylan Sutton,eugene71@hotmail.com,Male,26,M.Sc,,Civil,2nd Year,7.37,2
Shirley Gonzalez,wwood@yahoo.com,Other,23,Other,Ceramics designer,Electrical,1st Year,7.92,3+
Jeffrey Lee,rachaelmartin@kirby.com,Male,18,B.Sc,,IT,4th Year,9.23,1
Michael Lopez,lsaunders@yahoo.com,Other,19,M.Tech,,Civil,4th Year,6.93,3+
Julie Green,jermainebrown@jones-davis.info,Other,30,Other,Chief Strategy Officer,ECE,2nd Year,7.05,
Brianna Oliver,jon65@robinson.info,Other,24,M.Tech,,CSE,Completed,9.99,
Karen Hogan,cwilliams@rodriguez.com,Male,24,M.Sc,,IT,4th Year,8.84,
Nicole Mills,phamlucas@yahoo.com,Female,21,B.E,,CSE,1st Year,8.62,1
Brandon Chen,kyleharvey@yahoo.com,Female,25,BCA,,Civil,2nd Year,9.95,2
Laura Crane,tallen@arnold.com,Male,23,M.Tech,,ECE,2nd Year,8.81,2
Jennifer Glass,james72@gmail.com,Male,22,BCA,,Mechanical,4th Year,9.1,
Patrick Bennett,uheath@hotmail.com,Other,24,B.Tech,,IT,2nd Year,5.52,3+
Lindsay Martin,christinawilliams@mcgee.com,Male,23,B.Tech,,Civil,1st Year,8.47,3+
Susan Harvey,amber30@martinez.net,Male,24,B.Sc,,Civil,1st Year,9.71,2
Jeffrey Yang,wanda78@gmail.com,Other,23,B.Sc,,Electrical,1st Year,5.43,2
Carrie Ayala,ariana57@cobb.com,Female,19,M.Sc,,ECE,1st Year,7.38,
Scott Grimes,sherriturner@hotmail.com,Other,20,Other,Metallurgist,CSE,2nd Year,7.51,
William Mcgee,jill58@lowery-mcdowell.net,Female,26,M.Sc,,ECE,4th Year,6.4,3+
Charles Roberts,pbutler@gmail.com,Male,21,M.Tech,,CSE,3rd Year,8.11,
Kristi Williams,craneamanda@petty.com,Other,24,B.Sc,,CSE,3rd Year,9.96,3+
Jason Ayala,kim99@huynh-jacobs.com,Female,21,B.Sc,,Mechanical,4th Year,5.23,1
Rebecca Summers,chrisbraun@yahoo.com,Female,26,B.Tech,,Electrical,3rd Year,8.88,3+
Anthony Griffin,jessica36@jackson-fox.com,Other,20,BCA,,IT,1st Year,7.4,
Christopher Cummings DDS,vwallace@hotmail.com,Female,26,M.Sc,,ECE,4th Year,7.55,
Chris Myers,donna53@hotmail.com,Female,30,B.Tech,,CSE,4th Year,5.32,
Gina Burns,williamsjessica@hodge.com,Other,19,MCA,,IT,1st Year,5.86,2
Amanda Mckay,shannon49@yahoo.com,Male,27,B.Sc,,Electrical,4th Year,5.51,3+
Deanna Richmond,danielle96@yahoo.com,Female,29,Other,Counselling psychologist,Mechanical,Completed,5.21,
Deborah Thompson DDS,jacksonheather@forbes-stone.com,Female,30,Other,Warden/ranger,Electrical,4th Year,6.51,1
Kathleen Murphy,lynn98@hotmail.com,Other,22,MCA,,Civil,3rd Year,6.34,
Ashley West,jasonmorgan@simpson.info,Other,18,M.Sc,,IT,2nd Year,7.67,3+
Amanda Khan,jcarroll@curry-foster.com,Other,23,M.Tech,,IT,Completed,7.32,1
Robert Goodwin,billyfritz@gmail.com,Female,19,B.Tech,,Mechanical,2nd Year,5.68,2
Joshua Hernandez,marcus06@david.com,Male,29,B.Tech,,IT,4th Year,7.24,2
Joshua Soto,lorismith@hotmail.com,Male,21,M.Tech,,ECE,4th Year,8.95,3+
Brian Martinez,ihudson@hotmail.com,Female,29,M.Tech,,Electrical,3rd Year,9.03,3+
James Williams,davisrichard@hotmail.com,Female,29,Other,"Engineer, communications",Mechanical,1st Year,8.99,3+
Amy Brown,rachelcook@hotmail.com,Male,26,B.E,,ECE,4th Year,8.14,3+
Katherine Bowers,gmaxwell@hotmail.com,Other,18,B.Sc,,CSE,1st Year,7.72,3+
Susan Mccall,katherinekelly@hotmail.com,Other,25,M.Tech,,ECE,4th Year,6.62,2
Catherine Kline DDS,gillcandace@gmail.com,Female,26,BCA,,Civil,1st Year,6.64,
Christopher Warner,upowell@carrillo-martin.biz,Male,30,M.Sc,,Civil,4th Year,9.37,3+
Katherine Clay,denisecortez@smith.net,Other,21,MCA,,ECE,4th Year,7.42,2
Chelsea Collins,thopkins@long.com,Other,25,B.Sc,,Electrical,2nd Year,5.57,3+
Joseph Ramirez,yoderlarry@tran.com,Male,25,M.Tech,,IT,1st Year,9.03,2
Janet Thomas,michael31@gmail.com,Other,29,B.Tech,,IT,4th Year,6.02,
Elizabeth Leach,dwells@martinez.com,Other,28,M.Sc,,CSE,3rd Year,7.38,2
Kathleen Murphy,lynn98@hotmail.com,Other,22,MCA,,Civil,3rd Year,6.34,
Douglas Barrera,kevinmyers@williams-davis.com,Female,26,Other,"Engineer, energy",Mechanical,1st Year,7.3,
Nicole Bolton,weverett@phillips-edwards.com,Other,18,MCA,,Mechanical,4th Year,5.72,
Benjamin Fernandez,tsmith@turner-greer.com,Female,26,B.Tech,,ECE,1st Year,6.71,
Kathleen Leonard,frenchjames@yahoo.com,Other,23,B.Tech,,Mechanical,2nd Year,8.02,1
Holly Young,xmiller@yahoo.com,Male,28,M.Sc,,CSE,1st Year,6.61,1
Kenneth Avery,coxdarren@hernandez.com,Female,26,MCA,,Civil,Completed,7.16,
Jose Reyes,smithjohn@gmail.com,Female,23,B.Tech,,CSE,3rd Year,8.69,1
Samantha West,rachel60@gmail.com,Female,29,M.Tech,,CSE,3rd Year,6.27,
Laura Pierce,jamesrussell@gmail.com,Other,23,M.Sc,,CSE,2nd Year,7.41,3+
Madison Walters,ronaldlittle@rodriguez.biz,Female,21,M.Tech,,CSE,1st Year,6.34,2
Kaitlyn Wright,tracitownsend@short.org,Other,27,M.Tech,,Electrical,2nd Year,7.79,3+
Ernest Bates,campbelllinda@garcia.net,Female,25,Other,"Psychologist, sport and exercise",ECE,1st Year,9.46,2
Kristina Hart,kristabishop@willis.com,Female,30,BCA,,Civil,4th Year,7.97,1
Stephanie Green,whitakerkaren@good.com,Other,24,MCA,,Electrical,Completed,6.27,3+
Daniel Collins,watkinsjanet@yahoo.com,Female,27,B.Tech,,ECE,1st Year,8.86,2
Grant Oconnell,hilllaura@hotmail.com,Female,23,M.Tech,,IT,3rd Year,8.36,2
Matthew Abbott,andersenashley@johnson.biz,Other,22,M.Sc,,IT,4th Year,6.53,2
David Garcia,contreraskatie@gmail.com,Male,21,Other,Product manager,IT,4th Year,9.1,2
Jason Gonzalez,leebarbara@edwards-haley.com,Female,30,B.Tech,,IT,1st Year,7.08,1
Charles Ware,coxedward@hotmail.com,Female,20,Other,Applications developer,Civil,2nd Year,6.25,3+
Teresa Mcdonald,cpowell@yahoo.com,Male,23,M.Sc,,Civil,Completed,6.73,3+
Jason Robinson,stephenrivera@hotmail.com,Female,23,MCA,,Mechanical,1st Year,9.1,3+
Erin Clark,millerkurt@daugherty.info,Other,19,BCA,,Mechanical,3rd Year,9.84,1
Joseph Jackson,matthew76@gmail.com,Male,29,M.Sc,,CSE,3rd Year,8.14,3+
Monica Blevins,randytanner@gmail.com,Other,22,BCA,,Mechanical,1st Year,7.37,2
Frank Douglas,autumn17@wells.info,Male,29,Other,Conference centre manager,Civil,3rd Year,8.25,1
Charles Johnson,nmora@short-hernandez.com,Male,29,M.Tech,,Mechanical,3rd Year,8.18,1
Donald Jennings,sgarza@hanson.org,Male,28,B.Sc,,CSE,2nd Year,9.64,3+
Steven Tucker,thomaswood@yahoo.com,Male,27,B.E,,Civil,Completed,9.94,2
Sharon Campbell,icooper@yahoo.com,Male,21,M.Tech,,Electrical,4th Year,5.13,3+
Mary Roberts,harrischristian@hotmail.com,Other,21,B.Sc,,Mechanical,3rd Year,8.88,2
Olivia Hernandez,deborah08@hotmail.com,Other,22,BCA,,Civil,2nd Year,10.0,2
Jennifer Lee,chandlertoni@lucas-stephens.org,Female,23,Other,Passenger transport manager,Civil,3rd Year,6.21,2
Deborah Lewis,warrenjacob@yahoo.com,Female,20,M.Sc,,Electrical,Completed,8.78,1
John Reid,ajames@moore-smith.com,Female,25,B.Sc,,IT,3rd Year,5.83,3+
Michael Mccall,cheryl93@reynolds.com,Other,22,Other,Chief Operating Officer,Civil,1st Year,8.98,3+
Kyle Escobar,ericksonstacey@wagner.com,Other,27,MCA,,ECE,3rd Year,5.37,2
Deborah Rivera,joselopez@bauer.info,Other,18,BCA,,Mechanical,4th Year,5.61,3+
Justin Mckenzie,fritzjames@gray.com,Other,21,Other,Counselling psychologist,Civil,3rd Year,9.72,1
Steven Thomas,lisa53@hotmail.com,Other,29,Other,Clinical cytogeneticist,Civil,2nd Year,9.53,2
Jessica Brooks,qdurham@yahoo.com,Other,20,B.Sc,,IT,Completed,5.84,2
Brandon Grant,cynthiahernandez@gmail.com,Other,20,M.Tech,,Electrical,Completed,8.57,3+
Elizabeth Leach,dwells@martinez.com,Other,28,M.Sc,,CSE,3rd Year,7.38,2
Michael Chan,xcollins@hotmail.com,Other,19,B.E,,IT,2nd Year,9.07,3+
John Cox,patrick26@yahoo.com,Male,19,MCA,,ECE,1st Year,5.85,3+
Nicole Mills,phamlucas@yahoo.com,Female,21,B.E,,CSE,1st Year,8.62,1
Eric Frost,larry35@gmail.com,Other,25,M.Tech,,ECE,Completed,7.4,1
Ronald Monroe,morenotimothy@anderson.com,Other,18,B.E,,IT,1st Year,8.62,
Elizabeth Ryan,chuerta@gordon.com,Female,21,B.Tech,,Electrical,1st Year,8.77,1
Jennifer Rivera,melendezdale@gmail.com,Other,30,M.Sc,,ECE,3rd Year,6.95,
Shelby Mendoza,ianowens@anderson.org,Male,21,MCA,,CSE,3rd Year,7.7,1
James Humphrey,davisedward@pierce.biz,Other,19,Other,Set designer,ECE,1st Year,6.65,1
Bryan King,sara20@gmail.com,Other,30,Other,Special educational needs teacher,Mechanical,2nd Year,6.47,1
Ashley Diaz,dawnsheppard@davis.com,Other,25,B.E,,Electrical,1st Year,5.88,1
Sharon Campbell,icooper@yahoo.com,Male,21,M.Tech,,Electrical,4th Year,5.13,3+
Frances Oneill,valentineallen@gmail.com,Female,30,B.Sc,,CSE,2nd Year,5.72,
Carrie Bishop,zolsen@gaines.com,Female,26,B.Sc,,CSE,1st Year,7.44,3+
Devin Woods,thompsonsarah@goodwin-brown.info,Male,27,M.Sc,,Civil,2nd Year,9.13,3+
Kevin Flores,halljason@gutierrez.biz,Female,30,B.E,,Electrical,3rd Year,5.51,2
Leslie Stanley,phillipgarcia@diaz.com,Female,20,B.E,,Civil,3rd Year,8.53,
Thomas Gill,rachel05@allen.com,Other,26,MCA,,IT,Completed,6.46,2
Vanessa Horn,thompsonmary@hotmail.com,Other,26,B.Sc,,ECE,1st Year,9.33,2
Katherine Sanchez,vdecker@hotmail.com,Other,24,M.Sc,,IT,4th Year,8.16,3+
Tammy Reynolds,adampowers@martinez.com,Male,29,BCA,,Mechanical,3rd Year,6.83,3+
Micheal Mcguire,dlawson@hotmail.com,Male,29,B.E,,Civil,1st Year,6.86,3+
Charles Davis,william22@yahoo.com,Other,19,B.E,,Electrical,2nd Year,5.73,3+
Susan Mccall,katherinekelly@hotmail.com,Other,25,M.Tech,,ECE,4th Year,6.62,2
John Young,agarza@hotmail.com,Male,27,B.Tech,,Mechanical,1st Year,8.93,1
Joshua Combs,watsondeborah@gmail.com,Male,18,M.Tech,,Mechanical,3rd Year,5.39,2
Jacob Christian,ythomas@gmail.com,Female,18,M.Sc,,IT,4th Year,9.54,
Stephanie Bray,ofranklin@heath-martinez.com,Male,25,B.Sc,,Mechanical,Completed,7.99,
Patricia Lewis,kristenchurch@hotmail.com,Other,19,M.Tech,,CSE,1st Year,6.41,3+
Samantha Morgan,ferrellgregory@ray.com,Male,20,B.E,,Mechanical,1st Year,6.74,
Thomas Donovan,wgill@yahoo.com,Male,22,B.Sc,,Electrical,Completed,8.43,
Laurie Phillips,reginakirk@gmail.com,Other,19,M.Tech,,Electrical,4th Year,5.78,3+
Lauren Davis,zhall@diaz-small.info,Female,25,MCA,,Electrical,2nd Year,5.76,2
Tim James,diazjamie@hotmail.com,Other,26,Other,Learning mentor,Civil,3rd Year,8.02,3+
Jason Gonzalez,leebarbara@edwards-haley.com,Female,30,B.Tech,,IT,1st Year,7.08,1
Lauren Willis,david02@gmail.com,Female,22,M.Tech,,CSE,3rd Year,7.51,3+
Shirley Gonzalez,wwood@yahoo.com,Other,23,Other,Ceramics designer,Electrical,1st Year,7.92,3+
Karen Padilla,gavin10@mcclure.net,Other,22,B.Tech,,IT,4th Year,6.43,3+
Lisa Ferguson,qbriggs@wilson.net,Other,23,B.Sc,,Mechanical,4th Year,5.42,3+
Matthew Yoder,qyoung@gmail.com,Female,26,B.E,,Civil,4th Year,9.77,3+
Jeremy Mcgee,haydennorton@yahoo.com,Male,21,M.Sc,,Mechanical,2nd Year,6.42,2
Rebecca Ingram,ysanford@hotmail.com,Other,21,M.Tech,,IT,3rd Year,6.59,3+
Holly Price,fosterkelly@norman.biz,Other,25,B.Sc,,Mechanical,4th Year,7.1,
John Mack,lorettafleming@gmail.com,Male,28,M.Tech,,CSE,Completed,9.3,
Brandi Davis,fernandowhitney@gmail.com,Female,28,M.Tech,,IT,3rd Year,6.23,1
Debra Moore,joel02@hotmail.com,Female,26,M.Tech,,Electrical,2nd Year,9.33,2
Dr. Betty Cunningham,pwilliams@hotmail.com,Other,19,BCA,,IT,3rd Year,9.28,2
Cathy Cox,johnsonashley@hotmail.com,Male,25,B.E,,ECE,Completed,5.13,3+
Pamela Carr,ujones@gmail.com,Other,20,BCA,,IT,Completed,5.47,
Angel Bailey,cramirez@abbott.com,Male,30,BCA,,Electrical,3rd Year,9.64,3+
Catherine Gonzalez,ocole@moody.com,Male,21,B.Sc,,IT,4th Year,7.19,2
Desiree Steele,andersonkristina@wade.biz,Other,26,M.Sc,,Mechanical,3rd Year,9.22,3+
Victor Mcmahon,omorgan@yahoo.com,Other,25,B.Tech,,ECE,1st Year,9.05,3+
Devin Woods,thompsonsarah@goodwin-brown.info,Male,27,M.Sc,,Civil,2nd Year,9.13,3+
Timothy Calderon,reedgabriel@yahoo.com,Other,25,B.Tech,,CSE,1st Year,9.44,2
Mark Oconnor,rogersbrandon@johnson-bradley.com,Female,27,M.Tech,,Civil,3rd Year,8.5,
Kenneth Miller,elizabeth15@yahoo.com,Male,23,M.Tech,,IT,4th Year,9.15,1
Taylor Reyes,madisonmartinez@yahoo.com,Male,29,B.E,,CSE,2nd Year,8.33,
Emily Moore,katelyn66@hotmail.com,Female,24,B.E,,Electrical,4th Year,9.74,3+
Sydney Roberts,elizabetherickson@hall.net,Female,24,B.Tech,,IT,1st Year,6.96,2
Michael Blake,nstanley@hotmail.com,Male,23,B.Sc,,ECE,4th Year,9.91,1
Katherine Sanchez,vdecker@hotmail.com,Other,24,M.Sc,,IT,4th Year,8.16,3+
Jennifer Mccarty,jamesjames@garcia-thompson.com,Other,30,M.Sc,,IT,Completed,8.24,
Kathryn Cole,snyderstephanie@reese.info,Male,26,MCA,,Civil,4th Year,6.69,3+
Melissa Harris,greenlori@gmail.com,Female,20,B.Tech,,Mechanical,2nd Year,6.95,2
Cheryl Terrell,shannon51@hoover-butler.com,Male,26,B.Tech,,CSE,2nd Year,9.55,1
Tom Porter,jonesbrianna@gmail.com,Other,29,Other,"Librarian, public",Mechanical,1st Year,9.32,
Brittany Cooper,kevinsmith@burnett-bishop.com,Other,25,M.Tech,,Mechanical,2nd Year,5.2,2
Laura Moran,dtran@hotmail.com,Other,29,MCA,,CSE,1st Year,9.2,2
Gabrielle Fields,joshua37@clark-nelson.com,Other,25,B.Sc,,Civil,1st Year,7.46,1
Tyler White,montgomeryjulia@hotmail.com,Other,26,BCA,,IT,4th Year,6.6,1
William Taylor,mckenziemelissa@hotmail.com,Other,20,B.Sc,,ECE,3rd Year,5.82,
Cynthia Parker,pattongary@kelly.com,Female,25,B.E,,Mechanical,1st Year,8.59,3+
Bethany Navarro,nicholas95@yahoo.com,Other,24,B.E,,Electrical,Completed,9.44,1
Mark Gutierrez,aodonnell@yahoo.com,Female,30,B.Tech,,CSE,2nd Year,7.54,
Andre Mills,powelljason@simon.com,Female,25,Other,Biomedical scientist,ECE,3rd Year,8.63,3+
Katherine Bowers,gmaxwell@hotmail.com,Other,18,B.Sc,,CSE,1st Year,7.72,3+
Michael Goodwin,yphillips@hotmail.com,Other,26,B.E,,CSE,3rd Year,8.64,1
Alexandria Townsend,uprince@lopez.net,Male,19,B.Tech,,Electrical,3rd Year,9.94,1
Arthur Jackson,wcantrell@gmail.com,Female,25,MCA,,ECE,4th Year,5.46,2
Kenneth Hill,snguyen@hotmail.com,Female,29,MCA,,CSE,1st Year,9.73,3+
David Smith,dwolfe@henderson.com,Male,22,Other,"Exhibitions officer, museum/gallery",Civil,2nd Year,5.46,
Bradley Colon,owensrachel@hotmail.com,Male,18,BCA,,IT,1st Year,6.03,2
Stephanie Bray,ofranklin@heath-martinez.com,Male,25,B.Sc,,Mechanical,Completed,7.99,
Lindsay Anderson,michael67@warren-vega.com,Female,23,M.Sc,,ECE,3rd Year,9.87,1
Heather Werner,fernandezlauren@gmail.com,Other,22,M.Tech,,Electrical,1st Year,9.08,2
Mr. Alexander Moore DDS,frederick06@yahoo.com,Female,21,M.Tech,,Civil,3rd Year,7.82,1
Joshua Chan,ihunt@olson.com,Other,24,MCA,,CSE,4th Year,6.05,2
Gabrielle Fields,joshua37@clark-nelson.com,Other,25,B.Sc,,Civil,1st Year,7.46,1
Laura Crane,tallen@arnold.com,Male,23,M.Tech,,ECE,2nd Year,8.81,2
Katelyn Graham,ohampton@king.com,Female,18,B.Tech,,CSE,3rd Year,9.82,1
Timothy White,dcarter@smith.com,Female,19,B.E,,Mechanical,1st Year,7.93,1
David Baker,tylerstevenson@hotmail.com,Male,30,M.Tech,,Mechanical,2nd Year,9.63,
Charles Ware,coxedward@hotmail.com,Female,20,Other,Applications developer,Civil,2nd Year,6.25,3+
Brooke Smith,juliemurphy@rios.net,Male,21,BCA,,Electrical,3rd Year,5.4,3+
Alice Gonzalez,paullittle@zuniga.com,Other,26,M.Sc,,Civil,1st Year,5.02,
Anthony Warren,amygutierrez@yahoo.com,Male,27,B.Sc,,Mechanical,2nd Year,9.37,3+
Paula Burns,samuelfowler@hotmail.com,Male,21,MCA,,Civil,2nd Year,5.33,
Russell Martin,raymondreyes@gmail.com,Other,21,M.Tech,,Mechanical,2nd Year,9.83,
James Jones,arthur77@hotmail.com,Female,27,Other,Advertising copywriter,ECE,3rd Year,7.36,1
Shane Church,swansonkimberly@johnson.net,Other,28,MCA,,CSE,Completed,6.5,
Eric Jones,roycarter@gmail.com,Other,29,MCA,,Mechanical,2nd Year,8.28,1
Patrick Randolph,michael89@werner.biz,Other,20,M.Sc,,Mechanical,2nd Year,5.43,3+
Tammy Christian PhD,elizabethtrujillo@hotmail.com,Female,29,B.Sc,,ECE,1st Year,9.23,
Jeffery Oliver,tiffanylambert@simpson.com,Male,22,B.E,,Mechanical,2nd Year,6.03,1
Jeremy Mcgee,haydennorton@yahoo.com,Male,21,M.Sc,,Mechanical,2nd Year,6.42,2
Melissa Barron,taylorkelley@hotmail.com,Other,24,BCA,,Mechanical,1st Year,5.33,
Joseph Curry,robertsharp@tyler.org,Female,26,BCA,,Civil,3rd Year,5.79,2
Clayton Turner,victorgibbs@roberts.biz,Female,22,B.E,,CSE,1st Year,6.0,3+
Deborah Rivera,joselopez@bauer.info,Other,18,BCA,,Mechanical,4th Year,5.61,3+
Carolyn Mahoney,nichole84@gmail.com,Other,25,MCA,,Electrical,Completed,5.7,2
Elizabeth Rogers,justintaylor@gmail.com,Male,24,Other,"Surveyor, building control",ECE,Completed,9.91,3+
Michael Gardner,ericgriffin@robertson.net,Other,18,M.Tech,,Civil,2nd Year,7.75,3+
Brandon Murphy,emily00@yahoo.com,Male,24,M.Tech,,Civil,Completed,9.03,1
Lisa Phillips,hallcynthia@miller.org,Male,28,MCA,,IT,3rd Year,8.38,3+
Tammy Jackson,mercedescollins@taylor.biz,Other,21,M.Sc,,CSE,1st Year,7.53,3+
Christopher Warner,upowell@carrillo-martin.biz,Male,30,M.Sc,,Civil,4th Year,9.37,3+
Matthew Martinez,samanthalewis@gmail.com,Female,25,M.Sc,,Electrical,Completed,7.02,1
Sandra Smith,newmancathy@gmail.com,Male,25,Other,Secretary/administrator,Civil,Completed,7.34,2
Pamela Osborne,shannon70@williams.com,Other,30,M.Sc,,Civil,1st Year,7.15,3+
Jose Reyes,smithjohn@gmail.com,Female,23,B.Tech,,CSE,3rd Year,8.69,1
Joshua Jensen,adam66@woods-small.com,Male,22,B.E,,ECE,1st Year,5.72,
Dr. Thomas Mckee Jr.,angelameza@guerrero-sullivan.com,Female,22,M.Tech,,Civil,3rd Year,8.19,2
Joshua Combs,watsondeborah@gmail.com,Male,18,M.Tech,,Mechanical,3rd Year,5.39,2
Donald Jennings,sgarza@hanson.org,Male,28,B.Sc,,CSE,2nd Year,9.64,3+
Ashley Lutz,iwhite@yahoo.com,Female,24,B.Tech,,IT,2nd Year,6.8,
Gina Burns,williamsjessica@hodge.com,Other,19,MCA,,IT,1st Year,5.86,2
Cody Sims,jerrygreen@foley-cox.com,Female,25,B.E,,IT,2nd Year,6.4,2
Adrian Hunt,mortonandrew@wallace-coleman.org,Other,30,M.Tech,,ECE,4th Year,7.27,3+
Tiffany Williams,meyerjulian@quinn-kelley.com,Male,26,B.Tech,,Electrical,Completed,7.82,1
Edward Estrada,kathymccall@pham.com,Other,21,BCA,,Electrical,1st Year,8.22,2
Nicole Bolton,weverett@phillips-edwards.com,Other,18,MCA,,Mechanical,4th Year,5.72,
Stephanie Schmidt,lynchamanda@clark.com,Other,26,M.Sc,,Electrical,2nd Year,8.85,
Tracy Miller,fhaley@hotmail.com,Female,30,B.Sc,,Electrical,3rd Year,6.47,3+
Dr. Linda Beck,samuellarson@williams.net,Other,29,B.Sc,,Civil,4th Year,9.2,2
Courtney Thompson,rebeccaclay@gmail.com,Female,30,B.Tech,,IT,4th Year,5.98,1
Paula Blair,brandon34@hotmail.com,Male,20,B.E,,CSE,1st Year,8.14,
Robert Rocha,johnanderson@farley.com,Female,21,Other,Air broker,Electrical,Completed,8.69,1
Jennifer Glass,james72@gmail.com,Male,22,BCA,,Mechanical,4th Year,9.1,
Todd Orr,gmontgomery@yahoo.com,Female,27,M.Tech,,CSE,4th Year,9.33,2
Sandra Kramer,bethgutierrez@hotmail.com,Male,25,B.Tech,,Civil,3rd Year,6.04,1
Diane Proctor,michelle79@carr.info,Male,28,M.Tech,,Civil,3rd Year,6.34,3+
Brandon Davis,terri58@williams.biz,Male,24,M.Sc,,Civil,Completed,5.71,3+
Courtney Thompson,rebeccaclay@gmail.com,Female,30,B.Tech,,IT,4th Year,5.98,1
Michael Harrison,veronicaryan@blanchard.com,Other,28,M.Sc,,CSE,1st Year,5.06,3+
Charles Collins,jchavez@smith.org,Female,21,M.Tech,,Civil,4th Year,5.73,1
Jacob Parker,megan33@sparks.com,Male,18,B.Sc,,CSE,1st Year,6.09,3+
Ernest Bates,campbelllinda@garcia.net,Female,25,Other,"Psychologist, sport and exercise",ECE,1st Year,9.46,2
William Kane,larry24@gmail.com,Other,20,M.Tech,,Civil,3rd Year,6.41,2
Deborah Cortez,hardinkayla@gmail.com,Male,21,BCA,,Mechanical,3rd Year,7.1,
Willie Alvarez,tmcneil@ferguson.com,Male,18,B.E,,Mechanical,2nd Year,9.4,3+
Mary Valenzuela,michael69@yahoo.com,Female,23,BCA,,Mechanical,Completed,7.33,1
Kelly Conley,patricia72@gmail.com,Other,27,B.Sc,,Civil,Completed,5.76,3+
Rebecca Olson,weisskeith@murillo.info,Male,29,M.Tech,,Mechanical,3rd Year,5.75,
Katherine Clay,denisecortez@smith.net,Other,21,MCA,,ECE,4th Year,7.42,2
Michelle Garcia,lambellen@rodgers-cervantes.com,Other,28,BCA,,Civil,Completed,8.07,3+
Bradley Colon,owensrachel@hotmail.com,Male,18,BCA,,IT,1st Year,6.03,2
Joseph Jackson,matthew76@gmail.com,Male,29,M.Sc,,CSE,3rd Year,8.14,3+
Erica Crawford,williamlawson@massey-taylor.com,Male,22,B.Sc,,CSE,1st Year,9.27,1
Lindsay Martin,christinawilliams@mcgee.com,Male,23,B.Tech,,Civil,1st Year,8.47,3+
Laurie Phillips,reginakirk@gmail.com,Other,19,M.Tech,,Electrical,4th Year,5.78,3+
Christopher Warner,upowell@carrillo-martin.biz,Male,30,M.Sc,,Civil,4th Year,9.37,3+
Julie Green,jermainebrown@jones-davis.info,Other,30,Other,Chief Strategy Officer,ECE,2nd Year,7.05,
Stephanie Schmidt,james22@yahoo.com,Male,30,B.E,,ECE,1st Year,9.43,3+
Matthew Goodman,katie04@clarke-kelley.net,Other,19,B.Sc,,Mechanical,2nd Year,8.89,2
David Williams,chall@wise-barton.biz,Female,23,B.E,,IT,2nd Year,8.03,1
Edward Estrada,kathymccall@pham.com,Other,21,BCA,,Electrical,1st Year,8.22,2
Cheyenne Scott,wmurray@yahoo.com,Female,27,Other,"Production assistant, television",IT,Completed,7.01,2
Kyle Escobar,ericksonstacey@wagner.com,Other,27,MCA,,ECE,3rd Year,5.37,2
Eric Hayes,lowejeffrey@gmail.com,Other,20,B.Sc,,ECE,4th Year,6.69,
Victor Sosa,mallory99@mcguire.com,Other,21,BCA,,CSE,3rd Year,8.09,1
Nicole Sharp,omiranda@rush.com,Other,24,BCA,,Mechanical,2nd Year,9.78,1
Gerald Campbell,davidsmith@yahoo.com,Female,19,B.Sc,,ECE,2nd Year,7.27,2
Michael Hester,kgarcia@hernandez.info,Other,29,Other,Cytogeneticist,ECE,4th Year,6.63,2
Mr. Kyle Lewis,paulgreen@hotmail.com,Male,28,B.Tech,,CSE,Completed,7.83,
David Hernandez,watersjames@gmail.com,Other,22,B.Tech,,Civil,2nd Year,6.8,
Jeffrey Ramirez,obooth@bishop.com,Other,27,MCA,,ECE,2nd Year,7.23,2
Kyle Escobar,ericksonstacey@wagner.com,Other,27,MCA,,ECE,3rd Year,5.37,2
Larry Smith,molly46@mason.com,Female,26,BCA,,CSE,4th Year,7.53,2
Cynthia Hopkins,tgreen@ryan-roy.org,Male,27,M.Sc,,CSE,1st Year,5.31,2
Taylor Ross,brian56@barber.com,Female,21,BCA,,ECE,4th Year,6.11,1
Jeffrey Cardenas,martinmelanie@hotmail.com,Female,21,BCA,,CSE,2nd Year,9.3,1
Jessica Cook,wdavis@jones.com,Other,22,B.Sc,,CSE,4th Year,9.05,2
John Cox,patrick26@yahoo.com,Male,19,MCA,,ECE,1st Year,5.85,3+
Kevin Ho,ernestbailey@gmail.com,Male,24,M.Tech,,CSE,1st Year,7.86,2
Joshua Soto,lorismith@hotmail.com,Male,21,M.Tech,,ECE,4th Year,8.95,3+
Tina Cox,pkelly@larsen.com,Other,19,BCA,,Civil,1st Year,8.37,1
Eric Davis,kimberlyyoung@gmail.com,Male,24,M.Sc,,Civil,1st Year,8.4,2
Amanda Gonzales,ybrennan@webb.com,Female,23,BCA,,IT,1st Year,5.12,
Garrett Blackwell,craigfrancis@gmail.com,Other,29,B.Tech,,Civil,Completed,7.97,2
Michael Kaufman,stevenfrederick@wells.com,Male,23,M.Sc,,ECE,4th Year,6.44,3+
Deborah Thompson DDS,jacksonheather@forbes-stone.com,Female,30,Other,Warden/ranger,Electrical,4th Year,6.51,1
Heidi Fisher,vincentcruz@dudley-jenkins.net,Female,23,Other,Theatre stage manager,CSE,1st Year,6.96,
Michael Martinez,edwinlee@gmail.com,Other,22,M.Sc,,CSE,Completed,9.07,3+
Jason Thomas,gponce@anderson.com,Male,21,M.Sc,,Electrical,2nd Year,9.88,
Dustin Cohen,kevinharrison@garcia-erickson.com,Male,18,Other,"Research officer, government",Civil,1st Year,5.55,3+
Nancy Rodriguez,nicholas25@hotmail.com,Male,27,MCA,,CSE,4th Year,5.52,2
Andre Mills,powelljason@simon.com,Female,25,Other,Biomedical scientist,ECE,3rd Year,8.63,3+
Miss Karina Pearson,fwong@hotmail.com,Other,27,B.Tech,,Electrical,4th Year,8.8,
Warren White,mariapugh@yahoo.com,Female,18,B.Tech,,IT,3rd Year,9.38,1
Rachael Patterson,ashley16@carter-west.com,Female,30,B.E,,ECE,Completed,7.13,2
Jennifer Tate,jeremy64@lee.info,Female,25,BCA,,CSE,3rd Year,8.7,1
Steven Thomas,lisa53@hotmail.com,Other,29,Other,Clinical cytogeneticist,Civil,2nd Year,9.53,2
Jonathan Holder,jasonalvarado@richardson.com,Male,20,B.E,,Civil,1st Year,5.65,1
Matthew Goodman,katie04@clarke-kelley.net,Other,19,B.Sc,,Mechanical,2nd Year,8.89,2
Michael Williams,unelson@hotmail.com,Male,25,MCA,,ECE,Completed,9.13,
Chelsea Choi,twilson@acosta.com,Male,20,MCA,,CSE,Completed,5.83,1
David Williams,chall@wise-barton.biz,Female,23,B.E,,IT,2nd Year,8.03,1
Victor Sosa,mallory99@mcguire.com,Other,21,BCA,,CSE,3rd Year,8.09,1
Krystal Clark,bonniecunningham@yahoo.com,Other,30,Other,Recruitment consultant,Electrical,Completed,6.83,2
Amy Beck,anne86@hotmail.com,Male,19,BCA,,Electrical,4th Year,7.26,1
Michael Rodriguez,mwise@hotmail.com,Male,29,B.Sc,,Electrical,1st Year,5.47,1
Steven Thomas,lisa53@hotmail.com,Other,29,Other,Clinical cytogeneticist,Civil,2nd Year,9.53,2
Mr. Ryan Weber,jorgeingram@montgomery-lewis.info,Male,28,M.Sc,,Electrical,1st Year,7.65,3+
Paul Ramos,sherry92@bennett.com,Male,24,M.Tech,,Electrical,2nd Year,8.6,1
Barbara Yang,joann68@yahoo.com,Male,22,M.Tech,,CSE,4th Year,7.96,2
Anthony Reese,kevin99@anthony-berry.com,Male,25,B.E,,Electrical,4th Year,5.83,3+
Lindsay Martin,christinawilliams@mcgee.com,Male,23,B.Tech,,Civil,1st Year,8.47,3+
Michael Harrison,veronicaryan@blanchard.com,Other,28,M.Sc,,CSE,1st Year,5.06,3+
Richard Houston,ygallagher@yahoo.com,Male,29,Other,"Designer, exhibition/display",Electrical,2nd Year,5.39,3+
Laura Pierce,jamesrussell@gmail.com,Other,23,M.Sc,,CSE,2nd Year,7.41,3+
Dawn Franklin,benjamin05@yahoo.com,Male,18,B.Tech,,Civil,4th Year,7.78,2
Janet Thomas,michael31@gmail.com,Other,29,B.Tech,,IT,4th Year,6.02,
Anthony Reese,kevin99@anthony-berry.com,Male,25,B.E,,Electrical,4th Year,5.83,3+
Anthony Reed,murphyedward@brown-williams.com,Female,23,B.E,,Mechanical,3rd Year,8.59,
John Reid,ajames@moore-smith.com,Female,25,B.Sc,,IT,3rd Year,5.83,3+
Katherine Clay,denisecortez@smith.net,Other,21,MCA,,ECE,4th Year,7.42,2
Vanessa Horn,thompsonmary@hotmail.com,Other,26,B.Sc,,ECE,1st Year,9.33,2
Nicole Johnson,qnewton@hotmail.com,Male,30,Other,Press sub,IT,2nd Year,7.24,
Kenneth Davies,nicholasmartin@gmail.com,Female,27,MCA,,ECE,Completed,6.4,1
Michael Obrien,christianwilliams@wade.com,Other,19,MCA,,IT,1st Year,6.3,3+
Michael Lopez,lsaunders@yahoo.com,Other,19,M.Tech,,Civil,4th Year,6.93,3+
Hunter Atkins,schwartzwendy@massey.com,Female,22,Other,"Nurse, adult",Mechanical,Completed,9.12,
Carlos Hoover,thomascarpenter@matthews.com,Female,20,BCA,,CSE,2nd Year,6.05,
Wesley Barker,rodriguezeric@hotmail.com,Male,27,M.Sc,,Civil,4th Year,5.54,3+
Shirley Gonzalez,wwood@yahoo.com,Other,23,Other,Ceramics designer,Electrical,1st Year,7.92,3+
Jennifer Waters,fharvey@miller.org,Male,23,BCA,,IT,2nd Year,7.59,
Benjamin Stone,richardcooper@hotmail.com,Other,20,M.Tech,,Mechanical,1st Year,9.17,
Jeffery Oliver,tiffanylambert@simpson.com,Male,22,B.E,,Mechanical,2nd Year,6.03,1
Scott Cole,jedwards@hansen-freeman.org,Other,24,M.Tech,,CSE,3rd Year,8.89,
John Reid,ajames@moore-smith.com,Female,25,B.Sc,,IT,3rd Year,5.83,3+
Cody Miller,michaelsanchez@yahoo.com,Other,25,B.Tech,,IT,Completed,7.03,2
Brenda Nguyen,joseph14@hotmail.com,Other,24,M.Sc,,CSE,2nd Year,7.78,1
Amy Jensen,madams@walker.com,Other,25,BCA,,CSE,1st Year,5.84,
Aaron Williams,vanderson@hotmail.com,Female,25,M.Tech,,Electrical,1st Year,6.36,2
Joshua Green,pjordan@cooper-chavez.biz,Female,18,MCA,,Civil,1st Year,5.85,3+
James Acevedo,kroman@holden.biz,Female,28,MCA,,Mechanical,2nd Year,8.41,2
Mary Cohen,armstrongjill@hotmail.com,Other,18,B.Sc,,ECE,1st Year,6.57,1
Joshua Hall,bruce72@gmail.com,Other,28,MCA,,Electrical,Completed,6.19,1
Sarah Gardner,xwilliams@wells.org,Male,25,BCA,,Electrical,3rd Year,9.43,2
Brandon Mccormick,nhayes@hotmail.com,Female,21,B.E,,IT,4th Year,7.48,3+
John Solomon,dmitchell@hotmail.com,Male,29,B.E,,IT,2nd Year,6.27,1
Stephanie Green,whitakerkaren@good.com,Other,24,MCA,,Electrical,Completed,6.27,3+
Michael Pacheco,ynorris@rosales-gilbert.com,Male,27,M.Sc,,CSE,2nd Year,7.45,
Curtis Vasquez,williamselizabeth@hotmail.com,Other,20,B.Sc,,CSE,4th Year,6.21,3+
Robert West,meganmassey@yahoo.com,Other,27,M.Tech,,Mechanical,4th Year,7.76,1
Lee Jones,stevewilliams@pierce-kane.com,Other,25,B.Tech,,Mechanical,2nd Year,5.87,1
Mark Williams,odelgado@taylor-colon.com,Female,26,B.E,,ECE,Completed,6.49,3+
Natalie Young,janicesparks@yahoo.com,Other,26,B.Tech,,ECE,2nd Year,9.44,
Kimberly Powell,zjuarez@petersen-hughes.com,Female,18,BCA,,IT,Completed,5.55,3+
Jeffrey Cardenas,martinmelanie@hotmail.com,Female,21,BCA,,CSE,2nd Year,9.3,1
Aaron Williams,vanderson@hotmail.com,Female,25,M.Tech,,Electrical,1st Year,6.36,2
Courtney Byrd MD,ellisonmarilyn@smith.com,Female,25,B.Tech,,Electrical,Completed,8.59,
James Olson,erin30@barrera-guzman.net,Male,21,B.E,,Mechanical,Completed,8.89,3+
Isaac Vargas,xgonzalez@yahoo.com,Other,29,B.Tech,,CSE,2nd Year,6.93,
David Bennett,lewiscrystal@gmail.com,Female,25,M.Sc,,CSE,2nd Year,5.62,2
Melissa Harris,greenlori@gmail.com,Female,20,B.Tech,,Mechanical,2nd Year,6.95,2
Tammy Christian PhD,elizabethtrujillo@hotmail.com,Female,29,B.Sc,,ECE,1st Year,9.23,
Dana Robinson,leedrake@gilbert-keith.com,Other,22,M.Tech,,ECE,3rd Year,8.1,
Rebecca Summers,chrisbraun@yahoo.com,Female,26,B.Tech,,Electrical,3rd Year,8.88,3+
Steven Thomas,lisa53@hotmail.com,Other,29,Other,Clinical cytogeneticist,Civil,2nd Year,9.53,2
Curtis Manning,jacob53@hotmail.com,Male,25,M.Sc,,Mechanical,1st Year,7.32,
Jennifer Kennedy,tammie62@carter-jones.com,Other,21,B.E,,CSE,3rd Year,9.22,3+
Victoria Solomon,laurahunt@williams-holland.org,Female,20,BCA,,Electrical,4th Year,6.2,
Danielle Walker,dustinperez@gmail.com,Male,26,M.Tech,,Civil,4th Year,8.35,3+
Kristina Hart,kristabishop@willis.com,Female,30,BCA,,Civil,4th Year,7.97,1
Justin Oneal,michellerodgers@gamble.org,Other,21,BCA,,ECE,1st Year,5.71,1
Matthew Jones,cameron30@gmail.com,Other,28,M.Tech,,IT,Completed,9.52,3+
Charles Davis,william22@yahoo.com,Other,19,B.E,,Electrical,2nd Year,5.73,3+
Michael Obrien,christianwilliams@wade.com,Other,19,MCA,,IT,1st Year,6.3,3+
William Ballard,fjohnson@hotmail.com,Other,24,B.E,,ECE,2nd Year,7.79,
Mary Cohen,armstrongjill@hotmail.com,Other,18,B.Sc,,ECE,1st Year,6.57,1
Michael Norman,juan00@gmail.com,Female,23,B.Sc,,Civil,1st Year,6.91,3+
Paula Burns,samuelfowler@hotmail.com,Male,21,MCA,,Civil,2nd Year,5.33,
Carmen Tapia,joseph82@gmail.com,Other,30,B.Tech,,Mechanical,2nd Year,5.55,
James Humphrey,davisedward@pierce.biz,Other,19,Other,Set designer,ECE,1st Year,6.65,1
Monica Taylor,ruth88@gmail.com,Other,23,B.Sc,,Mechanical,2nd Year,6.0,2
Frank Douglas,autumn17@wells.info,Male,29,Other,Conference centre manager,Civil,3rd Year,8.25,1
Emily Moore,katelyn66@hotmail.com,Female,24,B.E,,Electrical,4th Year,9.74,3+
Andrea Flores,shannon99@long-gonzalez.com,Other,30,MCA,,CSE,3rd Year,8.13,2
Rhonda Chambers,johnsullivan@hotmail.com,Other,22,M.Tech,,ECE,Completed,7.32,3+
Chelsea Collins,thopkins@long.com,Other,25,B.Sc,,Electrical,2nd Year,5.57,3+
Janet Thomas,michael31@gmail.com,Other,29,B.Tech,,IT,4th Year,6.02,
Ashley Arnold,kyle37@miller-preston.com,Female,28,M.Sc,,Mechanical,3rd Year,6.88,3+
Jessica Trevino,nlyons@gmail.com,Other,27,M.Tech,,CSE,3rd Year,9.48,3+
Tracy Miller,fhaley@hotmail.com,Female,30,B.Sc,,Electrical,3rd Year,6.47,3+
Holly Robinson,klewis@white-cruz.com,Male,25,M.Sc,,IT,3rd Year,9.13,
John Young,agarza@hotmail.com,Male,27,B.Tech,,Mechanical,1st Year,8.93,1
Harold Obrien,gonzalezjames@romero-flores.info,Female,25,Other,Ceramics designer,CSE,2nd Year,6.71,3+
Chris Myers,donna53@hotmail.com,Female,30,B.Tech,,CSE,4th Year,5.32,
Emma Robinson,tgonzalez@gregory.net,Female,19,B.E,,Civil,2nd Year,8.74,
Gabriel Ayers,jeremy48@yahoo.com,Female,19,Other,"Clinical scientist, histocompatibility and immunogenetics",Electrical,2nd Year,6.19,1
Edward Williams,nsilva@yahoo.com,Other,27,BCA,,CSE,1st Year,6.01,2
William Dominguez,christopherthomas@pennington.net,Female,23,B.E,,IT,Completed,8.1,
Amy Herrera,david13@gmail.com,Other,19,BCA,,Civil,Completed,6.16,
Angela Curtis,brandtsally@hotmail.com,Other,19,B.Sc,,Electrical,2nd Year,9.55,
Jennifer Allison,michaelbishop@hotmail.com,Other,19,M.Sc,,ECE,Completed,9.58,2
Scott Rodriguez,robinrobinson@norton.info,Male,25,M.Tech,,CSE,Completed,8.7,
Curtis Manning,jacob53@hotmail.com,Male,25,M.Sc,,Mechanical,1st Year,7.32,
Wayne Marshall,patrickgriffith@boyd.com,Other,30,M.Tech,,Electrical,3rd Year,6.44,3+
Tiffany Douglas,alikenneth@yahoo.com,Other,26,M.Tech,,IT,4th Year,8.4,3+
Nancy Horton,catherine75@patterson.com,Male,22,M.Tech,,Mechanical,Completed,8.96,2
Jason Maldonado,youngmike@young-murray.org,Female,29,B.E,,Electrical,1st Year,9.92,
Jamie Fernandez,eferguson@yahoo.com,Other,28,B.Tech,,Electrical,3rd Year,6.47,3+
Terry Navarro,chad95@ellis.com,Other,30,Other,Dramatherapist,CSE,2nd Year,7.51,2
Lisa Davis,mistyanderson@sanders.com,Female,21,M.Tech,,CSE,1st Year,5.39,2
Michael Gibbs,stephen62@gmail.com,Male,23,B.Tech,,ECE,2nd Year,5.63,
Lisa Zhang,kerri90@trevino.com,Female,22,Other,Politician's assistant,IT,1st Year,7.3,
Robert Johnson,yhernandez@harper.com,Male,26,B.Sc,,CSE,1st Year,8.42,2
Heidi Brooks,mayrobert@jones-allen.com,Male,28,BCA,,Civil,2nd Year,6.31,2
Vanessa Parker,vargasbenjamin@davis.net,Female,22,B.Tech,,IT,Completed,5.68,3+
John Reid,ajames@moore-smith.com,Female,25,B.Sc,,IT,3rd Year,5.83,3+
Janet Brown,omorris@moyer.info,Male,25,MCA,,IT,3rd Year,5.62,
Jamie Reese,jessicadickson@perez-rodriguez.com,Male,25,BCA,,Civil,1st Year,8.86,2
Thomas Donovan,wgill@yahoo.com,Male,22,B.Sc,,Electrical,Completed,8.43,
Christian White,bowmantanya@randall.info,Male,20,B.Tech,,ECE,4th Year,8.73,
Janet Thomas,michael31@gmail.com,Other,29,B.Tech,,IT,4th Year,6.02,
Jamie Avila,jennifer60@anderson-williams.info,Female,21,BCA,,Mechanical,3rd Year,8.82,2
Julie Green,jermainebrown@jones-davis.info,Other,30,Other,Chief Strategy Officer,ECE,2nd Year,7.05,
Kevin Flores,halljason@gutierrez.biz,Female,30,B.E,,Electrical,3rd Year,5.51,2
Alexandria Townsend,uprince@lopez.net,Male,19,B.Tech,,Electrical,3rd Year,9.94,1
Kelli Jones,alexander19@mercado.com,Female,20,Other,Chartered accountant,Civil,1st Year,8.19,
David Johnson,kmullen@gmail.com,Female,25,M.Tech,,IT,1st Year,5.62,
Elizabeth Smith,jamesstephanie@gmail.com,Male,25,B.Tech,,IT,3rd Year,5.03,1
Christopher Warner,upowell@carrillo-martin.biz,Male,30,M.Sc,,Civil,4th Year,9.37,3+
Jamie Fernandez,eferguson@yahoo.com,Other,28,B.Tech,,Electrical,3rd Year,6.47,3+
Megan Simmons,amywest@rodgers.biz,Other,19,Other,"Nurse, mental health",CSE,3rd Year,7.37,2
Adam Gilmore,whitepenny@gmail.com,Other,26,MCA,,CSE,3rd Year,8.57,2
Amanda Mckay,shannon49@yahoo.com,Male,27,B.Sc,,Electrical,4th Year,5.51,3+
Edgar Evans,glenpearson@hotmail.com,Male,23,BCA,,CSE,3rd Year,9.6,1
Michael Gomez,micheleliu@yahoo.com,Male,21,B.Tech,,Mechanical,2nd Year,5.46,
Scott Rodriguez,robinrobinson@norton.info,Male,25,M.Tech,,CSE,Completed,8.7,
James Young,gadams@campbell.net,Male,21,Other,Clinical research associate,CSE,3rd Year,5.41,3+
Donna Lewis,rodriguezsara@gonzalez.com,Female,27,Other,Metallurgist,Civil,3rd Year,5.84,1
Warren White,mariapugh@yahoo.com,Female,18,B.Tech,,IT,3rd Year,9.38,1
Nicole Allen,brookewilson@hall.com,Other,20,B.Tech,,Mechanical,3rd Year,5.41,
Hunter Atkins,schwartzwendy@massey.com,Female,22,Other,"Nurse, adult",Mechanical,Completed,9.12,
Brandon Roberts,marymartinez@gmail.com,Female,25,M.Sc,,ECE,1st Year,9.01,2
Erica Crawford,williamlawson@massey-taylor.com,Male,22,B.Sc,,CSE,1st Year,9.27,1
Diane Sims,jeffery45@brown.com,Other,19,M.Sc,,CSE,Completed,7.65,1
Stephen Reynolds,phyllisnelson@smith.org,Female,28,M.Sc,,Civil,3rd Year,5.78,1
Christopher Blair,kleincameron@hotmail.com,Female,23,B.Sc,,CSE,2nd Year,9.76,
Joseph Curry,robertsharp@tyler.org,Female,26,BCA,,Civil,3rd Year,5.79,2
Michelle Herrera,markvazquez@gmail.com,Male,30,BCA,,ECE,2nd Year,6.92,1
Scott Contreras,sarah38@steele.net,Other,29,MCA,,Electrical,3rd Year,7.03,1
Tiffany Douglas,alikenneth@yahoo.com,Other,26,M.Tech,,IT,4th Year,8.4,3+
Nathan Reynolds,moralesashley@yahoo.com,Male,21,Other,Merchant navy officer,ECE,1st Year,7.33,1
Nicole Mills,phamlucas@yahoo.com,Female,21,B.E,,CSE,1st Year,8.62,1
James Perkins,jasminesantos@davis.info,Male,18,B.Tech,,IT,4th Year,6.51,1
Tara Allen,russellstafford@hotmail.com,Other,29,M.Tech,,CSE,1st Year,7.94,2
Scott Grimes,sherriturner@hotmail.com,Other,20,Other,Metallurgist,CSE,2nd Year,7.51,
Megan Moreno,tperkins@terry-hanson.info,Other,30,B.E,,CSE,2nd Year,6.33,2
Mary Roberts,harrischristian@hotmail.com,Other,21,B.Sc,,Mechanical,3rd Year,8.88,2
Jonathan Ramirez,catherinewalker@hotmail.com,Male,20,M.Tech,,Electrical,2nd Year,9.64,1
Elizabeth Leach,dwells@martinez.com,Other,28,M.Sc,,CSE,3rd Year,7.38,2
Lori Hill,wilsonsara@hotmail.com,Male,24,B.E,,CSE,2nd Year,9.56,1
Regina Jimenez,wpatterson@hotmail.com,Male,21,B.Sc,,ECE,1st Year,8.57,2
Jennifer Torres,michaelkim@spencer-hunter.com,Female,25,Other,Film/video editor,ECE,4th Year,6.11,1
Joshua Rollins,morgan91@gmail.com,Male,21,MCA,,CSE,3rd Year,9.75,3+
Andrea Elliott,twhite@salazar.info,Female,23,M.Tech,,Civil,1st Year,8.39,
Ariel Davis,wrightcraig@yahoo.com,Female,19,BCA,,ECE,4th Year,6.4,
Frank King,philipphillips@terrell.com,Male,23,BCA,,Electrical,2nd Year,8.42,3+
Jason Robinson,stephenrivera@hotmail.com,Female,23,MCA,,Mechanical,1st Year,9.1,3+
Peter Pham,ryan79@hotmail.com,Other,20,M.Tech,,Electrical,1st Year,7.09,2
Shirley Gonzalez,wwood@yahoo.com,Other,23,Other,Ceramics designer,Electrical,1st Year,7.92,3+
Michelle Clark,millerchristopher@macias.com,Male,26,Other,"Psychotherapist, child",IT,3rd Year,9.95,3+
Heather Farmer,destinyburgess@morgan.info,Male,19,B.E,,ECE,1st Year,7.79,3+
Michelle Garcia,lambellen@rodgers-cervantes.com,Other,28,BCA,,Civil,Completed,8.07,3+
Michael Davila DVM,mcbridepatricia@hotmail.com,Other,22,B.Tech,,CSE,2nd Year,9.73,1
Richard Tran,ggregory@gmail.com,Other,22,B.Tech,,Electrical,2nd Year,7.7,2
Jeff Stephens,vmartinez@hotmail.com,Female,22,B.Tech,,Civil,4th Year,5.6,1
Diane Griffin,roberthall@valencia.com,Female,21,B.E,,ECE,4th Year,8.96,1
Aaron Mccormick,robertgraham@price-camacho.com,Female,30,MCA,,Electrical,3rd Year,5.85,3+
Rebecca Olson,weisskeith@murillo.info,Male,29,M.Tech,,Mechanical,3rd Year,5.75,
Virginia Friedman,bradleymichael@yahoo.com,Female,21,B.E,,IT,3rd Year,7.04,
Carlos Hoover,thomascarpenter@matthews.com,Female,20,BCA,,CSE,2nd Year,6.05,
Carlos Hoover,thomascarpenter@matthews.com,Female,20,BCA,,CSE,2nd Year,6.05,
Brooke White,csmith@jones.biz,Female,27,B.E,,Mechanical,1st Year,9.98,3+
James Jackson,whendrix@yahoo.com,Female,21,M.Sc,,ECE,1st Year,9.58,1
Megan Moreno,tperkins@terry-hanson.info,Other,30,B.E,,CSE,2nd Year,6.33,2
Lori Hill,wilsonsara@hotmail.com,Male,24,B.E,,CSE,2nd Year,9.56,1
Anne Flores,sherrythompson@hotmail.com,Male,18,BCA,,Electrical,2nd Year,7.2,2
Cheyenne Scott,wmurray@yahoo.com,Female,27,Other,"Production assistant, television",IT,Completed,7.01,2
Michael Sanchez,michael64@davis-hoffman.com,Female,19,B.Tech,,Civil,1st Year,9.24,3+
Amanda Fisher,charles61@yahoo.com,Other,19,M.Tech,,Electrical,2nd Year,6.84,2
Jennifer Allison,michaelbishop@hotmail.com,Other,19,M.Sc,,ECE,Completed,9.58,2
Debra Holland,meaton@hotmail.com,Male,18,B.E,,Electrical,1st Year,7.74,2
Kelly Terry,klee@vasquez-johnson.info,Female,27,BCA,,CSE,1st Year,8.05,3+
Christopher Warner,upowell@carrillo-martin.biz,Male,30,M.Sc,,Civil,4th Year,9.37,3+
Michael Smith,zfreeman@fields.org,Male,23,MCA,,Civil,Completed,7.72,
Andrew Hampton,carl06@logan.com,Other,23,M.Sc,,Civil,3rd Year,8.53,2
Megan Norman,xjordan@grant-martinez.com,Other,25,M.Tech,,Mechanical,3rd Year,9.63,2
Bethany Navarro,nicholas95@yahoo.com,Other,24,B.E,,Electrical,Completed,9.44,1
David Baker,tylerstevenson@hotmail.com,Male,30,M.Tech,,Mechanical,2nd Year,9.63,
Bruce Mayo,dstevens@gmail.com,Male,29,B.Tech,,Mechanical,3rd Year,8.5,1
Erin Clark,millerkurt@daugherty.info,Other,19,BCA,,Mechanical,3rd Year,9.84,1
Denise Smith,pdunn@yahoo.com,Other,19,B.E,,IT,1st Year,8.47,2
Anthony Reese,kevin99@anthony-berry.com,Male,25,B.E,,Electrical,4th Year,5.83,3+
Anthony Jimenez,emack@martin.com,Male,19,B.Sc,,Mechanical,4th Year,8.42,3+
Wendy Martinez,michaelnelson@cole-taylor.com,Male,22,M.Sc,,Civil,4th Year,6.99,3+
Ryan Gomez,rogergoodman@chung.com,Other,23,B.Tech,,CSE,3rd Year,8.04,3+
Matthew Howard,vancewhitney@gmail.com,Other,20,Other,"Therapist, drama",Civil,4th Year,7.53,
Amanda Carrillo,andersoncharles@hernandez-brown.net,Other,21,Other,Nature conservation officer,Electrical,Completed,9.56,3+
Mary Barnes,taylorfrancis@hotmail.com,Male,22,BCA,,CSE,3rd Year,6.47,2
Kathryn Freeman,alexanderlambert@martin.net,Other,22,M.Sc,,ECE,2nd Year,5.22,
Desiree Steele,andersonkristina@wade.biz,Other,26,M.Sc,,Mechanical,3rd Year,9.22,3+
Nicole Flowers,mdavis@craig.com,Male,20,B.Tech,,Mechanical,4th Year,7.55,2
Kenneth Hunter,wendy91@sanchez.com,Other,25,MCA,,IT,3rd Year,8.23,1
Amanda Carrillo,andersoncharles@hernandez-brown.net,Other,21,Other,Nature conservation officer,Electrical,Completed,9.56,3+
Christina Martinez,perryregina@gmail.com,Other,22,B.Sc,,Civil,1st Year,6.96,
Jennifer King,reyesjonathan@turner-wells.net,Other,28,M.Tech,,ECE,2nd Year,8.92,1
Tim James,diazjamie@hotmail.com,Other,26,Other,Learning mentor,Civil,3rd Year,8.02,3+
Elizabeth Thomas,laurajones@hotmail.com,Other,29,Other,Insurance claims handler,Electrical,3rd Year,5.79,1
Alicia Foley,kathryndavis@matthews.com,Female,23,M.Tech,,IT,1st Year,7.92,
Heidi Fisher,vincentcruz@dudley-jenkins.net,Female,23,Other,Theatre stage manager,CSE,1st Year,6.96,
Erica Brooks,kyle93@gomez.net,Other,21,B.Tech,,CSE,4th Year,8.59,3+
Wayne Marshall,patrickgriffith@boyd.com,Other,30,M.Tech,,Electrical,3rd Year,6.44,3+
Kristina Ellis,elaine26@yahoo.com,Other,18,B.E,,Electrical,1st Year,9.22,2
Daniel Lara,bryanholmes@hotmail.com,Female,24,M.Tech,,Electrical,3rd Year,7.81,
Leslie Stanley,phillipgarcia@diaz.com,Female,20,B.E,,Civil,3rd Year,8.53,
Adam Beck,elarson@owens-mitchell.com,Male,25,M.Tech,,IT,Completed,5.72,2
Chelsea Collins,thopkins@long.com,Other,25,B.Sc,,Electrical,2nd Year,5.57,3+
Charlotte Armstrong,marysilva@gmail.com,Female,25,BCA,,CSE,3rd Year,5.75,1
Mary Roberts,harrischristian@hotmail.com,Other,21,B.Sc,,Mechanical,3rd Year,8.88,2
Erin Brown,mario58@gmail.com,Female,23,B.E,,Mechanical,Completed,6.14,
Thomas Freeman,pjohnson@fisher-casey.biz,Other,18,M.Tech,,ECE,3rd Year,7.11,
Jason Carter,dereklester@hotmail.com,Female,29,M.Tech,,Mechanical,4th Year,9.65,1
Christina Martinez,perryregina@gmail.com,Other,22,B.Sc,,Civil,1st Year,6.96,
Joe Johnson,ysmith@hotmail.com,Male,20,M.Sc,,ECE,Completed,8.13,
Kristopher Gonzalez,harveynathan@kline.com,Other,25,M.Tech,,CSE,3rd Year,8.18,3+
Cathy Cox,johnsonashley@hotmail.com,Male,25,B.E,,ECE,Completed,5.13,3+
David Lane,qmartin@yahoo.com,Female,30,Other,Radio producer,Civil,Completed,6.14,2
Michael Lopez,lsaunders@yahoo.com,Other,19,M.Tech,,Civil,4th Year,6.93,3+
Deanna Martinez,dgardner@williams.info,Female,21,MCA,,Civil,3rd Year,5.7,1
Anthony Jimenez,emack@martin.com,Male,19,B.Sc,,Mechanical,4th Year,8.42,3+
Courtney Byrd MD,ellisonmarilyn@smith.com,Female,25,B.Tech,,Electrical,Completed,8.59,
Michael Lopez,lsaunders@yahoo.com,Other,19,M.Tech,,Civil,4th Year,6.93,3+
Holly Robinson,klewis@white-cruz.com,Male,25,M.Sc,,IT,3rd Year,9.13,
Shelby Mendoza,ianowens@anderson.org,Male,21,MCA,,CSE,3rd Year,7.7,1
Rebecca Olson,weisskeith@murillo.info,Male,29,M.Tech,,Mechanical,3rd Year,5.75,
Richard Wilson,zmathews@lopez.biz,Male,25,MCA,,ECE,2nd Year,7.8,2
April Brock,frios@hotmail.com,Female,23,M.Tech,,ECE,Completed,7.24,3+
Scott Contreras,sarah38@steele.net,Other,29,MCA,,Electrical,3rd Year,7.03,1
Larry Bowers,lori52@gmail.com,Other,24,M.Tech,,Electrical,4th Year,6.06,3+
Ashley Lutz,iwhite@yahoo.com,Female,24,B.Tech,,IT,2nd Year,6.8,
Troy Erickson,bromero@watson.net,Male,25,B.Tech,,Electrical,3rd Year,5.67,2
Taylor Reyes,madisonmartinez@yahoo.com,Male,29,B.E,,CSE,2nd Year,8.33,
Susan Harvey,amber30@martinez.net,Male,24,B.Sc,,Civil,1st Year,9.71,2
Vernon Ochoa,tracyjackson@gmail.com,Other,26,B.Tech,,IT,2nd Year,7.79,
Eric Jones,roycarter@gmail.com,Other,29,MCA,,Mechanical,2nd Year,8.28,1
Maria Villegas,patricia53@martin.biz,Male,19,Other,Records manager,CSE,4th Year,8.29,3+
Sandra Smith,newmancathy@gmail.com,Male,25,Other,Secretary/administrator,Civil,Completed,7.34,2
Frank King,philipphillips@terrell.com,Male,23,BCA,,Electrical,2nd Year,8.42,3+
Russell Martin,raymondreyes@gmail.com,Other,21,M.Tech,,Mechanical,2nd Year,9.83,
Erica Brooks,kyle93@gomez.net,Other,21,B.Tech,,CSE,4th Year,8.59,3+
Sheena Webb,smithconnie@gmail.com,Female,20,BCA,,Civil,1st Year,5.45,1
Carmen Owen,kaitlynwebb@baker-flowers.com,Female,25,M.Tech,,CSE,4th Year,7.83,
Omar Greer,powellashley@hill.biz,Male,21,M.Tech,,ECE,1st Year,9.55,3+
Michael Smith,zfreeman@fields.org,Male,23,MCA,,Civil,Completed,7.72,
Krista Houston,uball@gmail.com,Male,28,BCA,,IT,3rd Year,6.48,2
David Hernandez,watersjames@gmail.com,Other,22,B.Tech,,Civil,2nd Year,6.8,
Jamie Reese,jessicadickson@perez-rodriguez.com,Male,25,BCA,,Civil,1st Year,8.86,2
Philip Atkins,terry93@velazquez-dunn.com,Other,24,B.Sc,,Mechanical,2nd Year,6.12,1
Clayton Turner,victorgibbs@roberts.biz,Female,22,B.E,,CSE,1st Year,6.0,3+
Elizabeth Hunter,susanclark@reyes.com,Male,18,M.Tech,,ECE,Completed,6.17,3+
Tina Gregory,vcarter@yahoo.com,Other,22,BCA,,IT,2nd Year,8.64,
Donna Lewis,rodriguezsara@gonzalez.com,Female,27,Other,Metallurgist,Civil,3rd Year,5.84,1
Jeremy Hansen,ashleyjones@gmail.com,Female,23,B.Sc,,IT,4th Year,7.01,2
Bryan Peterson,hfrench@yahoo.com,Female,26,M.Tech,,Electrical,Completed,7.48,3+
Christopher Johnson,ostewart@hotmail.com,Female,18,MCA,,Civil,4th Year,7.79,2
Shannon Sosa,gonzalezcatherine@gomez-davis.net,Other,26,M.Sc,,Mechanical,1st Year,9.79,
Amber Yates,adriana83@yahoo.com,Female,21,MCA,,CSE,1st Year,8.79,3+
Felicia Thomas,blakeboyd@yahoo.com,Female,18,M.Tech,,CSE,1st Year,9.85,
Martin Howard,paul29@young.com,Female,29,M.Sc,,Mechanical,1st Year,6.11,
Andrew Hall,hmatthews@gmail.com,Female,19,M.Sc,,Mechanical,4th Year,5.75,
Shirley Gonzalez,wwood@yahoo.com,Other,23,Other,Ceramics designer,Electrical,1st Year,7.92,3+
Peter Pham,ryan79@hotmail.com,Other,20,M.Tech,,Electrical,1st Year,7.09,2
Roberta Davies,danielsbrett@rojas-edwards.com,Female,18,BCA,,ECE,2nd Year,8.99,
Elizabeth Smith,jamesstephanie@gmail.com,Male,25,B.Tech,,IT,3rd Year,5.03,1
Ashley Jefferson,juliamorales@williams.info,Other,27,BCA,,Electrical,2nd Year,7.17,3+
Maurice Cook,mturner@jones.com,Female,20,M.Sc,,ECE,2nd Year,6.59,3+
Michele Conway,hardychristina@gmail.com,Male,22,B.Sc,,Civil,1st Year,8.63,
Janet Thomas,michael31@gmail.com,Other,29,B.Tech,,IT,4th Year,6.02,
Melanie Miranda,rodriguezmatthew@watts-andrews.com,Male,30,Other,"Engineer, site",IT,1st Year,5.77,2
Caleb Kennedy,sanchezmary@yahoo.com,Female,29,B.E,,Electrical,Completed,8.12,2
Stephanie Schmidt,james22@yahoo.com,Male,30,B.E,,ECE,1st Year,9.43,3+
Alec Rosario,diana86@gmail.com,Other,26,M.Sc,,IT,3rd Year,8.7,1
Jacqueline Long,raymondweber@yahoo.com,Female,30,B.Tech,,Mechanical,2nd Year,8.52,
Nicholas Williams,hobbschristina@smith.org,Other,20,B.Sc,,Electrical,Completed,7.52,
Laura Keller,barbara07@schroeder.com,Male,28,Other,Customer service manager,Electrical,Completed,7.37,1
Jacqueline Briggs,mannjeremy@price.org,Other,20,M.Tech,,Civil,4th Year,9.79,2
Tyler Levy,geraldcooper@walker-rodriguez.biz,Female,28,B.Tech,,Mechanical,Completed,7.82,3+
William Dominguez,christopherthomas@pennington.net,Female,23,B.E,,IT,Completed,8.1,
Joseph Jackson,matthew76@gmail.com,Male,29,M.Sc,,CSE,3rd Year,8.14,3+
Jose Walls,aaronpeterson@shelton.com,Female,30,Other,Lobbyist,IT,4th Year,5.06,3+
Brian Martinez,ihudson@hotmail.com,Female,29,M.Tech,,Electrical,3rd Year,9.03,3+
Amber Winters,fwilliams@hotmail.com,Female,27,B.Tech,,Mechanical,3rd Year,7.72,1
Steven Tucker,thomaswood@yahoo.com,Male,27,B.E,,Civil,Completed,9.94,2
Omar Greer,powellashley@hill.biz,Male,21,M.Tech,,ECE,1st Year,9.55,3+
Teresa Le,katherine43@austin.biz,Other,26,M.Tech,,Electrical,4th Year,6.65,
Lindsay Grimes,rfranklin@nguyen.com,Other,20,B.Sc,,IT,2nd Year,9.63,2
Jason Carter,dereklester@hotmail.com,Female,29,M.Tech,,Mechanical,4th Year,9.65,1
Patricia Lewis,kristenchurch@hotmail.com,Other,19,M.Tech,,CSE,1st Year,6.41,3+
Debra Henry,cathy63@zamora.net,Male,24,B.Sc,,IT,1st Year,8.15,
Justin Rodriguez,jonathan58@yahoo.com,Male,26,MCA,,Civil,2nd Year,9.4,
Donald Jennings,sgarza@hanson.org,Male,28,B.Sc,,CSE,2nd Year,9.64,3+
Jacob Christian,ythomas@gmail.com,Female,18,M.Sc,,IT,4th Year,9.54,
Casey Nguyen,ndyer@turner-leon.com,Other,26,B.E,,Civil,1st Year,7.8,
Lee Jones,stevewilliams@pierce-kane.com,Other,25,B.Tech,,Mechanical,2nd Year,5.87,1
Thomas Chavez,jessica83@cowan-kaiser.com,Other,26,BCA,,ECE,Completed,5.49,2
Morgan Patton,cooperanna@hotmail.com,Female,26,M.Tech,,ECE,2nd Year,9.43,2
William Molina,randymedina@yahoo.com,Male,25,B.E,,Civil,4th Year,8.49,3+
Alexander Lewis,ricardoford@hotmail.com,Male,20,BCA,,Civil,2nd Year,7.2,
Gloria Lynn,sandralawrence@gmail.com,Other,21,Other,"Designer, furniture",IT,2nd Year,6.05,3+
Sharon Colon,zimmermandawn@gmail.com,Other,24,B.Sc,,CSE,3rd Year,9.84,
Cathy Cox,johnsonashley@hotmail.com,Male,25,B.E,,ECE,Completed,5.13,3+
Anne Flores,sherrythompson@hotmail.com,Male,18,BCA,,Electrical,2nd Year,7.2,2
Tony Smith,mary67@yahoo.com,Male,18,B.Sc,,CSE,Completed,8.74,1
Alyssa Oneal,xtaylor@cobb-johnson.com,Female,25,BCA,,CSE,Completed,6.56,3+
Christopher Brown,kellycampos@gmail.com,Female,20,M.Tech,,Mechanical,3rd Year,7.52,1
Kimberly Hampton,hking@sullivan.com,Other,29,BCA,,Electrical,1st Year,7.31,2
Michelle Clark,millerchristopher@macias.com,Male,26,Other,"Psychotherapist, child",IT,3rd Year,9.95,3+
Keith Payne,vyoung@white.com,Other,25,Other,Marine scientist,IT,4th Year,8.7,
Ashley Newman,ashley62@gmail.com,Male,21,Other,Higher education lecturer,ECE,3rd Year,8.73,2
Anthony Griffin,jessica36@jackson-fox.com,Other,20,BCA,,IT,1st Year,7.4,
Bryan Peterson,hfrench@yahoo.com,Female,26,M.Tech,,Electrical,Completed,7.48,3+
William Wall,johnstonsarah@yahoo.com,Female,18,B.Sc,,CSE,3rd Year,8.25,3+
Anna Baker,ricardo09@gomez.com,Female,26,M.Tech,,Mechanical,3rd Year,9.26,
Laura Pierce,jamesrussell@gmail.com,Other,23,M.Sc,,CSE,2nd Year,7.41,3+
Charles Mooney,brian43@mccormick.com,Male,29,Other,Ceramics designer,IT,2nd Year,8.18,
Jason Castillo,hutchinsonnatalie@yahoo.com,Other,25,M.Sc,,Civil,4th Year,5.0,1
Debra Henry,cathy63@zamora.net,Male,24,B.Sc,,IT,1st Year,8.15,
Timothy Rose,amandarivera@gmail.com,Female,29,MCA,,CSE,1st Year,9.96,1
Brian Hicks,medinaandrew@carter.org,Female,21,B.E,,ECE,Completed,8.81,3+
Raymond King,lindseyfrost@gmail.com,Male,27,B.Sc,,Civil,1st Year,8.84,1
Matthew Goodman,katie04@clarke-kelley.net,Other,19,B.Sc,,Mechanical,2nd Year,8.89,2
Cheyenne Scott,wmurray@yahoo.com,Female,27,Other,"Production assistant, television",IT,Completed,7.01,2
Kayla Jones,reginatucker@hotmail.com,Other,26,B.E,,Civil,Completed,7.13,1
Robert Alexander,michael88@gmail.com,Other,23,B.Sc,,Mechanical,1st Year,9.93,1
Harold Obrien,gonzalezjames@romero-flores.info,Female,25,Other,Ceramics designer,CSE,2nd Year,6.71,3+
Timothy Rose,amandarivera@gmail.com,Female,29,MCA,,CSE,1st Year,9.96,1
Deanna Richmond,danielle96@yahoo.com,Female,29,Other,Counselling psychologist,Mechanical,Completed,5.21,
Gary Ellis,haletanya@gmail.com,Other,25,MCA,,Electrical,2nd Year,7.31,
James Perkins,jasminesantos@davis.info,Male,18,B.Tech,,IT,4th Year,6.51,1
Carlos Hoover,thomascarpenter@matthews.com,Female,20,BCA,,CSE,2nd Year,6.05,
Holly Grant,mary81@yahoo.com,Other,23,B.Sc,,Mechanical,1st Year,6.9,1
David Smith,dwolfe@henderson.com,Male,22,Other,"Exhibitions officer, museum/gallery",Civil,2nd Year,5.46,
James Watson,jamesyoung@jackson.biz,Female,24,BCA,,Electrical,2nd Year,7.75,
Julie Green,jermainebrown@jones-davis.info,Other,30,Other,Chief Strategy Officer,ECE,2nd Year,7.05,
Alison Wong,ramirezcaitlin@harris-walker.com,Male,18,B.E,,Electrical,Completed,5.65,3+
Olivia Hernandez,deborah08@hotmail.com,Other,22,BCA,,Civil,2nd Year,10.0,2
David Smith,dwolfe@henderson.com,Male,22,Other,"Exhibitions officer, museum/gallery",Civil,2nd Year,5.46,
Catherine Gonzalez,ocole@moody.com,Male,21,B.Sc,,IT,4th Year,7.19,2
Micheal Mcguire,dlawson@hotmail.com,Male,29,B.E,,Civil,1st Year,6.86,3+
Dr. Linda Beck,samuellarson@williams.net,Other,29,B.Sc,,Civil,4th Year,9.2,2
Wesley Barker,rodriguezeric@hotmail.com,Male,27,M.Sc,,Civil,4th Year,5.54,3+
Kenneth Davies,nicholasmartin@gmail.com,Female,27,MCA,,ECE,Completed,6.4,1
Christine Harris,reesetimothy@blackwell.biz,Male,25,B.Sc,,Civil,2nd Year,9.15,1
Joseph Ramirez,yoderlarry@tran.com,Male,25,M.Tech,,IT,1st Year,9.03,2
Scott Grimes,sherriturner@hotmail.com,Other,20,Other,Metallurgist,CSE,2nd Year,7.51,
Ana Montgomery,mariagay@benson-ortiz.biz,Female,30,M.Sc,,IT,1st Year,7.01,1
Tina Cox,pkelly@larsen.com,Other,19,BCA,,Civil,1st Year,8.37,1
Nicole Johnson,qnewton@hotmail.com,Male,30,Other,Press sub,IT,2nd Year,7.24,
Raymond Peck,solomonpatricia@monroe.net,Male,21,MCA,,ECE,2nd Year,9.84,
Travis Jennings,smithkelly@yahoo.com,Male,29,B.E,,IT,3rd Year,5.5,
Lindsay Grimes,rfranklin@nguyen.com,Other,20,B.Sc,,IT,2nd Year,9.63,2
Scott Cole,jedwards@hansen-freeman.org,Other,24,M.Tech,,CSE,3rd Year,8.89,
Cody Miller,michaelsanchez@yahoo.com,Other,25,B.Tech,,IT,Completed,7.03,2
Anthony Mckay,nevans@todd.com,Male,23,M.Sc,,IT,2nd Year,6.26,2
Amy Brown,rachelcook@hotmail.com,Male,26,B.E,,ECE,4th Year,8.14,3+
Stephen Reynolds,phyllisnelson@smith.org,Female,28,M.Sc,,Civil,3rd Year,5.78,1
Janet Brown,omorris@moyer.info,Male,25,MCA,,IT,3rd Year,5.62,
Ashley Lutz,iwhite@yahoo.com,Female,24,B.Tech,,IT,2nd Year,6.8,
Sara Chaney,jonesjennifer@gmail.com,Female,23,M.Tech,,Civil,3rd Year,7.83,3+
Jonathan Ramirez,catherinewalker@hotmail.com,Male,20,M.Tech,,Electrical,2nd Year,9.64,1
Jay Lee,tbowman@graham.org,Male,26,B.Sc,,CSE,1st Year,7.96,2
Pamela Harrison,hallvirginia@yahoo.com,Male,29,B.E,,Mechanical,1st Year,7.98,
Savannah Howard,dphelps@yahoo.com,Female,20,B.Tech,,Mechanical,Completed,6.88,2
Donna Mcintyre,athomas@wright.org,Female,28,M.Tech,,IT,4th Year,6.75,2
Lindsay Thompson,romerogina@martinez.biz,Female,18,M.Sc,,IT,4th Year,9.6,1
Michael Parker,peterskrista@gmail.com,Other,22,B.E,,IT,3rd Year,6.46,
Jesus Morgan,jeffreybaker@gmail.com,Other,27,M.Sc,,IT,2nd Year,7.19,2
John Mack,lorettafleming@gmail.com,Male,28,M.Tech,,CSE,Completed,9.3,
Bryan King,sara20@gmail.com,Other,30,Other,Special educational needs teacher,Mechanical,2nd Year,6.47,1
Robert Bowers,urodriguez@yahoo.com,Male,22,Other,Education administrator,Mechanical,4th Year,8.97,2
Michele Wilson,meganmoreno@patterson-stevens.com,Female,29,B.E,,IT,2nd Year,9.42,3+
Richard Wilson,zmathews@lopez.biz,Male,25,MCA,,ECE,2nd Year,7.8,2
Elizabeth Leach,dwells@martinez.com,Other,28,M.Sc,,CSE,3rd Year,7.38,2
Todd Schneider,rdean@yahoo.com,Other,27,BCA,,Civil,1st Year,9.4,2
Alexander Schneider,cwheeler@gmail.com,Other,25,B.Tech,,CSE,3rd Year,7.13,
Alyssa Oneal,xtaylor@cobb-johnson.com,Female,25,BCA,,CSE,Completed,6.56,3+
Craig Daniels,allenmallory@yahoo.com,Male,22,M.Sc,,Civil,1st Year,9.72,2
Kelly Torres,kyle61@smith.com,Male,28,M.Sc,,CSE,3rd Year,8.99,2
Kevin Ho,ernestbailey@gmail.com,Male,24,M.Tech,,CSE,1st Year,7.86,2
Michelle Valdez,richardstafford@yahoo.com,Male,23,B.Sc,,ECE,4th Year,8.75,
John Mack,lorettafleming@gmail.com,Male,28,M.Tech,,CSE,Completed,9.3,
Christopher Brown,kellycampos@gmail.com,Female,20,M.Tech,,Mechanical,3rd Year,7.52,1
William Mcgee,jill58@lowery-mcdowell.net,Female,26,M.Sc,,ECE,4th Year,6.4,3+
Abigail Griffin,vanderson@rodriguez-ramirez.com,Male,30,B.Tech,,ECE,1st Year,8.98,
Brian Velazquez,vandrews@gmail.com,Male,21,M.Sc,,Mechanical,4th Year,8.08,1
Alison Wong,ramirezcaitlin@harris-walker.com,Male,18,B.E,,Electrical,Completed,5.65,3+
Amy Herrera,david13@gmail.com,Other,19,BCA,,Civil,Completed,6.16,
Mikayla Palmer,smithdiana@leach.com,Male,27,Other,"Teacher, English as a foreign language",ECE,4th Year,5.78,2
Justin Mckenzie,fritzjames@gray.com,Other,21,Other,Counselling psychologist,Civil,3rd Year,9.72,1
Tina Cox,pkelly@larsen.com,Other,19,BCA,,Civil,1st Year,8.37,1
Karen Hamilton,bfleming@kirby.com,Male,21,M.Tech,,ECE,Completed,9.14,
Taylor Ross,brian56@barber.com,Female,21,BCA,,ECE,4th Year,6.11,1
Penny Mitchell,patricksimpson@sandoval.com,Other,29,M.Sc,,Electrical,1st Year,7.46,1
Holly Price,fosterkelly@norman.biz,Other,25,B.Sc,,Mechanical,4th Year,7.1,
Jose Shaffer,mortonzachary@anderson.org,Female,23,Other,"Scientist, clinical (histocompatibility and immunogenetics)",ECE,4th Year,6.87,1
Jessica Miller,donaldmartinez@cobb.com,Male,18,Other,Dramatherapist,CSE,3rd Year,8.5,2
Jordan Miller,ckirk@gmail.com,Male,19,B.Sc,,Mechanical,4th Year,8.81,1
David Bennett,lewiscrystal@gmail.com,Female,25,M.Sc,,CSE,2nd Year,5.62,2
Anthony Mckay,nevans@todd.com,Male,23,M.Sc,,IT,2nd Year,6.26,2
Victoria Green,reneeparker@gmail.com,Female,23,M.Sc,,Civil,3rd Year,6.4,3+
Patrick Randolph,michael89@werner.biz,Other,20,M.Sc,,Mechanical,2nd Year,5.43,3+
Michael Gardner,ericgriffin@robertson.net,Other,18,M.Tech,,Civil,2nd Year,7.75,3+
Debra Shaw,connieharris@levy.com,Female,26,MCA,,ECE,2nd Year,9.85,
Antonio Garcia,petersana@gmail.com,Male,26,MCA,,ECE,Completed,5.08,2
Jennifer Glass,james72@gmail.com,Male,22,BCA,,Mechanical,4th Year,9.1,
Tammy Reynolds,adampowers@martinez.com,Male,29,BCA,,Mechanical,3rd Year,6.83,3+
Brittany Roberts,jacksonmary@odonnell-ferguson.com,Female,20,Other,Retail banker,ECE,3rd Year,9.45,
Jeffery Lane,ashley72@yahoo.com,Female,22,B.E,,Electrical,Completed,9.02,2
Christine Harris,reesetimothy@blackwell.biz,Male,25,B.Sc,,Civil,2nd Year,9.15,1
Natalie Davis,david19@yahoo.com,Male,27,B.Sc,,ECE,2nd Year,8.22,3+
Michael Martinez,edwinlee@gmail.com,Other,22,M.Sc,,CSE,Completed,9.07,3+
Joshua Morris,jacobschristopher@gmail.com,Male,21,M.Tech,,CSE,2nd Year,9.32,3+
Cynthia Santos,melissaskinner@gmail.com,Male,27,BCA,,Electrical,1st Year,6.68,2
Kathleen Vazquez,mwilson@gmail.com,Male,27,M.Tech,,ECE,2nd Year,6.01,
Donna Lewis,rodriguezsara@gonzalez.com,Female,27,Other,Metallurgist,Civil,3rd Year,5.84,1
Jeffrey Lee,rachaelmartin@kirby.com,Male,18,B.Sc,,IT,4th Year,9.23,1
James Williams,davisrichard@hotmail.com,Female,29,Other,"Engineer, communications",Mechanical,1st Year,8.99,3+
Angela Johnson,yhunt@hotmail.com,Other,28,B.Sc,,Civil,4th Year,7.93,
Brent Bennett,odixon@fields.org,Female,21,MCA,,IT,1st Year,9.42,1
Kathleen Livingston,malik81@kramer.com,Male,26,MCA,,Mechanical,4th Year,6.07,1
Brandon Grant,cynthiahernandez@gmail.com,Other,20,M.Tech,,Electrical,Completed,8.57,3+
Benjamin Stone,richardcooper@hotmail.com,Other,20,M.Tech,,Mechanical,1st Year,9.17,
Thomas Winters,lnelson@yahoo.com,Other,26,B.Sc,,Electrical,2nd Year,6.78,1
Alex Villanueva,walkerjasmine@wright.biz,Female,26,MCA,,Mechanical,1st Year,9.52,1
Heidi Fisher,vincentcruz@dudley-jenkins.net,Female,23,Other,Theatre stage manager,CSE,1st Year,6.96,
Michael Williams,unelson@hotmail.com,Male,25,MCA,,ECE,Completed,9.13,
Olivia Hernandez,deborah08@hotmail.com,Other,22,BCA,,Civil,2nd Year,10.0,2
Matthew Martinez,samanthalewis@gmail.com,Female,25,M.Sc,,Electrical,Completed,7.02,1
Morgan Patton,cooperanna@hotmail.com,Female,26,M.Tech,,ECE,2nd Year,9.43,2
Cindy Holland,houstonmary@mcdonald.com,Other,21,M.Sc,,Civil,1st Year,6.1,3+
Omar Greer,powellashley@hill.biz,Male,21,M.Tech,,ECE,1st Year,9.55,3+
Donna Wallace,tracychen@cardenas.com,Female,27,B.Tech,,CSE,4th Year,8.11,
Omar Greer,powellashley@hill.biz,Male,21,M.Tech,,ECE,1st Year,9.55,3+
Brenda Chapman,abowers@thomas.net,Other,23,MCA,,Civil,3rd Year,6.67,
Brandon Mendez,nicolaswang@yahoo.com,Male,29,BCA,,Electrical,3rd Year,7.64,1
Dylan Sutton,eugene71@hotmail.com,Male,26,M.Sc,,Civil,2nd Year,7.37,2
Brian Hicks,medinaandrew@carter.org,Female,21,B.E,,ECE,Completed,8.81,3+
Kathleen Leonard,frenchjames@yahoo.com,Other,23,B.Tech,,Mechanical,2nd Year,8.02,1
Janet Brown,omorris@moyer.info,Male,25,MCA,,IT,3rd Year,5.62,
Gloria Lynn,sandralawrence@gmail.com,Other,21,Other,"Designer, furniture",IT,2nd Year,6.05,3+
Carlos Baker,ramirezdaniel@parker-duke.com,Female,30,MCA,,Civil,1st Year,7.79,
Matthew Martinez,samanthalewis@gmail.com,Female,25,M.Sc,,Electrical,Completed,7.02,1
Debra Peterson,weaverjason@todd-rasmussen.net,Female,21,B.Tech,,Mechanical,1st Year,5.14,1
Angelica Henry,kendrapotter@maynard.com,Male,28,BCA,,ECE,4th Year,9.98,
Kristina Ellis,elaine26@yahoo.com,Other,18,B.E,,Electrical,1st Year,9.22,2
Vanessa Parker,vargasbenjamin@davis.net,Female,22,B.Tech,,IT,Completed,5.68,3+
Ryan Gomez,rogergoodman@chung.com,Other,23,B.Tech,,CSE,3rd Year,8.04,3+
Melissa Harris,greenlori@gmail.com,Female,20,B.Tech,,Mechanical,2nd Year,6.95,2
Pamela Carr,ujones@gmail.com,Other,20,BCA,,IT,Completed,5.47,
Carla Page,gilbertjoanne@davidson.com,Other,22,M.Sc,,ECE,3rd Year,7.43,3+
Robert Rocha,johnanderson@farley.com,Female,21,Other,Air broker,Electrical,Completed,8.69,1
Stephanie Becker,ksmith@gmail.com,Male,21,Other,"Accountant, chartered",CSE,2nd Year,6.56,2
Corey Salinas,xlam@bautista.com,Female,21,Other,"Research officer, political party",IT,1st Year,6.75,3+
Alexis Bush,dscott@villa.biz,Other,28,B.Tech,,IT,Completed,5.31,1
Alexandria Townsend,uprince@lopez.net,Male,19,B.Tech,,Electrical,3rd Year,9.94,1
Paul Hodge,nhall@gmail.com,Female,23,B.Tech,,ECE,4th Year,8.38,1
Anna Baker,ricardo09@gomez.com,Female,26,M.Tech,,Mechanical,3rd Year,9.26,
Jacob Christian,ythomas@gmail.com,Female,18,M.Sc,,IT,4th Year,9.54,
Maria Gill,deborahnoble@hotmail.com,Male,27,B.Tech,,Electrical,Completed,9.3,3+
Duane Reeves,sgarcia@richardson-peters.com,Male,19,M.Tech,,CSE,2nd Year,7.16,
Christian White,bowmantanya@randall.info,Male,20,B.Tech,,ECE,4th Year,8.73,
David Arellano,perryelizabeth@gmail.com,Female,26,M.Sc,,Civil,4th Year,8.27,
Jamie Avila,jennifer60@anderson-williams.info,Female,21,BCA,,Mechanical,3rd Year,8.82,2
Blake Adkins III,scottclay@yahoo.com,Other,22,B.Sc,,Mechanical,Completed,8.62,1
Bryan Peterson,hfrench@yahoo.com,Female,26,M.Tech,,Electrical,Completed,7.48,3+
William Taylor,mckenziemelissa@hotmail.com,Other,20,B.Sc,,ECE,3rd Year,5.82,
Eric Frost,larry35@gmail.com,Other,25,M.Tech,,ECE,Completed,7.4,1
Erica Crawford,williamlawson@massey-taylor.com,Male,22,B.Sc,,CSE,1st Year,9.27,1
Dr. Thomas Mckee Jr.,angelameza@guerrero-sullivan.com,Female,22,M.Tech,,Civil,3rd Year,8.19,2
Lee Jones,stevewilliams@pierce-kane.com,Other,25,B.Tech,,Mechanical,2nd Year,5.87,1
Michael Parker,peterskrista@gmail.com,Other,22,B.E,,IT,3rd Year,6.46,
Jennifer Rivera,melendezdale@gmail.com,Other,30,M.Sc,,ECE,3rd Year,6.95,
Felicia Thomas,blakeboyd@yahoo.com,Female,18,M.Tech,,CSE,1st Year,9.85,
Michael Rodriguez,mwise@hotmail.com,Male,29,B.Sc,,Electrical,1st Year,5.47,1
Justin Humphrey,zdavis@newton.com,Male,24,Other,Seismic interpreter,CSE,4th Year,6.45,
Veronica Stephens,icastro@fisher.biz,Other,20,B.E,,Civil,4th Year,9.32,1
Roberta Davies,danielsbrett@rojas-edwards.com,Female,18,BCA,,ECE,2nd Year,8.99,
Patrick Chambers,pbowen@lee-olson.com,Other,28,B.E,,Civil,3rd Year,7.32,2
Stephanie Becker,ksmith@gmail.com,Male,21,Other,"Accountant, chartered",CSE,2nd Year,6.56,2
Lee Jones,stevewilliams@pierce-kane.com,Other,25,B.Tech,,Mechanical,2nd Year,5.87,1
Rachel Gomez,brandon01@gmail.com,Other,21,B.E,,IT,4th Year,5.48,2
Philip Atkins,terry93@velazquez-dunn.com,Other,24,B.Sc,,Mechanical,2nd Year,6.12,1
Theresa Simpson,samuelmoore@jenkins.net,Female,22,B.E,,CSE,Completed,8.71,2
Jennifer Glass,james72@gmail.com,Male,22,BCA,,Mechanical,4th Year,9.1,
Shannon Garcia,melissapratt@murillo.info,Male,20,B.Tech,,CSE,2nd Year,9.96,
Elizabeth Thomas,doyleanthony@gilbert.com,Female,23,B.Sc,,ECE,2nd Year,8.93,2
Richard Gutierrez,calebsmith@hotmail.com,Other,23,M.Tech,,Civil,1st Year,9.99,
Rachel Gomez,brandon01@gmail.com,Other,21,B.E,,IT,4th Year,5.48,2
Elizabeth Arnold,nrice@woods-morris.info,Female,30,B.Tech,,IT,3rd Year,6.15,
Samantha Brown,zachary37@hotmail.com,Other,26,BCA,,CSE,2nd Year,6.92,2
Amy Moreno,georgealvarez@krause.biz,Female,26,MCA,,IT,4th Year,6.22,2
Michael Mccall,cheryl93@reynolds.com,Other,22,Other,Chief Operating Officer,Civil,1st Year,8.98,3+
Jessica Cummings,erinhoward@cook.com,Female,21,B.E,,Electrical,4th Year,5.4,3+
Michael Smith,zfreeman@fields.org,Male,23,MCA,,Civil,Completed,7.72,
Thomas Donovan,wgill@yahoo.com,Male,22,B.Sc,,Electrical,Completed,8.43,
James Olson,erin30@barrera-guzman.net,Male,21,B.E,,Mechanical,Completed,8.89,3+
Melanie Miranda,rodriguezmatthew@watts-andrews.com,Male,30,Other,"Engineer, site",IT,1st Year,5.77,2
Stephanie Schmidt,lynchamanda@clark.com,Other,26,M.Sc,,Electrical,2nd Year,8.85,
Cynthia Parker,pattongary@kelly.com,Female,25,B.E,,Mechanical,1st Year,8.59,3+
Katherine Sanchez,vdecker@hotmail.com,Other,24,M.Sc,,IT,4th Year,8.16,3+
Troy Merritt,nguyenjoshua@hotmail.com,Other,27,Other,Jewellery designer,Electrical,2nd Year,8.92,
Brandon Murphy,emily00@yahoo.com,Male,24,M.Tech,,Civil,Completed,9.03,1
Adam Sutton,mark42@stevens.com,Male,23,B.E,,Mechanical,4th Year,8.89,1
Tina Tucker,zwhite@yahoo.com,Female,18,BCA,,CSE,Completed,7.4,2
Nancy Gillespie,john47@allen-santana.info,Female,20,Other,"Surveyor, building",Civil,3rd Year,8.67,
Dr. Jessica Rivera PhD,tracy39@hotmail.com,Female,29,M.Tech,,ECE,Completed,9.41,3+
Dr. Linda Beck,samuellarson@williams.net,Other,29,B.Sc,,Civil,4th Year,9.2,2
Dawn Lawrence,malikunderwood@yahoo.com,Male,20,MCA,,ECE,Completed,7.45,3+
Troy Jimenez,ashley17@myers.com,Other,21,Other,Psychiatrist,CSE,Completed,6.48,3+
Jordan Miller,ckirk@gmail.com,Male,19,B.Sc,,Mechanical,4th Year,8.81,1
Susan Le,ojackson@smith.com,Other,26,B.Tech,,Mechanical,2nd Year,8.27,1
Theresa Simpson,samuelmoore@jenkins.net,Female,22,B.E,,CSE,Completed,8.71,2
Troy Erickson,bromero@watson.net,Male,25,B.Tech,,Electrical,3rd Year,5.67,2
Megan Norman,xjordan@grant-martinez.com,Other,25,M.Tech,,Mechanical,3rd Year,9.63,2
Edward Smith,kelsey08@gmail.com,Female,25,B.E,,Electrical,1st Year,9.8,2
Rebecca Martinez,jessicahill@stephens-lara.com,Male,30,B.E,,ECE,4th Year,6.87,1
Francisco Williams,wwright@yahoo.com,Other,25,MCA,,IT,1st Year,7.63,2
Glenn Smith,danny66@yahoo.com,Other,29,M.Tech,,ECE,Completed,9.99,1
Scott Phillips,jennifer69@gmail.com,Other,19,M.Sc,,Civil,2nd Year,5.17,
Shelby Mendoza,ianowens@anderson.org,Male,21,MCA,,CSE,3rd Year,7.7,1
Dawn Kim,brendastewart@yahoo.com,Other,24,M.Tech,,Electrical,2nd Year,9.84,2
Dr. Chelsea Rodriguez,villanuevamatthew@levy-lawson.com,Female,28,MCA,,Electrical,1st Year,7.23,2
Jacqueline Briggs,mannjeremy@price.org,Other,20,M.Tech,,Civil,4th Year,9.79,2
Chris Myers,donna53@hotmail.com,Female,30,B.Tech,,CSE,4th Year,5.32,
David Johnson,kmullen@gmail.com,Female,25,M.Tech,,IT,1st Year,5.62,
Alexander Booker,njackson@hotmail.com,Female,28,BCA,,IT,3rd Year,7.55,3+
Adrian Hunt,mortonandrew@wallace-coleman.org,Other,30,M.Tech,,ECE,4th Year,7.27,3+
Jason Franklin,matthew80@mendoza.com,Other,21,B.E,,Mechanical,3rd Year,7.34,2
Shawn Wiggins,shannon66@yahoo.com,Male,28,B.Sc,,ECE,2nd Year,8.12,
Benjamin Fernandez,tsmith@turner-greer.com,Female,26,B.Tech,,ECE,1st Year,6.71,
Bobby Choi,allisonwilson@sosa.org,Other,24,M.Tech,,IT,3rd Year,6.68,
